Rank,TeamId,TeamName,LastSubmissionDate,Score,SubmissionCount,TeamMemberUserNames
1,16364346,cstl,2026-08-15 23:31:07,2.70,26,"gatamaz,tehnar"
2,16384837,Daniel Franzen,2026-08-15 08:41:35,2.58,42,dfranzen
3,15792174,Fufront-RyanX-AGI-Team,2026-08-15 15:39:25,2.25,47,ryanxatlasai
4,16438894,Nikita Sorokin,2026-08-14 19:30:46,2.10,6,nikitasorokin
5,15488719,Yusaku Muroya,2026-08-15 02:36:59,1.98,71,ymuroya47
6,15490570,aRc (binary relation),2026-08-15 18:14:55,1.91,24,"alisalmanrana,kimura0415,sumirinn,ultsaza"
7,16617501,AbeLincoln1865,2026-08-15 00:22:10,1.90,7,abelincoln1865
8,16679890,Ryan #3,2026-08-16 00:30:44,1.88,7,explcre
9,16081764,YUTO KOJIMA,2026-08-16 00:00:43,1.86,70,kojimatech
10,15916756,MLRush,2026-08-16 00:14:28,1.75,50,mlrush
11,16557922,Andy liu,2026-08-03 12:09:06,1.69,7,"codinggodandyliu,ichuqinggaove"
12,16371045,Lord Han Solo,2026-08-15 03:52:56,1.65,33,lordhansolo
13,16407743,Yasser Othman,2026-08-15 09:12:40,1.65,46,yasserothman
14,16680829,BambooCopter Analytics,2026-08-15 02:15:18,1.64,6,"cky666,kilin173,oliverwp,paradox23,ronglinlu"
15,15735428,GeniusYY,2026-08-15 00:03:12,1.64,48,alexyy
16,15491239,Tara Labs,2026-08-16 00:02:57,1.63,5,theunforgiven7
17,15783669,I forgot the name..,2026-08-15 07:01:45,1.62,66,"aikyatansinha,baidalinadilzhan,ignatgotin,kindasomethin,ngusadeep,vamshikrishnaemmadi,zoli800"
18,16551828,Marseilles Bogano,2026-08-16 00:38:14,1.62,26,marboga
19,15486995,Tufa Labs,2026-08-15 19:47:39,1.62,108,"dlorah,driessmit1,infinitecreativity,jeroencottaar,pressman1,stefano1283"
20,15531704,Matija Ludvig ,2026-08-16 00:05:24,1.62,10,matijaludvig
21,16406081,Tecnod8.AI,2026-08-15 03:23:48,1.61,54,"aksharthegamer,ravinderonkaggle"
22,15504856,FOYSAL,2026-08-15 09:06:43,1.61,86,foysalemonshanto
23,15494354,Van-Phuc Huynh,2026-08-16 00:43:40,1.61,73,hvanphucs112
24,16025402,Helmut AGI,2026-08-15 05:03:53,1.61,58,"antonijankowski123,jakobbrggen,nightmareblocks"
25,15632507,DhanaLakshmiMalla,2026-08-15 19:31:19,1.60,27,dhanalakshmimalla
26,15948639,Akhilesh godugu,2026-08-15 00:37:23,1.59,24,akhileshgodugu
27,15587108,Jack Cole,2026-08-16 00:50:34,1.59,96,jcole75
28,15814821,Biubiu,2026-08-15 13:44:02,1.58,43,jianthuang
29,15622956,ippeiogawa,2026-08-15 15:54:15,1.58,57,ippeiogawa
30,16609469,Nkosi Ndwandwe,2026-08-16 00:01:29,1.58,19,nkosindwandwe
31,16475496,Yuchen20,2026-08-14 23:16:42,1.58,32,yuchen2066
32,15494569,kglctf,2026-08-15 08:15:48,1.57,59,kglctf
33,15488219,Mathurin Ache,2026-08-15 09:08:38,1.56,100,mathurinache
34,16032510,anngle,2026-07-25 04:14:21,1.56,12,anngle
35,15609417,NoOneAhead,2026-08-15 09:52:01,1.56,57,jerrlu
36,16644331,zhen931,2026-08-16 00:03:15,1.55,13,zhen931
37,15525358,paul,2026-08-15 12:05:17,1.54,59,paulvvv
38,15590762,"Seok, Jeongeum",2026-08-15 02:14:52,1.54,107,seokjeongeum
39,16723040,Xuan,2026-08-14 23:24:36,1.52,1,xuanyangge
40,16487108,aarrcc,2026-08-15 09:17:18,1.52,16,aarrcc
41,15653548,The AGI Boys,2026-08-14 07:01:52,1.51,37,"johnjanson,naladwepo,romanrozen,romantamrazov"
42,15634702,Sim,2026-08-15 00:44:07,1.51,56,simosc
43,15605182,Logical Arbitrage,2026-08-15 21:53:37,1.50,19,"markbarney,sonphamorg"
44,16487086,goalllll,2026-08-14 18:00:44,1.50,15,goalllll
45,15520570,Whatever it takes...,2026-08-15 08:04:11,1.50,97,"dineshkumar0705,kesavan2006"
46,15486658,wwwwzz,2026-08-15 09:15:17,1.50,34,wwwwzz
47,16548313,Scott Le Grand,2026-08-15 13:56:30,1.50,21,scottlegrand
48,15493226,amosokello451,2026-08-15 20:06:23,1.50,32,amosokello451
49,15491313,Mohammad Saadati,2026-08-14 08:51:13,1.50,123,mohammadsaadati
50,15486823,Souhardya,2026-08-15 22:29:22,1.49,5,souhardyatalukdar
51,16508241,Yan Zhang,2026-08-16 00:10:11,1.49,34,yanzhang3255
52,15513629,Pragnyan Ramtha,2026-08-15 16:55:35,1.49,10,pragnyanramtha
53,16513314,Artificial General illusion,2026-07-29 13:09:29,1.49,8,vansher
54,16148668,Sean Jones,2026-08-15 22:43:28,1.48,26,seanjones444
55,15596749,hiranorm,2026-08-16 05:58:48,1.48,46,hiranorm
56,16544373,Nilesh Sarkar,2026-08-04 12:57:15,1.47,2,nileshsarkarra
57,15564514,暗黑AGI,2026-08-15 16:18:12,1.47,31,boristown
58,16680350,FinalSunFlower,2026-08-16 00:07:21,1.47,10,finalsunflower
59,15493080,lingyu07,2026-08-14 03:02:35,1.47,25,lingyu07
60,15496021,hongan,2026-08-15 22:17:53,1.47,9,honganzhu
61,16650515,Ya Xu,2026-08-15 07:04:07,1.47,12,ataraxian
62,15572627,Arunodhayan,2026-08-15 17:20:22,1.46,46,arunodhayan
63,16272388,shineef,2026-08-15 21:42:05,1.46,25,squaree
64,16246219,Tara Labs-speedsci,2026-08-15 04:34:11,1.46,31,caoyupeng
65,15891143,Pathik Patel,2026-08-08 03:39:59,1.46,69,pathik1511
66,16421943,Kochi Loki,2026-08-15 01:50:53,1.46,37,"satadruhalder,soumyacryptic"
67,16576456,Monibee Fudgekins,2026-08-16 00:00:04,1.45,11,monibeefudgekins
68,16498846,common-people-whereIsMyFuckingPrize,2026-08-11 08:04:47,1.45,2,aizealotwu
69,15931617,Alex A Zander,2026-08-15 11:55:56,1.44,44,alexazander
70,15488665,Lonnie,2026-08-13 06:49:53,1.44,94,lonnieqin
71,16410614,Amil Gentili,2026-07-30 03:21:25,1.44,24,agentili
72,16475658,Extremis,2026-08-15 18:37:03,1.44,28,gameryoulose
73,15510081,Tshithihi,2026-07-03 03:54:59,1.44,22,nawfeelrahman1124444
74,15486672,20252022_WoochangSim,2026-08-16 00:00:09,1.43,36,woochangsim
75,15570368,Liang Wan Yiu David ,2026-08-15 00:05:23,1.43,6,liangwanyiudavid
76,16441614,AGI Not Found,2026-07-19 17:26:29,1.43,13,"angran,kaixuanosmas"
77,15504888,aira666,2026-08-11 05:00:56,1.42,5,aira666
78,16530607,SCU_12603231,2026-08-11 09:04:24,1.42,14,ljs2546
79,16600201,Edward Koh,2026-08-14 14:25:57,1.42,19,edwardwkoh
80,15486850,ömer kiraz,2026-08-13 12:29:37,1.42,16,merkiraz
81,15741726,Data Dreamers,2026-08-15 03:35:26,1.42,24,"ishiyamamasaharu,mabo1141,monaka12,rionakamura10,yoshioka0209"
82,15658295,Nazura Wirayuda Tama,2026-08-14 13:57:45,1.42,75,nazurawirayudatama
83,15632547,Malla,2026-08-15 19:35:21,1.42,27,mallaphalguni
84,15615054,OzanM.,2026-08-15 05:09:17,1.41,86,analyticaobscura
85,15505443,Trideca,2026-08-15 02:03:22,1.41,32,"ckguswn,kilhwanmoon"
86,16432008,AAAAAtjc,2026-08-15 09:16:19,1.41,21,aaaaatjc
87,15488704,Natapong Nitarach (Schwyter),2026-08-15 12:21:27,1.41,63,natnitarach
88,16561834,gamesu7107,2026-08-15 00:01:41,1.40,27,gamesu7107
89,15492192,J8J,2026-08-09 00:01:04,1.40,9,sundong
90,16256565,Mustang Liu,2026-08-15 16:32:08,1.40,30,mustangliu
91,15509227,Kunal Aarse,2026-08-13 09:52:16,1.40,22,kunalinfinite
92,16288068,AkiraIshikawa,2026-08-15 22:38:41,1.40,21,akiraishikawa
93,16694974,emi,2026-08-13 16:39:00,1.40,1,emigor
94,15495420,tf,2026-07-19 14:43:32,1.40,69,tfukuhara
95,15553406,Ravi's Agi,2026-08-15 07:13:19,1.39,39,ravi123a321at
96,15906822,Akhil Tolani,2026-08-15 09:37:36,1.39,68,saltb0x
97,16245600,Tom DiFiore,2026-08-15 15:30:54,1.39,22,tomdifiore
98,16585831,Muhammad Imran,2026-08-15 06:05:13,1.39,19,muhammadimranchitral
99,15492338,Creator,2026-08-15 18:23:20,1.39,12,dev4585
100,15486752,PRASHANT SHUKLA91,2026-08-11 18:18:14,1.38,50,prashantshukla91
101,16158038,Rokaiya Somapti,2026-08-15 09:08:53,1.38,64,rokaiyasomapti
102,15508135,Nabid Nur,2026-08-15 09:39:14,1.38,93,"koushikrudra,nabidnur"
103,15720825,Leonid Stepanov,2026-08-16 00:45:19,1.38,96,lestep
104,15602717,luckyappley,2026-08-07 13:58:24,1.38,6,"luckyappley,yemaoye"
105,15486675,Reminder:AGI ≠ Acing Benchmark,2026-08-14 23:51:47,1.37,65,nihilisticneuralnet
106,15497430,Kumar Abhijeet,2026-07-29 23:20:06,1.37,25,krabhijeet
107,15494968,Surya milenial,2026-08-15 12:01:39,1.37,70,suryamilenial
108,16428239,Gopsy,2026-08-12 03:31:55,1.37,8,anhsirk
109,16406091,Chiekh ALLOUL,2026-08-14 05:14:05,1.36,27,chiekhalloul
110,16569113,Tanaka Ai24,2026-08-15 04:59:43,1.35,10,tanakaai24
111,15487426,Pavel Pavlov,2026-07-24 06:55:01,1.35,13,akakii
112,15580880,MANAS NARKAR,2026-08-15 13:08:55,1.35,12,manasnarkar
113,15522677,Junhua Yang,2026-08-15 04:14:39,1.35,136,junhuay
114,15633995,Sébastien henry,2026-08-16 00:20:05,1.35,42,sebmontreal
115,15951001,stephenn,2026-08-14 06:12:58,1.35,22,stephennedumpally
116,15494498,Gultekin Gunduz,2026-08-15 09:18:22,1.35,24,gggggggggggggggg
117,16514079,geodesic,2026-08-12 09:00:14,1.35,10,kermityoung
118,16696653,VZ,2026-08-16 00:02:14,1.35,4,"venkateshtata1997,zohrabouchamaoui"
119,15574185,AGIIGA,2026-08-15 15:45:43,1.35,24,agiiga
120,16611645,FUMIAKI,2026-08-14 17:51:56,1.34,17,fumiakiohno
121,15496730,Rahul Ray,2026-08-16 00:02:12,1.34,32,rray646
122,16598913,woguoat,2026-08-15 01:14:42,1.34,16,woguoat
123,16505869,blatant warrior,2026-08-09 19:25:38,1.34,5,blatantwarrior
124,15510458,put me in harness,2026-08-15 05:00:51,1.34,42,zabojeb
125,16045343,Peter,2026-08-06 20:05:21,1.34,32,vaphab
126,16483544,zentropy,2026-08-16 00:20:05,1.33,44,jessky
127,15652896,Samrish B,2026-08-12 15:51:41,1.33,37,"samrishb,vignesh22609"
128,16040819,Munshi-PremChand,2026-08-15 09:10:37,1.33,20,munshipremchand
129,15488353,today,2026-08-15 14:54:54,1.33,141,today55
130,15503635,Canivel,2026-08-16 00:07:11,1.33,112,canivel
131,15770660,Jason Feng,2026-08-16 00:09:42,1.33,48,iamjasonfeng
132,16415350,Ryo,2026-08-15 07:16:17,1.33,35,ryosukekurakami
133,15906643,KRATS LU,2026-08-15 02:32:48,1.32,50,kratslu
134,15529375,Felix S.,2026-07-07 11:40:30,1.32,39,pylixx
135,16456142,Sypher_S,2026-08-02 07:10:19,1.32,1,syphers
136,15518436,Kevin E R MILLE,2026-08-12 15:18:32,1.32,56,kevinermille
137,15486816,KineticArc (Marc and Scott),2026-08-10 13:41:02,1.32,89,"marcshade,scottlaughlin"
138,16498541,Sous Lab,2026-08-15 00:20:49,1.32,25,basi1man
139,15488264,sanyul,2026-07-12 23:21:26,1.32,23,sanyul
140,16551138,Ethan Lee,2026-08-15 14:46:45,1.32,7,ethanlee43
141,15487398,Kerem çelik,2026-08-11 04:19:03,1.31,6,keremelik
142,16542443,LG,2026-08-15 02:19:50,1.31,3,"lokeshjasrotia,vengatagirig"
143,15660740,Ahmet Pamuk,2026-07-20 20:31:27,1.31,3,ahmeterdempamuk
144,16598387,Ahmad Daffa Abiyyu,2026-08-16 00:26:14,1.31,22,ahmaddaffaabiyyu
145,16352058,Gavedu Ai,2026-08-08 07:19:16,1.31,33,verise6211
146,16718390,SangJinJung,2026-08-15 01:11:34,1.31,2,sangjinjung
147,15505799,Hao Yu,2026-08-15 01:46:32,1.31,7,ocensis
148,16635343,Aurora wy,2026-08-05 03:22:15,1.31,1,aurorawy
149,15487598,CCT,2026-07-11 09:38:58,1.30,56,chuhanwu86
150,15510098,ThomasG,2026-08-16 00:31:21,1.30,107,thomasgamet
151,16330351,Ahmed Mobasher,2026-08-15 00:11:06,1.30,49,ahmedmobasher86
152,15540551,szs,2026-07-19 17:35:37,1.30,17,runshengyu
153,16557729,yasu,2026-08-16 00:02:16,1.30,28,yasutakababa
154,15991395,Samyakraj Bayar,2026-08-08 08:46:39,1.30,52,samyakrajbayar
155,16390087,JohnLussier,2026-08-15 00:17:19,1.30,24,johnlussier
156,16289337,1104,2026-08-04 12:42:08,1.30,15,"emojilin,qianjunggg"
157,15975062,Cloud,2026-08-15 14:56:55,1.30,14,weijiezhoooou
158,15492005,Emre Cirak,2026-08-14 14:59:44,1.30,58,biohack44
159,16292719,Pierre Baume,2026-08-15 06:07:46,1.29,35,pierreb4
160,15562422,OceanVenue,2026-08-15 00:09:03,1.29,57,"benhaslam,guilhermeferraribr"
161,16572745,yw8837,2026-08-11 10:37:55,1.29,15,yw8837
162,15488127,Kirderf,2026-08-14 13:23:47,1.29,22,kirderf
163,16514482,jkatdare,2026-08-15 22:38:19,1.29,24,jkatdare
164,15546305,Zoe Wang,2026-08-15 04:34:37,1.29,20,"chonghuan718,zoeywaang"
165,16096640,Hiểu Vy,2026-08-11 10:00:26,1.29,37,thangnm1
166,15504769,CHRONOS,2026-07-18 15:08:17,1.29,69,"kevinrussell83,projectforty2"
167,15524067,Patrick Chan,2026-08-14 16:43:34,1.29,27,drpatrickchan
168,15538056,Abdulmuiz Abdullateef,2026-07-22 08:44:18,1.28,13,capthwi
169,15487391,Bright O.H.,2026-08-15 18:47:03,1.28,66,brightoh
170,16706087,rellik13,2026-08-15 19:11:30,1.28,4,sirikilohit
171,15497811,Nick2187,2026-08-16 00:56:22,1.28,37,nick2187
172,15657807,Chew Kok Wah,2026-08-15 23:54:38,1.28,72,chewkokwahibrainai
173,16430198,Beyond Good and Eval,2026-08-15 11:28:11,1.28,26,"alancai27,thtennant"
174,15724943,Nuno Ferreira,2026-08-11 19:10:54,1.28,45,ngcferreira
175,15503849,Hu Xingyu,2026-07-22 03:43:54,1.28,24,huxingyu
176,16650762,Toprak Gundogdu,2026-08-07 00:03:46,1.28,3,toprakg
177,15513178,Akagha Chimgozirim,2026-08-15 12:54:55,1.28,86,chiakazirim
178,16579154,ych~sun,2026-08-15 09:07:19,1.27,15,ychsun
179,16497826,maxingkong733,2026-08-14 01:21:04,1.27,13,maxingkong733
180,15703722,Ishan Bhargava,2026-08-15 11:10:08,1.27,32,ishanbhargava19
181,15488945,Changyuan Zhou,2026-08-14 00:03:56,1.27,33,changyuanzhou
182,16623996,sawada,2026-08-15 00:19:30,1.27,16,sawada
183,15612343,PabloTBA,2026-08-16 00:04:01,1.27,18,pablotba
184,16715802,ShoaibSSM,2026-08-14 06:49:09,1.27,2,shoaibssm
185,16499667,EFZsj2804,2026-08-15 08:39:34,1.27,28,"geoffreygyh2416,programmerbillma"
186,16571567,spbforce,2026-08-15 21:40:24,1.27,7,spbforce
187,15495286,Yusuraume,2026-08-13 04:55:06,1.26,114,sugitatomohiko
188,16127529,Cam-Luan Truong,2026-08-12 06:42:43,1.26,2,luantruong
189,15906367,Silhouette,2026-08-15 00:44:57,1.26,37,jamessargsyan
190,15488124,Breno & Sebastian,2026-08-13 17:08:50,1.26,43,"brenorb,sebastianmateus"
191,15504466,Grigoryan Sergey,2026-08-15 15:08:47,1.26,34,hertryggr
192,16543772,Avyaay Rathi,2026-08-10 03:38:16,1.26,25,"arjuntaware,avyaayrathi"
193,15489752,TREX99,2026-07-13 00:28:40,1.26,30,trex99
194,16439788,Dawid Kopiczko,2026-08-15 00:00:38,1.26,30,dawkopi
195,16120017,uesi,2026-07-30 11:45:27,1.26,5,uemura687
196,15594093,yuki matsumori,2026-07-09 01:52:46,1.26,16,yukimatsumori
197,15508513,keithtyser,2026-08-13 02:33:47,1.26,58,keithtyser
198,16328245,ola sadek,2026-08-15 02:41:50,1.26,23,olasadek
199,16420933,Yuya Miyanogawa,2026-08-15 12:10:11,1.26,46,veritalogos
200,15501790,CuteClaw,2026-08-16 00:37:13,1.25,68,bloodmoonwq
201,15487354,auxentr,2026-08-15 16:54:06,1.25,19,iseesmth
202,16460810,Nithin Kumar R C ,2026-08-11 16:37:53,1.25,27,nithinkumarrc
203,16556635,Vishvesh Bhat,2026-08-09 15:52:46,1.25,1,vishveshbhat
204,16407310,Mark Cooper,2026-08-01 00:01:05,1.25,36,markjcooper
205,16459830,Giovanny Rodríguez,2026-08-08 03:07:32,1.25,4,giovannyrodrguez
206,16586230,Optimal Prime,2026-07-27 18:29:34,1.25,2,caelix
207,15985912,Mr_Ralphie,2026-08-13 00:05:04,1.25,70,mrralphie
208,15632509,MJVinay,2026-08-15 12:07:39,1.25,36,mallajayanthvinay
209,15975358,Joanna C.,2026-07-13 00:41:25,1.25,10,joannaciesielski
210,15887660,wuhjie,2026-08-15 18:18:57,1.25,25,hongjiewu
211,16449629,Stefan Henß,2026-07-11 06:07:20,1.24,5,shenss
212,16061004,cocoaAI,2026-08-16 00:32:07,1.24,26,cocoaai
213,15487205,Error_1249x,2026-08-15 09:30:19,1.24,9,error1249x
214,16665002,APEX LABS,2026-08-12 15:04:24,1.24,6,niswanth
215,15531604,panda__MB__maximus,2026-08-09 13:10:18,1.24,15,tanishmohokar09
216,15595428,Ernie,2026-08-15 14:38:12,1.24,74,ernie55ernie
217,15490333,Hellboy,2026-08-15 16:02:51,1.24,4,helmirinaldi
218,15505632,rkd,2026-08-15 10:04:18,1.24,24,ryookd
219,16625560,Vishvesh Bhat #2,2026-08-10 00:40:00,1.24,3,vishbhat8
220,16424787,lgqfhwy,2026-08-16 00:05:46,1.24,32,lgqfhwy
221,16556973,Animesh Kumar,2026-08-08 06:32:01,1.24,18,animeshkumar187
222,15751479,tantan,2026-08-15 00:07:11,1.23,18,tantan0327
223,16461501,Ashutosh Agarwal,2026-07-04 18:19:36,1.23,5,ashutoshagarwal088
224,15564509,Shubham Sahu2003,2026-07-15 16:13:14,1.23,39,shubhamsahu2003
225,15491318,@🤞@,2026-07-24 13:20:50,1.23,22,anglolodorf
226,16495269,Navid Nur,2026-08-13 12:19:15,1.23,11,navidnur
227,16486019,Shivangoudaa,2026-08-15 09:43:14,1.23,18,ishivapatil
228,15488774,Kenleung Leung,2026-08-15 21:32:45,1.23,86,kenleungleung
229,16052968,Alex Frazier,2026-07-08 17:52:16,1.23,11,alexfraze
230,16661300,Guru Prasaath S,2026-08-15 19:46:47,1.23,3,guruprasaathas111
231,16296124,Tatu Helander,2026-08-16 00:09:39,1.23,62,tatuhelander
232,15731749,Dr_F,2026-08-14 04:21:32,1.23,67,algebraictopology
233,15653856,RanJeet Gupta,2026-08-04 09:03:40,1.22,1,ranjeet258
234,16676700,Akira Imae,2026-08-16 00:14:16,1.22,8,imaeakira
235,16641385,Jadiel,2026-08-15 00:11:13,1.22,14,jadielam
236,16517844,AAElter,2026-07-28 05:59:43,1.22,4,aaelter
237,16700886,wjd Andy,2026-08-14 06:29:17,1.22,3,wjdandy
238,15641805,TakamaruEX,2026-08-16 00:08:08,1.22,29,takamaruex
239,15708911,Xiaokai Cui,2026-07-25 17:43:23,1.22,9,xiaokaicui2008
240,16481200,AdamJonesJohnson,2026-07-27 00:14:56,1.22,21,adamjonesjohnson
241,16283372,TWEAK,2026-08-16 00:23:23,1.22,20,tweakai
242,16386864,Fahmi Azrhil,2026-08-12 18:22:00,1.22,8,fahmiazrhil
243,16260834,Hack2Publish,2026-07-29 19:36:27,1.22,14,"esfersami50,hosen42,raihanrt,tarekrahman82"
244,15518924,Team AIRIS,2026-08-15 12:00:18,1.22,141,"aadigupta1601,aadigupta7686,krno1legend,poby7722,uradkr"
245,16430872,Reyhan Ksatria,2026-08-12 05:50:37,1.22,4,reyhanksatria
246,16656755,Vanya Cherepukhin,2026-08-15 17:13:28,1.22,9,vanyacherepukhin
247,15491637,Tony Y.,2026-08-15 10:46:50,1.22,106,tonyyy
248,16710500,sukeke,2026-08-15 00:05:12,1.22,4,sukeke
249,15597873,iheng88,2026-08-15 10:17:03,1.21,10,iheng88
250,15491563,dynamic24,2026-08-15 01:12:52,1.21,105,dynamic24
251,15531007,alfaraco,2026-08-14 16:33:13,1.21,90,alfaraco12
252,16503424,wangzhang wu,2026-07-13 00:04:48,1.21,5,wangzhangwu
253,15567149,Vinit,2026-08-15 14:47:16,1.21,26,ryotsuu
254,15647114,Penguin,2026-08-15 11:46:21,1.21,112,penguin069
255,16492019,HuaLQin,2026-08-07 00:41:20,1.21,21,hualqin
256,16439181,sunnyraj,2026-08-15 01:28:39,1.21,13,sunnyraj10411
257,15494539,Snow,2026-08-14 09:53:32,1.21,56,tasniemnasser
258,15499728,Nikita Makarov,2026-08-15 19:13:19,1.21,4,nikimakarov
259,15494997,yuki16,2026-08-11 08:50:12,1.21,25,yuki16
260,16634992,manas joshi,2026-08-14 15:29:38,1.21,5,justforgags
261,15910208,Dr Chandrasen Pandey,2026-08-13 06:46:58,1.21,35,devchandra
262,16701696,Rikito Kanda,2026-08-12 00:27:36,1.21,3,rikitokanda
263,15760141,Abhijay Gupta,2026-08-04 02:02:09,1.21,2,bobrg123
264,16455981,Jay Gautam,2026-08-05 14:01:58,1.21,21,jaygautam007
265,16674808,HongchenDai,2026-08-15 15:08:22,1.21,6,hongchendai
266,16302369,Ke-Xu-2026,2026-08-09 16:05:41,1.21,23,kexu2026
267,16025506,Bitterbot,2026-08-13 01:12:41,1.21,14,"douglasfinlay,victormgil"
268,16245172,Shannan,2026-07-18 12:54:27,1.21,4,shannanl
269,16387065,lihaoling,2026-08-02 12:18:26,1.20,24,lihaoling
270,16461288,Jay Scambler,2026-08-15 23:09:20,1.20,15,jayscambler
271,16591722,hongqian miao,2026-08-06 06:37:26,1.20,3,hongqianmiao
272,15495351,icezzzz,2026-07-29 14:33:15,1.20,28,icezzzz
273,15573979,cihan atak,2026-08-09 08:14:27,1.20,43,cihanatak
274,16491207,KAIWALYA RAUT,2026-08-06 13:53:36,1.20,3,kaiwalyaatulraut
275,16652828,ali nebi dal,2026-08-13 11:51:05,1.20,6,alinebidal
276,16701876,zelin zhao,2026-08-15 04:19:34,1.20,6,cuhkzelin
277,16554415,Sai Abhishek,2026-08-12 15:37:50,1.20,16,saiabhishek14
278,15631128,Kerolos Romans,2026-08-14 12:20:17,1.20,60,kerolosromans
279,16496892,Muhammad Haaris 27083,2026-08-15 07:36:02,1.20,25,muhammadhaaris27083
280,16125769,J.A.R.V.I.S,2026-08-14 07:27:59,1.20,18,learningkin
281,15537446,Jakup Ymeraj,2026-08-15 16:04:13,1.20,119,kupedata
282,16394140,MM12345678,2026-07-11 01:09:35,1.20,9,mm12345678
283,15489865,Quan Nguyen,2026-08-04 06:51:54,1.20,13,quannguyn12
284,15492032,Jing Hua,2026-08-15 00:43:30,1.19,14,linyeping
285,15495001,Rengarajan G,2026-08-02 09:23:35,1.19,21,rengarajang
286,15629200,shu yu,2026-08-13 03:06:02,1.19,1,shidun66
287,15486681,MatheusPSorancoDeCarvalho,2026-08-14 02:16:58,1.19,2,matheussoranco
288,16537667,HiroyukiSasaki,2026-08-07 01:09:58,1.19,24,hiroyukisasaki815
289,16012081,Plamen,2026-07-27 16:42:49,1.19,28,plamen06
290,15526617,Octavi Grau,2026-08-11 15:56:19,1.19,18,octaviograu
291,16505021,HINAGI,2026-08-12 00:40:59,1.19,6,test013
292,16517742,Rokonuddin Ahamed Sohan,2026-08-11 03:36:18,1.19,3,rokonuddinahamed90
293,16701873,Jason Jin,2026-08-12 11:31:41,1.19,3,cascadematrix
294,16559747,Hugo Thorvaldsen,2026-08-15 02:10:05,1.19,30,hugothorvaldsen
295,16558484,MAIDANG,2026-08-15 06:23:49,1.19,14,daifanhao
296,15504445,Alberto Luengo,2026-08-16 00:37:07,1.19,21,albertorkive
297,16017402,sukirman,2026-08-14 04:34:44,1.19,41,rakbidb
298,16485920,Rasdafar,2026-07-11 09:29:44,1.18,7,rasdafar
299,15505268,Shivam Shinde,2026-08-04 10:11:36,1.18,5,shindeshivam
300,16065643,MadrARC,2026-08-09 07:42:15,1.18,5,rahulvimalkanth
301,16420889,vladee,2026-08-13 00:43:22,1.18,14,vladee
302,16642459,syouya tobita,2026-08-05 03:07:09,1.18,2,syouyatobita
303,16446039,len8487,2026-08-14 00:01:57,1.18,6,len8487
304,16431229,kgr,2026-08-07 07:00:35,1.18,1,yixuliu
305,16493372,welogme,2026-07-30 03:12:47,1.18,12,"ijoucho,welogme"
306,15750018,Zehra Korkusuz,2026-08-07 08:09:31,1.18,8,zehrakorkusuz
307,15488797,Ayodeji Ibrahim Lateef,2026-08-10 06:20:56,1.18,55,ayodejiibrahimlateef
308,16390789,Yaro Perventsev,2026-08-16 00:32:23,1.18,21,yaroslavperventsev
309,15636138,100rabh,2026-07-30 03:47:02,1.18,28,saurabhkumar234
310,15531744,ashvin singh,2026-07-25 08:30:33,1.17,37,ashvinsingh
311,16534688,邱新,2026-08-15 02:24:38,1.17,10,larklearning
312,15737262,Raviksh Singh Dikola,2026-08-16 05:26:40,1.17,86,ravikshdikola
313,15567543,Kaito N. Soga,2026-07-02 07:09:48,1.17,4,kaitosoga
314,16566154,Julian Camilo Villa,2026-08-16 00:00:07,1.17,15,juliancamilovilla
315,16048620,Xander,2026-07-17 14:05:36,1.17,16,canqiang
316,15501827,Dhe Yeong,2026-08-14 02:19:20,1.17,12,dheyeong
317,16542083,Kunal Desale,2026-08-11 05:19:26,1.17,6,kunaldesale2408
318,16713350,coolin666,2026-08-13 01:36:49,1.17,1,coolin666
319,16537511,Vineeth Sai Varikuntla,2026-08-15 17:52:07,1.17,3,vineethsaivs
320,16679235,toprakthegoat,2026-08-07 00:01:34,1.17,2,toprakthegoat
321,15506893,Mark Slavin,2026-07-30 00:36:02,1.17,3,markslavin
322,16185949,Shree85,2026-08-15 02:45:12,1.17,10,shree85
323,15745709,Aryan Haritsa,2026-08-15 16:30:37,1.16,4,aryanharitsa
324,16510371,haodou092,2026-07-19 05:57:40,1.16,5,haodou092
325,16475818,Matthew.lee,2026-07-15 09:47:19,1.16,8,matthewlee010299
326,15993595,Hugues Fontenelle,2026-07-06 11:17:31,1.16,5,hugues
327,16347117,AnchorBlock,2026-08-13 00:52:55,1.16,19,anchorblock
328,16316931,Rajan Nagarajan,2026-08-11 16:44:14,1.16,7,narajan
329,16137967,Cacinie,2026-08-03 03:49:41,1.16,1,cacinie
330,16717506,un0o7,2026-08-15 04:43:47,1.16,2,hjhsdsdww
331,16051212,Darío Ávalos - Quantum Howl,2026-08-16 08:14:33,1.16,10,"andrescarmona,darovalos"
332,15490642,Halla Yang,2026-08-15 02:46:21,1.16,48,hallayang
333,16568471,Garv88,2026-07-21 08:52:32,1.16,1,garv88
334,15487953,cc,2026-07-29 05:54:42,1.16,7,baytree1238
335,16148316,pscamillo,2026-07-09 17:52:53,1.16,29,pscamillo
336,16586485,Sushanth Tiruvaipati,2026-08-15 08:23:37,1.16,12,sushanthtiruvaipati
337,16473776,Sumatorikki,2026-07-08 08:21:33,1.15,5,jakublutyk
338,16361271,BBD,2026-08-09 04:10:33,1.15,19,"absolutetheone,ahaanvermalol"
339,16338619,Jiaqi Hu,2026-08-11 05:56:49,1.15,7,hlgendr
340,15895561,TY.Yang,2026-08-14 06:53:09,1.15,57,tianyiy
341,16650336,Inncenta,2026-08-07 00:01:11,1.15,4,inncenta
342,15487522,Md Boktiar Mahbub Murad,2026-08-14 06:42:06,1.15,25,mbmmurad
343,16474440,Yuri Freitas,2026-08-04 15:43:55,1.15,13,yuribzfreitas
344,16589171,CNQR+,2026-08-15 07:04:17,1.15,14,poco34
345,15488488,Ikki Katsuyama,2026-07-26 04:21:16,1.15,17,kacchanwriting
346,15500015,kwon yong deuk,2026-08-14 23:24:21,1.15,107,kwonyongdeuk
347,16551999,Celestia,2026-07-26 04:01:28,1.14,11,gladoscc
348,16635888,Poojan,2026-08-06 07:42:35,1.14,4,poojankumartandel
349,15601690,magang,2026-08-15 11:27:25,1.14,3,wadang88
350,16499402,John Park,2026-08-15 23:50:12,1.14,15,sigint
351,16683994,destire 1,2026-08-12 10:01:13,1.14,4,destire1
352,15556547,Felipe Galdino Folk,2026-07-16 13:59:03,1.14,21,felipegaldinofolk
353,16694609,Debmalya,2026-08-09 14:33:10,1.14,1,debmalya84
354,16490445,Suman Sharma,2026-07-05 19:55:01,1.14,1,suman2208
355,16052598,JackGong,2026-08-04 13:27:02,1.14,9,jackgong
356,16574125,zhangyue-xmdx,2026-08-14 13:27:19,1.14,7,zhangyues0000
357,16070503,Yuki Okumura,2026-08-14 19:34:02,1.14,4,yukiokumura1
358,16234007,smlcr,2026-08-09 08:49:44,1.13,13,simulacri
359,16409318,AI-Cat,2026-07-19 08:50:43,1.13,2,konstantinboyko
360,15569839,kakuteki,2026-08-15 13:04:56,1.13,5,kakuteki
361,15602746,Gabriel Amaral,2026-08-12 01:10:01,1.13,1,gabrielsamaral
362,15629613,Maren Sajdaras,2026-08-15 08:49:17,1.13,29,marensajdaras
363,15487549,Muurur,2026-08-15 07:38:54,1.13,4,muurur
364,16295260,Pompompurin,2026-08-13 00:38:46,1.13,22,kimdoong
365,15495299,aigood,2026-08-10 07:59:27,1.13,5,aigood
366,16472153,Changyuan Chen,2026-08-12 09:20:38,1.13,26,changyuanchenmit
367,16461597,S J Moudry,2026-08-16 00:57:26,1.13,11,sethmoudry
368,16676993,Sankalp Sanand,2026-08-14 08:08:03,1.12,3,kesslerfrost
369,15672922,Aarav Bajya,2026-08-15 09:17:56,1.12,61,aaravbajya
370,16590720,Panagiotis Toloudis,2026-08-14 13:51:13,1.12,18,panagiotistoloudis
371,16616910,Stonks,2026-08-16 00:03:12,1.12,12,erikqu
372,15486931,Mirza Milan Farabi,2026-07-17 19:40:28,1.12,13,mirzamilanfarabi
373,16500777,cAco3,2026-08-13 12:56:41,1.12,4,caco3r
374,15694242,Team Algorithm Tech Institute,2026-08-09 14:39:25,1.12,9,"adeshinaashiata,adesinaabeeb,gidadoshukura"
375,16482421,senkin13,2026-07-21 05:01:33,1.11,4,senkin13
376,15540637,Nat Bel ML Fun,2026-08-06 18:43:54,1.11,33,natbel4ml
377,15658668,Pawan,2026-07-26 13:08:12,1.11,31,jatalepawan
378,16639523,Rogers Johnson,2026-08-15 02:38:05,1.11,11,rogersjohnson
379,15986223,Amon Suzuki,2026-07-21 00:05:37,1.11,11,amonsuxuki
380,16068577,Leonid Majbits,2026-08-07 20:46:20,1.11,32,leonidmajbits
381,15488849,codelion,2026-08-11 13:04:20,1.11,48,codelion
382,16422585,Abhi,2026-07-16 14:32:32,1.11,13,zeroday19
383,15635054,wuliao_0,2026-08-15 09:43:00,1.11,35,wuliao0
384,16482359,Igor Kirko,2026-07-08 02:18:36,1.11,6,igorkirko
385,15495211,Peter Findley,2026-07-27 02:19:41,1.11,38,raist321
386,16620170,ocean240812,2026-08-15 16:12:48,1.10,7,ocean240812
387,16644310,Nikolas Silveira,2026-08-04 13:00:15,1.10,2,nikolassilveira
388,15520694,Barada Sahu,2026-07-15 07:38:48,1.10,51,mercurialsolo007
389,15587315,waticson,2026-08-07 23:55:51,1.10,9,yutodennou
390,16270968,Yizhang Lou,2026-07-28 17:27:20,1.10,6,yizhanglou
391,16540131,LinZihanAdam,2026-07-15 03:56:11,1.10,3,linzihanadam
392,16658246,kaanz,2026-08-07 07:30:26,1.10,4,emirkaanozd
393,16567629,Manan Gupta #2,2026-07-29 00:38:32,1.10,9,obirdy
394,16380532,A0158737N,2026-07-26 03:04:55,1.10,15,kanhon
395,16474959,[Deleted] ade0214e-cb0f-436e-95f5-47784b00e897,2026-07-11 05:35:37,1.10,5,del=9ab3e1420ebaee89
396,16539376,Sha1ee,2026-07-18 03:08:31,1.10,4,sha1ee
397,16688839,benzousilvia,2026-08-15 22:14:19,1.10,7,benzousilvia
398,16471072,Faith,2026-08-15 11:42:35,1.10,5,faith853
399,16078747,varianceofx,2026-07-16 00:50:46,1.10,21,varianceofx
400,15493326,Benedicte HELFER,2026-08-15 17:14:18,1.10,82,benedictehelfer
401,16669732,zhangzhuang li,2026-08-10 11:19:45,1.10,1,zhangzhuangli
402,16573558,qwertykeypadapple,2026-08-15 01:04:35,1.10,8,qwertykeypadapple
403,15487662,Ganesh Sharma,2026-08-15 21:18:50,1.10,3,ganeshstemx
404,16699653,Yvonne.,2026-08-11 06:02:03,1.10,1,zdawer250
405,16591491,Alex Zhang g,2026-08-03 01:33:12,1.10,6,alexzhangg
406,16016635,Recursive Intelligence Lab,2026-08-15 09:31:44,1.09,17,tirth1402
407,16440715,Just a Moroccan,2026-07-21 11:06:43,1.09,4,zbidaamine
408,16486775,Денис,2026-07-05 03:12:12,1.09,1,dambek
409,16489497,Tom1115,2026-08-05 00:05:05,1.09,18,tom1115
410,15908708,vbnnn,2026-08-07 18:17:35,1.09,18,victorogobi
411,16360913,Mikael Kerimov,2026-08-06 05:21:24,1.09,18,mikaelkerimov
412,15504783,Hossein,2026-08-13 00:29:03,1.09,42,tomi85
413,16482433,Jacques Buis,2026-08-16 00:11:14,1.09,24,jacquesbuis
414,15493886,Code by Nadiia,2026-07-09 11:25:07,1.09,1,codebynadiia
415,15503995,randyzhang666,2026-08-10 08:21:02,1.09,1,randyzhang666
416,16037949,hungry_hawking,2026-07-31 17:07:58,1.09,12,hungryhawking
417,16514219,SireeshLimbu,2026-08-15 14:29:15,1.09,13,sireesh
418,16099769,Dual Singularity,2026-08-15 01:44:21,1.09,58,"christianhowson,mileshowson"
419,16666852,Wertiba,2026-08-05 23:23:29,1.09,1,wertiba
420,16233589,gosu.Kouts,2026-07-23 15:06:53,1.09,14,gosukouts
421,15491099,chinnum97,2026-08-07 14:59:58,1.09,6,madarshbb
422,16598990,Zhuo Li,2026-08-14 03:09:20,1.09,6,ctfxiao
423,16616627,yuritosci,2026-08-01 01:30:23,1.08,2,yuritosci
424,16661802,hahah,2026-08-11 00:35:12,1.08,6,huangkangyu
425,15498347,richwomanbtc,2026-08-15 00:58:08,1.08,39,"fumiyauchiyama,richwomanbtc"
426,16414058,wenyuan Guo,2026-07-06 07:56:15,1.08,6,gwey1025
427,15499946,DarkPhoenix,2026-07-12 07:33:47,1.08,30,darkphoenix2077
428,16562449,Praj Koduri,2026-07-20 02:21:05,1.08,2,"gregorydaley,prajkoduri"
429,15927787,Satoshi911,2026-08-08 05:06:22,1.08,40,satoshi911
430,15635738,Rookie,2026-07-29 19:15:44,1.08,30,steveninje
431,16256714,table spoonful,2026-07-13 05:03:52,1.08,11,tablespoonful
432,16268784,TUC,2026-07-13 09:03:38,1.08,7,tobiassesterhenn
433,16283854,Vu Tran Hoang,2026-08-03 06:51:00,1.07,4,hoangvux
434,16662159,KiKi,2026-08-13 16:15:19,1.07,2,kingkiller2164
435,15549873,WQing_Z,2026-07-11 21:29:21,1.07,8,wqingz
436,15929872,Ashad Alam,2026-07-30 12:15:30,1.07,2,ashad8949
437,15486953,Sangram Patil,2026-08-02 06:12:15,1.07,18,sangrampatil5150
438,15511462,Ali Haydar Özdağ,2026-08-02 00:01:51,1.07,28,ahoirg
439,15511931,Zhehan,2026-08-10 04:03:48,1.07,7,cyberzzhhss
440,16053779,Fususu,2026-08-15 02:43:37,1.07,50,phuongncn
441,16472209,[Deleted] 4c436f13-5592-4c03-b39e-5c69e95e5294,2026-07-19 11:02:30,1.07,6,del=a8f3af9aeaa6ae2f
442,16666743,mina wailin,2026-08-15 14:36:30,1.07,8,minawailin
443,15488304,panterlab,2026-07-25 09:39:51,1.07,13,hweowe
444,16696987,Indium AI Labs,2026-08-15 10:14:00,1.07,7,devaanshpa
445,15516498,Boiled-Sweet-Potato,2026-08-11 07:29:23,1.07,12,boiledsweetpotato
446,16275978,lkevincc,2026-07-15 11:39:50,1.07,7,jjsdfd22
447,15645087,Shankha Suvro Mullick,2026-08-09 17:33:04,1.06,5,shankhasuvromullick
448,16712619,Natalia Jaśkowska,2026-08-15 11:44:21,1.06,3,nataliajakowska
449,16555957,studious students,2026-07-30 03:24:53,1.06,10,"asiansnextdoor,djerok116"
450,16160324,GYUYOUNG PARK09,2026-08-15 16:37:21,1.06,11,gyuyoungpark09
451,16409969,Dante Lok,2026-07-19 06:24:56,1.06,1,dantelok
452,15494269,Patrik Pivoda,2026-07-02 07:28:05,1.06,17,patrikpivoda
453,16466598,Mohammed Maqsood L,2026-08-15 03:29:21,1.06,3,mohammedmaqsoodl
454,15491328,Jeki Wan Taufik,2026-08-15 03:54:20,1.06,23,jek1wantaufik
455,16497222,AI Winter,2026-08-15 00:16:25,1.06,30,"aiwinter,stoneshek"
456,16275272,ByteSized,2026-08-13 16:26:01,1.06,10,"amit24f1002112,prishagupta97"
457,15536350,arman1o1,2026-07-25 04:21:14,1.06,7,arman1o1
458,16497431,Matthew Huang,2026-08-01 23:19:12,1.06,7,matthewwh
459,16693078,"Sho Okiyama M.D., Aillis CEO",2026-08-16 00:38:25,1.06,8,shookiyama
460,16273949,Proving AGI,2026-08-15 17:08:37,1.06,16,mikelou1
461,16535094,HongYuNeil,2026-08-11 03:53:07,1.06,24,hongyuneil
462,16483685,jmatsukuma,2026-07-25 00:08:19,1.06,10,jmatsukuma
463,15522372,Thiago Munhoz da Nóbrega,2026-07-24 05:34:51,1.05,16,thiagommtmn
464,16296710,Kapilraj R,2026-07-31 11:08:51,1.05,8,kapilrajr
465,16672421,NIHAR RANJAN PANDA,2026-08-06 06:40:43,1.05,1,niharrpanda
466,16410428,DataLover,2026-07-31 18:59:11,1.05,12,paulknidler
467,15732416,Jonathan Wang2022,2026-08-03 00:07:26,1.05,6,jonathanwang2022
468,15607034,Reki,2026-08-15 09:40:36,1.05,81,"ruichardliu,russcore"
469,16450379,cm391,2026-07-06 09:18:17,1.05,4,mccocoful
470,15512064,soso,2026-07-03 03:21:19,1.05,17,"koesnuj,suminshim"
471,16480531,tyz123456,2026-08-11 08:16:32,1.05,7,tyz123456
472,15490134,骐骥驰骋CreateAMind,2026-07-21 02:13:19,1.05,33,aimind
473,15508705,Giovanni Marco Dall'Olio,2026-07-27 21:35:16,1.05,1,dalloliogm
474,15512911,LLaMeRz,2026-08-16 03:50:15,1.05,9,"dorukdorular,richardaragon"
475,16599559,Ismail Mabrouki,2026-07-28 18:52:11,1.04,2,ismailmabrouki
476,16599963,shuto,2026-07-29 00:21:34,1.04,4,kisigan
477,16653964,Göktürk Akman,2026-08-11 21:06:22,1.04,3,gktrkakman
478,15487261,Giba,2026-08-09 10:55:31,1.04,12,titericz
479,15490575,Nf4d1l,2026-08-10 06:45:25,1.04,5,nf4d1l
480,16059932,wkdrbwnd1,2026-08-03 12:25:22,1.04,5,wkdrbwnd1
481,16566144,Yiko01,2026-08-01 08:14:51,1.04,3,yiko01
482,16490178,Grigoriy Zatravkin,2026-08-15 12:27:12,1.04,9,grigoriyzatravkin
483,15494543,THIRUPATHI KANNAN K,2026-08-01 10:58:51,1.04,8,thirupathikannank
484,15634233,Spen,2026-08-15 17:25:18,1.04,18,spenny
485,15494232,seele,2026-08-13 10:08:04,1.04,21,seele1917
486,15577418,Kh0a,2026-08-14 04:17:17,1.04,19,llkh0a
487,16263464,khj1222,2026-07-06 08:58:05,1.04,16,khj1222
488,16585824,htatsumi,2026-07-29 13:55:03,1.04,4,tatsumihasebe
489,15615332,ColmOBrien1234,2026-08-12 17:10:44,1.04,19,colmobrien1234
490,15703192,ADARSH REDDY B,2026-07-21 03:22:45,1.03,3,adarshreddyb
491,15487284,Team_Haumea,2026-08-14 14:12:34,1.03,13,chaitanyagullapalli
492,15725289,webcainiao,2026-08-13 03:03:45,1.03,17,web3cainiao
493,16557082,Arjun Sharma,2026-07-30 01:32:11,1.03,2,arjundsharma
494,15509841,Ant,2026-08-02 21:08:36,1.03,8,anthonytrevino
495,15633586,Nikita #2,2026-08-11 06:03:55,1.03,3,nikitagajbhiye30
496,16670917,Ikeda0516,2026-08-12 16:15:11,1.03,1,ikeda0516
497,16649433,lxmjlove1,2026-08-04 01:34:36,1.03,1,lxmjlove1
498,16603860,Aadi Joshi,2026-07-27 04:53:13,1.03,1,aadijoshi19
499,15777740,lemTree,2026-07-31 14:30:39,1.02,8,lemtree
500,16709444,Salem Ali,2026-08-11 21:02:13,1.02,1,salemali7
501,16361627,MinJaeChoics,2026-07-27 13:09:44,1.02,2,minjaechoics
502,16484775,Jiajia Dawang,2026-07-19 02:27:04,1.02,1,jiajiadawang
503,15487488,Richard Beauchamp,2026-07-28 23:20:58,1.02,37,rbeauchamp
504,16583818,liangyan0322,2026-08-12 13:16:08,1.02,1,liangyan0322
505,16398281,maplewolf,2026-07-10 16:36:57,1.02,9,maplewolf
506,16696545,Nikhil00718,2026-08-11 07:58:13,1.02,2,nikhil00718
507,15578475,Santiago Maniches,2026-08-04 13:53:17,1.02,26,santmani
508,16612903,DeineBossin,2026-07-31 00:05:54,1.02,3,deinebossin
509,15509520,UlinNuhaAbduh,2026-07-31 09:14:18,1.02,4,ulinnuhaabduh12345
510,16408642,Krizsó Gergely,2026-08-15 08:45:51,1.01,13,lucifer19
511,15590953,k.mas,2026-08-06 06:41:43,1.01,1,kgethimas
512,15730169,Veeramuthu Babu,2026-07-07 06:20:54,1.01,3,veeramuthu
513,15538060,Pedro Caycho,2026-07-30 11:37:53,1.01,3,pjcc1123
514,16093130,Team Name*,2026-07-20 09:24:30,1.01,3,jiaruicao7
515,15496478,Bradley Shervheim,2026-07-27 04:03:59,1.01,53,bradleyshervheim
516,15821658,Keven Li,2026-07-18 18:56:38,1.01,6,kevin250304
517,16263662,joicygiore,2026-07-07 03:23:11,1.01,11,joicygiore
518,15497833,Tony Li,2026-08-12 21:03:41,1.01,4,tonylica
519,15606567,MA RAN,2026-08-15 19:16:29,1.01,7,ranmadi120
520,15512938,hjw10086,2026-08-09 04:12:17,1.01,5,"fanglimo,hjw10086"
521,15501454,Vicens Gaitan,2026-07-27 07:09:30,1.01,13,vicensgaitan
522,15650271,yellowleaf,2026-07-26 11:21:24,1.01,10,wcqyfly
523,15523208,로라 Laura,2026-08-07 08:36:36,1.01,6,lmasca
524,16592865,zbbw,2026-08-15 21:15:06,1.01,6,rakizbw
525,16500185,Lovlace、,2026-07-10 01:28:50,1.01,4,"irisis,lovlace"
526,15531997,Jordan Franklyn McCann,2026-08-06 01:56:44,1.00,30,jordanfranklynmccann
527,16272917,Ni123456&,2026-07-28 15:09:29,1.00,22,bingdongni
528,16153655,michaeltg,2026-08-12 06:26:00,1.00,16,michaeltgao
529,15488649,Tanmay,2026-07-08 14:48:31,1.00,24,tanmaysah
530,15495491,Mohammed Abdullah,2026-08-14 18:20:59,1.00,1,curiousmohammed
531,16683244,Yiğit Virdil,2026-08-07 08:11:53,1.00,1,yigitvirdil
532,15493761,george yazaji1234556,2026-08-15 20:55:27,1.00,8,georgeyazaji1234556
533,15532510,Mohamed IDRISSI GHALMI,2026-08-10 22:39:45,1.00,4,mohamedidrissighalmi
534,16678314,Melisakman,2026-08-07 02:04:40,1.00,2,melisakman
535,16416921,Andrey Kulakov,2026-07-01 08:29:47,1.00,3,jex398
536,15492202,KooDol,2026-08-04 08:08:45,1.00,2,koodol
537,15932761,J&F AI,2026-08-12 23:37:00,0.99,29,junjin2
538,16368858,Shivam Sharma,2026-08-10 01:26:27,0.99,18,jxm222
539,16508566,Harshank Matkar,2026-07-08 15:19:17,0.99,1,harshankmatkar
540,15493851,VasanAust,2026-08-11 04:37:24,0.99,2,vasanaust
541,16694237,pwdh2026,2026-08-15 03:30:06,0.99,7,pwdh2026
542,16611553,Fidel Escalona,2026-08-14 21:27:51,0.99,3,fbescalo
543,16439222,Zhang.ZJ,2026-07-26 17:38:39,0.99,1,evilyevihut
544,16282858,Schroll🇧🇷,2026-07-04 17:17:59,0.99,6,andrefernand
545,16534447,Liao Zixu,2026-08-16 00:56:07,0.99,6,liaozixu
546,16556855,Theo Serieys,2026-07-31 23:35:41,0.98,3,theoserieys
547,16566829,Mikey Marszewski,2026-07-25 05:59:48,0.98,2,mikeymarszewski
548,16493630,AI super coder,2026-07-12 07:12:10,0.98,6,aisupercoder
549,15498578,TuMinhDang,2026-08-02 05:44:31,0.98,15,darkswordmg
550,15729951,AYAHM BARISH,2026-07-25 18:46:16,0.98,9,ayhampar
551,16691651,Abhiraj Singh,2026-08-16 00:17:02,0.98,3,cyberdrago
552,16428606,ダルシャン・キラリ,2026-07-26 06:17:34,0.98,1,darshankilari
553,16429632,in blue,2026-07-27 04:03:16,0.98,10,bhatiji
554,16690614,Yaroslav,2026-08-15 07:42:47,0.98,4,yaroslavrogoza
555,15488816,Quadruped,2026-08-13 13:50:46,0.98,12,jaclyndeem
556,16286208,kutenk,2026-07-31 17:34:30,0.98,2,"guxianzhan,kalilon,kalonme,kutenk,meqikat"
557,16417375,Mogja J,2026-07-21 03:34:11,0.97,6,mogjaj
558,15608330,Naga Bhanuja,2026-08-15 09:45:59,0.97,7,nagabhanuja
559,16348686,carpe diemviva,2026-07-15 06:36:41,0.97,10,carpediemviva
560,15503225,Luo,2026-07-06 09:19:44,0.97,13,chaoqiluo7
561,16725528,Ashok Godugu,2026-08-15 13:44:08,0.97,1,ashokgodugu
562,16700076,JOSHUA EDWIN JACOB V 24F,2026-08-14 13:50:26,0.97,3,joshuaedwinjacobv24f
563,15490882,Kashyapsinh gohil,2026-08-06 04:15:36,0.97,20,kashyapsinhgohil
564,15857608,BBK,2026-08-16 03:54:12,0.97,34,bang1850
565,15581107,AGI RL,2026-08-08 02:09:16,0.97,18,fondrose
566,15604096,Bazinga!,2026-07-11 18:29:56,0.97,17,"damndeepesh,swapisticated"
567,15515601,xsong2020,2026-07-18 21:58:23,0.96,6,xstargate
568,16422860,hierarchical,2026-08-15 07:37:38,0.96,22,felixwang1m
569,15486998,Will,2026-07-27 07:17:35,0.96,3,wguesdon
570,16466675,nmst,2026-08-14 23:40:22,0.96,8,nmstopen
571,16652540,Kreytorn,2026-08-06 00:32:30,0.96,4,kuzeytorlak
572,15605492,Wu,2026-08-14 13:35:43,0.96,20,gweiwu
573,16327552,srgmsowmya,2026-07-09 04:55:14,0.96,12,srgmsowmya
574,15594996,Brothers of Creations,2026-07-21 20:34:19,0.96,2,rahulrathnavel
575,15990012,islet,2026-07-06 03:05:03,0.96,4,kojimar
576,15486769,Ali,2026-07-28 21:48:29,0.96,43,asalhi
577,15590844,ghatotkachh,2026-07-08 06:29:02,0.96,1,ghatotkachh
578,16543278,tim chen,2026-07-22 05:21:53,0.96,5,tim310579
579,15495700,taopy2,2026-07-25 17:01:52,0.96,9,taopy2
580,16623594,alireza zarei,2026-08-08 21:20:30,0.96,3,arzarei
581,16658469,Ashwin Goyal,2026-08-06 04:50:36,0.95,1,letthedreamersrise
582,16280739,Hafida Belayd,2026-08-14 10:08:11,0.95,5,hafidabelayd
583,15633864,ErenAGI,2026-08-15 05:40:05,0.95,9,erenagi
584,15921900,Saúl Delgado ,2026-07-03 16:25:17,0.95,2,saul369delgado
585,16599829,venks,2026-07-26 01:05:30,0.95,1,vterli
586,16698174,galatea,2026-08-10 01:02:14,0.95,1,ark911
587,15921682,Mathemortician,2026-08-08 22:32:19,0.95,8,mathemortician
588,15491011,Smart Manoj,2026-07-04 05:59:47,0.95,8,smartmanoj
589,16557360,akmr,2026-08-08 00:30:47,0.94,2,akimaru
590,15494842,Aman Atar,2026-08-14 09:14:11,0.94,40,amanatar
591,15885954,Zhuravlev Viktor,2026-08-11 08:33:51,0.94,1,zhuravlevviktor
592,16256464,LosOrange,2026-07-21 02:33:35,0.94,1,losorange
593,16578102,三天,2026-08-12 01:18:30,0.94,2,gggggggxy
594,15487887,Mohammad Albaddawi,2026-07-01 11:31:35,0.94,2,m7mdalbaddawi
595,15488032,MagicBeatMagic,2026-08-11 15:22:06,0.94,60,"del=3ef421aac96c6cd5,del=e7869adb695afcf7,jiahaohuang0711,zhengxuyu"
596,15553513,TaKi,2026-08-04 04:13:14,0.94,13,jinjieqiu
597,16673702,wasp01,2026-08-07 00:02:03,0.94,2,wasp01
598,15771316,Ivan Martin Valle,2026-08-15 13:05:21,0.94,28,ivanmartinvalle
599,16262417,Efthimios Fousekis,2026-08-09 22:27:02,0.94,4,efthimiosfousekis
600,16668219,MIKE DAN7,2026-08-10 14:07:37,0.94,4,mikedan7
601,15506671,Pilkwang Kim,2026-08-05 11:07:41,0.93,19,pilkwang
602,16593977,SYC,2026-07-29 05:25:50,0.93,2,yichengs
603,16575299,Elazar fuchs,2026-08-14 06:23:32,0.93,3,elazarfuchs
604,16424695,준환,2026-07-20 06:05:18,0.93,5,paulguilbert
605,16661138,Demir Durbakayım,2026-08-07 03:26:54,0.93,1,sixcode
606,16594767,"HE, Jiayou",2026-07-27 05:30:18,0.93,2,hejiayou
607,15494444,Ifeoluwa Adewumi,2026-07-24 08:52:50,0.93,5,ifeadewumi
608,16585942,Vlad Kochetov,2026-07-25 16:58:29,0.93,1,vladkochetov07
609,16567569,t-enstar,2026-07-26 02:52:38,0.93,5,tstustatama
610,16676611,sezer ali,2026-08-15 22:38:59,0.93,6,sezerali01
611,16702680,Alariun,2026-08-14 17:16:01,0.92,5,calebrown
612,16603057,Jason Matthew Suhari,2026-07-27 08:43:21,0.92,2,jasonmatthewsuhari
613,15499421,Amon Kizawa,2026-07-25 11:53:56,0.92,7,amonkizawa
614,16464329,brand HZYsds,2026-08-12 00:32:16,0.92,3,brandhzysds
615,15524172,Quanyi Li,2026-07-13 17:28:00,0.92,23,ko0kip
616,16282855,TAMU-TACO,2026-07-21 03:47:07,0.92,6,"linfangzhou,peirancs"
617,15488731,Johnson Chishimba,2026-08-12 23:32:08,0.91,22,johnsonchishimba
618,16679257,Lamine Yamal,2026-08-06 22:26:05,0.91,1,ermanman
619,16517287,pAIoneers,2026-07-19 18:56:31,0.91,8,"jahansinghisdagoat,noahrauch"
620,15494921,Tagir Analyzes,2026-07-26 08:05:29,0.91,1,tagirkhairutdinov
621,15492225,Charismatic Pizza Party🍕,2026-08-09 13:09:50,0.91,11,debugendless
622,16619609,datnt114,2026-08-03 17:38:25,0.91,3,kingkong153
623,16544283,Alison Moura,2026-07-20 11:15:02,0.91,3,mouraalison
624,16655146,Benjamin H Pepper,2026-08-15 17:19:41,0.91,1,bhpepper
625,15919665,Nam Nguyen,2026-07-08 20:19:42,0.91,32,namthanhnguyen2001
626,15556286,joaopedrotocantins,2026-07-24 00:06:15,0.91,5,joaopedrotocantins
627,16690379,NMZP,2026-08-08 12:49:42,0.90,1,numsap
628,15532157,DanielGuy,2026-08-04 03:19:58,0.90,11,danielguy111
629,15518885,Pawan Rama Mali,2026-08-07 04:06:41,0.90,8,pawanmali
630,16484458,interneuron,2026-07-18 03:23:36,0.90,3,interneuron
631,16646937,shelbe41,2026-08-10 14:56:10,0.90,7,shelbe41
632,15789987,q zh,2026-07-02 08:53:34,0.89,11,hrbzhq
633,16633862,pushkin05,2026-08-01 01:01:12,0.89,1,pushkin05
634,16445972,DummyIndex,2026-07-23 21:48:51,0.89,10,dummyindex
635,16580350,Musa Tur Farazi,2026-07-21 13:00:43,0.89,1,musaturfarazi
636,16371120,sam,2026-07-30 03:21:31,0.89,4,samgreen2046
637,16549662,Mark Grayson,2026-07-15 11:53:27,0.89,1,flyingsinclair
638,15989721,nptd,2026-07-19 12:01:37,0.89,1,hitheone
639,16697910,Nolin Nguyen,2026-08-13 23:37:06,0.89,2,nolinnguyen
640,16452307,Dalton Omondi,2026-07-08 11:58:05,0.89,4,daltongabrielomondi
641,16047765,pensukesan,2026-07-29 23:30:15,0.89,12,pensukesan
642,15510427,Komil Parmar,2026-08-11 09:04:55,0.89,15,komilparmar
643,16711456,HarijsPoters,2026-08-12 16:30:59,0.88,1,harijspoters
644,15492017,Nabil Alagi,2026-07-01 03:00:57,0.88,33,nabilalagi
645,15491056,Kumaran K,2026-08-03 08:34:11,0.88,3,kumarandatascientist
646,16086026,not-overfitting,2026-07-06 21:15:49,0.88,6,zidan2020
647,16688248,Shicheng Rao,2026-08-15 16:01:03,0.88,8,shichengrao
648,16135652,Izukia,2026-07-08 01:48:23,0.88,6,"accelra,izukia,tendenho"
649,16370290,Rishav Utkarsh,2026-07-27 10:16:22,0.88,4,"nehak76044,rishavutkarsh"
650,16663762,🔥🦫📿🗽,2026-08-09 13:51:26,0.88,2,datafad
651,16560062,caspian,2026-07-21 06:21:02,0.88,5,haivan11
652,16486164,Siva Voleti,2026-07-10 19:10:15,0.88,1,sivavoleti
653,15554031,YOUSSOUF KAMAGATE,2026-08-06 23:46:05,0.87,1,youssoufkamagate
654,16603419,hh h,2026-07-27 01:48:21,0.87,1,hhhcqy
655,15504137,Tariku Mehdi,2026-08-13 03:03:39,0.87,6,tarikumehdi
656,16590347,G!vIOne,2026-07-24 18:46:46,0.87,2,gvione
657,16491432,ll,2026-07-06 23:21:18,0.87,1,sergeevii123
658,16492717,たかゆき,2026-07-08 00:07:30,0.87,3,takayuki0127
659,15553784,skjazz,2026-07-09 19:12:30,0.87,4,skjazz
660,16664378,Dimitri ZABRE,2026-08-05 11:25:42,0.87,1,dimitrizabre
661,15526403,BhargavaAbhi,2026-07-02 12:40:01,0.87,14,bhargavaabhi
662,16679298,Ozan AKMAN,2026-08-07 02:04:44,0.87,2,ozanakman
663,16388372,Nat,2026-07-17 04:19:50,0.86,15,natgurlain
664,16550431,Biswajit,2026-07-20 09:29:52,0.86,4,biswajit1998
665,16471727,FasterYouChase FasterIRun,2026-07-08 12:19:30,0.86,5,icoguser
666,15772533,⸻AgentZZ ⸻,2026-07-30 21:07:45,0.86,4,agentzz
667,16482360,MINAGI,2026-07-27 12:59:32,0.86,1,cassinicraft
668,16629364,Aishik Rakshit,2026-08-12 19:58:05,0.86,2,aishikai
669,16328387,atila vahedian,2026-07-28 02:14:06,0.86,8,atilavahedian
670,16437247,Mimic Mohsin,2026-08-02 14:01:04,0.85,3,mimicmohsin
671,16670567,Suavemango,2026-08-16 00:07:02,0.85,3,suavemango
672,16611103,myab07,2026-07-30 14:25:21,0.85,1,myab07
673,16419023,Jacky Lin,2026-07-21 12:32:41,0.85,1,jackylin047
674,15510923,Ravi Ramakrishnan,2026-07-05 05:29:26,0.85,13,ravi20076
675,16551776,WUHAOZHE618,2026-08-11 22:48:35,0.85,2,wuhaozhe618
676,15526518,Andreas Bisiadis,2026-08-12 11:17:24,0.84,16,andreasbis
677,16535086,Hyunsik Park,2026-08-14 03:59:32,0.84,3,hyunsikpark
678,16499873,Harish K,2026-08-10 13:46:27,0.84,2,harishk2209
679,16658228,Deniz Mucur,2026-08-07 04:18:40,0.84,3,denizmucur
680,16395976,Hippolyte Pilchen,2026-08-15 08:42:42,0.84,12,hippolytepilchen
681,16652475,i efe Yeşildağ,2026-08-03 12:13:58,0.83,1,iefeyeilda
682,16698118,Suman Nandamury,2026-08-16 00:10:08,0.83,7,nandamury
683,15833545,lp,2026-07-07 03:03:56,0.83,10,lihu6666
684,16707910,daoviet,2026-08-15 01:14:14,0.83,1,daoviet
685,16431554,Pirate-Emperor,2026-07-05 17:23:37,0.83,2,piratekingrahul
686,16681401,Ada Sarp KIRIK,2026-08-07 04:57:55,0.83,1,adasarpkirik
687,16500424,bihrain,2026-07-16 17:42:00,0.83,3,bihrain
688,15660503,weiyang,2026-08-09 12:04:49,0.83,4,weiyangeliu
689,15513955,Light&Thunder,2026-07-16 07:41:01,0.83,3,yerne39
690,15490682,fenger001,2026-07-04 00:04:33,0.83,2,fenger001
691,16696612,Shishkov Vladislav,2026-08-11 08:01:16,0.82,2,timetoti
692,16671263,soltani abdellatif,2026-08-06 13:03:29,0.82,1,soltaniabdellatif
693,15996264,RameshG888,2026-07-24 18:17:30,0.82,18,ramesh888
694,16653887,YUKRUB,2026-08-08 07:59:00,0.82,1,yukrub
695,16726847,Mina Gayid,2026-08-16 00:04:24,0.82,1,minagayid
696,15646085,ASGModels,2026-08-05 05:20:03,0.81,2,mkjhfghfgh
697,16721580,Vaibhav,2026-08-15 00:01:26,0.81,2,vaibhavpatel
698,16543687,Coen Hewes,2026-08-02 05:32:23,0.81,3,coenhewes
699,16444749,Henry CKW,2026-08-02 01:02:43,0.80,12,kinwochan
700,16234077,Artem Pshenitsyn,2026-08-11 13:07:19,0.80,4,artem21
701,16673306,Sarp Öztürk,2026-08-07 06:36:38,0.80,1,sarpztrk
702,16668629,Giwrgos Savvidhs,2026-08-05 15:29:17,0.80,1,gsavvidhs
703,15823039,Tong Hui Kang,2026-08-15 21:45:55,0.80,47,huikang
704,16428454,letanhm,2026-07-10 06:40:18,0.80,6,letanhm
705,16679281,oguzaydin.72,2026-08-07 00:06:09,0.80,2,oguzaydin72
706,15488163,Berkay,2026-07-13 18:20:17,0.80,50,stormchaser
707,15487124,Anthony Nwafor,2026-07-08 22:46:56,0.80,3,anthonynnagbo
708,16693391,Jacob Davis,2026-08-16 04:05:04,0.79,8,jacobtdavis
709,15702685,Shreyas Mahimkar,2026-08-10 20:29:09,0.79,18,shreyas4
710,16605252,borro1980,2026-07-30 22:54:45,0.79,1,borro1980
711,16673942,Seongsoo Park,2026-08-06 09:18:49,0.79,1,pssupkaggle
712,16303618,Isaac Menard,2026-07-18 17:52:21,0.79,3,isaacmenard
713,15498652,jazivxt,2026-08-15 02:38:02,0.79,2,jazivxt
714,15487089,Rafaël Labbé,2026-07-01 01:44:08,0.79,4,hashpanda
715,15590907,Thien Nguyen,2026-07-16 15:39:23,0.79,3,ntthientn
716,15494211,Zulqar,2026-08-06 12:54:22,0.78,1,johndoe2011
717,15488435,Artem Goncharov,2026-08-10 14:02:17,0.78,4,artemgoncarov
718,15545901,CHENGQI ZHENG,2026-07-05 01:54:29,0.78,9,chengqizheng
719,16632186,Chang Sue,2026-08-10 00:13:18,0.78,4,sc2005
720,16516797,Lea Longepierre,2026-08-03 18:03:56,0.78,2,lealongepierre
721,16651393,Doruk Kaan Kaptan,2026-08-07 07:04:40,0.77,1,dorukkaankaptan
722,15587430,Akira Hirohashi,2026-07-03 13:44:04,0.77,6,akirahirohashi
723,15567564,Nick Pellegrin,2026-08-14 18:40:36,0.77,12,nicholaspellegrin
724,15767021,Youssef Nader,2026-07-16 18:05:29,0.77,8,gamingconceited
725,15562926,Oluyinka Oginni,2026-07-13 03:56:19,0.77,8,"datatemple,olugbemioginni"
726,16717315,Arda Ceylan,2026-08-14 11:13:39,0.77,1,ardacey
727,16696783,maximo lorenzo y losada,2026-08-13 01:42:30,0.76,1,maximolorenzoylosada
728,16487140,Huilei Wang,2026-07-04 18:22:50,0.76,1,gracewang011026
729,16552724,Jahan Kazimi,2026-07-23 11:37:32,0.76,2,jahankazimi
730,16620509,joequant3,2026-08-01 01:41:22,0.76,2,joequant3
731,16218547,Jiachen Li,2026-08-11 03:02:04,0.75,4,llccqq624
732,16566656,62326368,2026-07-19 01:35:59,0.75,1,mooniim
733,16448996,MakersLabTM,2026-07-29 07:12:42,0.75,16,makerslabtm
734,16661285,Basheer Marzoog,2026-08-04 19:22:04,0.75,1,basheermarzoog
735,16497948,Vaibhav Arduino,2026-07-07 06:25:54,0.75,1,vaibhavarduino
736,16710666,Pengyi Peng1,2026-08-15 04:17:06,0.74,2,pengyipeng1
737,16554652,Paweł Jankiewicz,2026-07-19 19:22:21,0.74,1,paweljankiewicz
738,15617028,VAP RF5,2026-08-05 14:53:53,0.73,4,vaprf5
739,15488215,Evgenii Rudakov,2026-08-12 11:35:05,0.73,10,dolphininacoma
740,15677791,Rayan Chakib Idris,2026-08-14 20:53:28,0.73,3,rayanchakibidris
741,16205712,DataRegressor,2026-07-31 13:20:43,0.72,12,azzamradman
742,16584442,juricek chen,2026-07-22 07:34:41,0.72,1,juricekchen
743,16388387,ancientLuck,2026-08-03 15:04:59,0.72,1,ancientluck
744,15917525,Chris Paul Walker,2026-07-11 03:37:17,0.72,28,chrispaulwalker
745,16486428,Matěj Kopecký,2026-07-04 18:01:49,0.72,1,matjkopeck
746,16269683,Mathieu W,2026-07-31 12:41:03,0.72,3,mathieuw
747,16725521,Ding Ding,2026-08-16 00:02:19,0.71,2,ddddir
748,16494808,MiHu,2026-07-06 12:16:33,0.71,1,chenboluo
749,16021367,the last dance,2026-08-12 12:49:03,0.71,27,"dwellement0baser,fses91,gklambauer,lukasaichberger"
750,16575052,Кирилл Алешин,2026-07-20 19:33:54,0.70,1,kirneo
751,16080197,Charbel Nehme,2026-08-13 07:24:24,0.70,15,charbelnehme
752,16132261,face-of-agi,2026-07-08 21:05:14,0.70,33,"cmechevalier,richardcsaky"
753,15620054,bueno,2026-08-01 14:42:50,0.70,8,"marynaborovska,yuriygreben"
754,16679963,uzair,2026-08-07 06:04:14,0.69,1,quantumcurator
755,16481141,Dajai Stewart,2026-08-09 06:15:55,0.69,2,dajaistewart
756,15660677,Udit Jain,2026-07-07 18:09:47,0.69,1,uditjain13
757,15707928,Michael Poluektov,2026-07-31 15:40:51,0.69,1,michaelpoluektov
758,15600061,adakoda,2026-08-01 00:38:22,0.69,51,adakoda
759,16609552,rfbr,2026-08-16 00:25:57,0.69,3,romainfabre
760,16454096,1tracksystem,2026-07-13 10:24:23,0.68,14,onetracksystem
761,15513545,Redfield Rentals,2026-04-17 04:11:30,0.68,20,niyatisingla
762,16723217,Jinx JK,2026-08-15 05:03:53,0.67,1,jinxjk
763,16323563,ym_xqm121,2026-07-18 12:28:33,0.67,4,ymxqm121
764,16599650,prvsiyan,2026-07-28 17:08:23,0.67,2,prvsiyan
765,15916434,nilochan,2026-08-10 00:16:50,0.66,11,nilochan
766,16620772,kagglejohn15,2026-08-14 07:01:29,0.66,4,kagglejohn15
767,16688319,kid william,2026-08-14 09:29:11,0.66,1,kidwilliam
768,15545043,Wild Star217,2026-08-15 17:08:15,0.66,33,wildstar217
769,16652771,EmirKaanozdemr,2026-08-06 20:55:08,0.65,3,emirkaanozdemr
770,16668517,Toprak Gundogdu #2,2026-08-07 00:13:14,0.65,3,toprakgundogdu123
771,16663634,Grayskull,2026-08-16 00:00:41,0.65,11,maciejbrzeski
772,15494399,SVG,2026-04-16 06:23:59,0.65,21,sandeepgoyal1980
773,16720950,五六七五六七,2026-08-15 18:48:34,0.65,2,wocenmma
774,16705639,JungHwan,2026-08-13 00:12:01,0.65,3,najunghwan
775,15892305,moeuuu,2026-07-15 07:50:40,0.64,2,moeuuu
776,15495380,AnpAn_Men,2026-07-03 17:57:26,0.64,4,anpanmen
777,15504761,Matthew Philip Poetker,2026-06-30 12:28:06,0.64,19,mattpoetker
778,15513542,[a-z A-Z] [1-9],2026-04-16 06:23:27,0.63,19,sumanb1985
779,16475680,hydrogenbonds,2026-08-12 09:49:15,0.63,18,jeffreyntse
780,16462946,YouKnoWho,2026-07-11 10:39:50,0.63,4,darksoul026
781,16448505,Mando,2026-07-24 14:30:33,0.62,1,chesteryuan
782,16448608,goose goose duck,2026-07-03 14:12:23,0.62,5,"deniseguo,jiexusheng20bz"
783,16128418,woihexi,2026-07-05 17:48:44,0.62,1,"woihexi,xzw9178"
784,16292356,Scrattle,2026-08-15 23:15:46,0.62,23,scrattle
785,15513536,Kamado Tanjiro,2026-04-17 05:42:48,0.61,20,parthg0106
786,16500512,Joseph Adamski,2026-07-21 19:04:31,0.60,13,josephadamski91
787,16436012,yxy,2026-07-01 11:32:13,0.60,4,yingxuanyang
788,15513547,"Winner Winner, BBQ Dinner",2026-04-17 05:43:08,0.59,20,manavsingla2005
789,15568397,neeraj b,2026-04-17 05:17:58,0.59,11,neerajb2000
790,15942555,Abraham,2026-07-14 22:23:11,0.59,17,abram007
791,15513538,Dhanashree Chavan,2026-04-17 04:09:23,0.58,20,dhanashreechavan2000
792,16582937,Hole Neckles,2026-08-02 02:06:44,0.58,1,holeneckles
793,16695088,Deniz Eryılmaz,2026-08-13 11:04:18,0.58,4,denizeryilmaz
794,15531976,Sanjay Dutt,2026-04-16 06:23:47,0.58,16,sanjaygoyal1982
795,16569341,Thereforyou_Jasmine,2026-07-19 10:25:56,0.58,1,wuzhiwen7445
796,16683236,engiemin,2026-08-07 08:11:13,0.57,1,engiemin
797,15486706,AGgIes,2026-07-12 02:49:59,0.56,4,"bhavyanukapotula,flash36,shahidaamirsheikh,spark8433"
798,16458923,Tareq,2026-07-09 07:06:04,0.55,3,talkhaldi
799,16416577,Chandu Lakkimsetti,2026-07-22 07:25:26,0.55,2,chandulakkimsetti
800,16459523,hahastone,2026-07-02 20:41:04,0.54,3,hahastone
801,16669635,Prajwal Rawoorkar,2026-08-15 06:56:23,0.54,3,"kunaltilaganji,prajwalrawoorkar"
802,16276663,Qiwei,2026-07-04 08:11:41,0.53,5,qiweiyin
803,16387842,Ruxiao Qian,2026-07-31 14:12:17,0.53,7,ruxiaoqian
804,15907021,Huangxin14,2026-07-17 02:46:17,0.52,4,huangxin14
805,16402997,Vedant Gupta,2026-07-12 18:44:21,0.52,1,vedantgupta070
806,15488639,[Deleted] 31dcedba-a700-4b00-9079-1d3195779db2,2026-06-10 09:01:08,0.51,66,del=795a5bc1dd2cd32b
807,16466739,Zhecho Mitev,2026-07-01 14:21:35,0.51,1,zhechomitev
808,15494057,Sergei Fironov,2026-04-03 10:51:19,0.50,5,sergeifironov
809,16658256,Emrullah Söyler,2026-08-05 13:17:51,0.50,2,emrullahsyler
810,16537624,Student,2026-07-20 17:23:23,0.50,3,jonahm
811,16612413,Mike Lee,2026-08-16 06:03:53,0.50,15,mikejlee
812,15641620,Rachid Caich,2026-08-10 13:11:47,0.50,1,rachidcaich
813,15494779,accforantigravity1,2026-04-06 04:59:47,0.49,9,accforantigravity1
814,16393597,Tahsin Arafat,2026-06-30 17:37:17,0.48,1,tahsinarafat
815,16485287,Haily_mary,2026-07-05 15:25:24,0.48,2,hailymary
816,15552958,최강 필립,2026-05-23 19:49:01,0.48,29,hakgyuhong
817,15486661,theredbluepill,2026-06-21 15:18:26,0.47,67,"del=fccf4a7a35741c78,poonszesen"
818,16348978,Son Tran,2026-07-12 09:12:04,0.47,9,s27813
819,15940553,Quinn,2026-05-21 03:56:20,0.47,7,fooboy
820,15513541,Pg0106,2026-04-03 05:21:56,0.46,6,pg0106
821,15517097,IC2,2026-06-05 09:20:02,0.46,10,jonathanchan
822,15531140,HongyuChen123321,2026-07-03 03:50:13,0.46,8,hongyuchen123321
823,15500383,Sumit Pandey,2026-04-06 04:08:05,0.46,3,itsyoursumit
824,16679156,Seniha Dal,2026-08-07 04:23:38,0.45,2,senihadal
825,15659990,动物朋友,2026-04-26 13:25:50,0.45,3,"breadkaggle,chenyixu2004"
826,16444733,Lamsiu,2026-07-01 00:23:28,0.45,2,samzliu
827,15520587,Sweety Seelam,2026-08-03 20:29:07,0.44,65,sweetyseelam
828,16424567,Samuel Xu,2026-07-14 17:39:42,0.44,15,samuelzxu
829,16302564,Cameron Warrennn,2026-06-22 13:07:41,0.44,8,cameronwarrennn
830,15513551,PAG0106,2026-04-03 05:22:52,0.44,6,pag0106
831,15500528,Sonnia AI,2026-06-30 23:52:40,0.44,6,drozza
832,16432576,Mario Gemoll,2026-07-03 20:26:55,0.43,8,mariogemoll
833,16421960,Gopal Krishna Gundumalla,2026-07-25 15:25:20,0.43,13,gopalkrishnag
834,15491953,Umer Haddii,2026-06-08 10:16:55,0.43,25,umerhaddii
835,15540497,PyJa,2026-06-26 10:31:43,0.43,10,pixiux
836,15491649,Samsay24,2026-06-28 18:33:03,0.43,6,samsay23
837,15635434,Gabriel Mirea,2026-06-30 10:15:17,0.42,10,gabrielmirea
838,15731261,Genki,2026-07-01 02:22:21,0.42,30,genkiwatanabe
839,15543640,李闯,2026-05-26 01:17:24,0.42,45,deyiao
840,15564597,Bogdan Kovenko,2026-08-15 08:02:21,0.42,11,bogdan355
841,15510096,Beyond Logic,2026-08-08 21:27:26,0.42,15,"beyondlogic,mazharie,turag10"
842,16574175,Ohmikawa,2026-08-16 00:31:19,0.42,1,koheiomikawa
843,15905450,Ngoc Nguyen Tuan,2026-07-05 05:23:57,0.42,18,ngocnguyentuan
844,15509312,zorojuro,2026-06-30 08:15:22,0.42,58,vyankteshdwivedi
845,16406654,HelloWorld5050,2026-06-30 20:39:52,0.41,10,helloworld5050
846,15501006,Jan Disselhoff,2026-07-12 00:07:51,0.41,23,insanitycheck
847,15495944,Chenyu Wang,2026-05-06 16:21:09,0.41,8,ataraxyyeah
848,15494694,Makarr,2026-06-26 04:26:47,0.41,51,makarrogovik
849,16298652,yuru1yang,2026-06-30 03:09:23,0.40,10,yuru1yang
850,16024999,JiSung,2026-06-13 15:50:31,0.40,5,jisungreal
851,16639352,John Artzi,2026-08-01 22:26:58,0.40,1,johnartzi
852,16645880,HΣM ΔKΔRΔPU,2026-08-06 00:11:04,0.40,4,hemakarapu
853,16023573,PRAVIN_SJCE,2026-06-07 16:50:20,0.40,6,pravinkannan18
854,16431170,lxh unbound,2026-06-29 11:23:44,0.40,2,lxhunbound
855,15511978,Adam Rudd,2026-08-15 14:01:16,0.39,120,rudddy
856,16606725,Daniel #3,2026-08-16 01:58:12,0.39,4,danieltsegaw
857,15571729,omar zoloev,2026-06-03 21:06:27,0.39,44,tsebaka
858,15522769,Anyang Su,2026-06-29 09:16:19,0.39,6,anyangsu
859,16310005,Ehab Ibrahim Khalil Mohamed,2026-06-29 06:32:00,0.39,4,ehabkhalil0
860,15742001,Kaustav Banerjee,2026-06-23 09:28:22,0.39,19,gitkaustav1996
861,16377858,Prateik Sinha,2026-07-01 02:43:38,0.39,7,prateiksinha
862,16286664,Ayodeji Akinola,2026-08-12 12:31:21,0.39,17,ayodejiakinola
863,15518338,Eslam Elokpy,2026-05-05 19:12:00,0.39,7,eslamelokpy
864,15639195,Facundo Olcese,2026-07-13 18:39:51,0.38,23,facundoolcese
865,16626972,Lawrence,2026-08-06 04:36:36,0.38,4,ziweiresearch
866,15707799,Kun Zhang,2026-08-13 19:41:58,0.38,99,beicicc
867,15486999,Kamal Das,2026-05-09 18:23:24,0.38,6,kmldas
868,15490521,MUHAMMAD SAMEER TARIQ,2026-06-18 03:10:54,0.38,5,muhammadsameertariq
869,15880404,Ahmad Fakhar,2026-06-16 08:30:59,0.38,1,ahmadfakhar
870,15487029,vialactea,2026-05-30 12:04:51,0.38,39,vialactea
871,15563995,Artem Nazemtsev,2026-05-03 14:16:07,0.37,3,artemnazemtsev
872,15824014,KimMun,2026-07-10 15:02:09,0.37,22,munhyeong
873,16100940,Pranesh,2026-07-03 02:25:38,0.37,24,praneshsaha
874,15489635,aha_Yann Zhenxuan,2026-06-16 08:49:38,0.37,2,yannzhenxuan
875,16259498,AlexJoseph12312,2026-06-19 10:43:59,0.37,6,alexjoseph12312
876,15491441,Vitor Hugo Barbedo,2026-07-24 00:04:39,0.37,21,vitorhugobarbedo
877,15914947,Sid_AI_Engineer,2026-05-20 03:35:59,0.36,1,sidaiengineer
878,15504594,Hibachi Fried Rice,2026-05-09 05:56:54,0.36,18,samvalladares
879,15788942,JustRadr,2026-05-02 09:48:47,0.36,2,justradr
880,15579683,Elvis Bui,2026-05-05 19:23:28,0.36,16,elvisbui
881,16110416,Artem Gorokhov,2026-06-30 19:00:05,0.36,1,ga5534
882,15504828,Ryan Adams,2026-07-14 12:02:53,0.36,34,ryanadamsai
883,15705374,rahul singh nsec,2026-06-10 04:07:05,0.36,17,rahulsinghnsec
884,16441059,Rohit Kumar Sahoo,2026-06-29 18:32:32,0.36,1,rohit4118
885,16095073,Gaurav Kushwaha,2026-06-30 06:47:51,0.36,3,fridaycode
886,16311340,Tim Krige,2026-07-14 20:55:38,0.36,3,timkrige
887,16087024,primal,2026-06-24 21:59:11,0.36,3,primalhost
888,15502388,LACK.AI,2026-06-14 08:45:22,0.36,9,ravikumar1234
889,15496181,Rui Costa,2026-04-20 01:53:33,0.36,7,ruicos
890,16594029,Martin Balla,2026-08-04 20:20:05,0.36,5,martinballa
891,16556956,Stefan Reinmann,2026-07-21 08:43:53,0.36,2,stefanreinmann
892,15502834,LongHuL,2026-07-04 13:22:58,0.36,13,longhul
893,16429321,OctoByte,2026-06-28 17:49:14,0.35,4,octobyte
894,15526661,Gena,2026-04-02 08:06:54,0.35,3,gdonchyts
895,15620751,AnonymousTorchCat,2026-04-15 09:14:41,0.35,1,anonymoustorchcat
896,15496986,Marek Nurzynski,2026-05-07 13:44:05,0.35,12,marek3000
897,15495023,Heminator,2026-04-03 00:04:08,0.35,3,heminator
898,15494449,Ahmed Wez,2026-05-05 10:58:59,0.35,19,ahmedwez
899,16158545,yp011235,2026-07-28 21:54:11,0.35,18,yp011235
900,15489094,Pascal Ledesma,2026-08-02 20:21:50,0.35,33,pascalledesma
901,15486835,automatylicza,2026-05-25 09:04:17,0.35,16,automatylicza
902,15721993,naveen11@12,2026-05-14 08:27:34,0.35,15,naveen1112
903,16161345,VibeMesh Labs,2026-07-17 17:45:15,0.35,23,toverly
904,15493035,NamVIDIA,2026-04-21 06:10:39,0.35,18,"alexsandaer,del=37a64735fd4afda1,kevinnqt,vanngothanh"
905,15598296,Marek Wyborski,2026-04-21 11:12:51,0.34,3,marekwyborski
906,16306699,shunsuke240117,2026-06-17 07:39:34,0.34,3,shunsuke240117
907,15733920,S. Jason Prohaska,2026-07-30 07:51:37,0.34,46,sjasonprohaska
908,15499056,David Martin,2026-07-16 15:54:03,0.34,20,databasecsv555
909,15506165,Nine1Eight,2026-08-15 06:41:06,0.34,46,wethepeople918
910,15518410,耶✌,2026-07-13 15:03:39,0.34,23,qifeihhh666
911,15697214,L1a0JH,2026-07-06 07:37:16,0.34,2,coolkid14122
912,15626455,Young,2026-05-06 02:53:55,0.34,15,christie
913,16105765,ali.bhji,2026-07-05 02:02:54,0.34,2,alicomtec
914,15605359,Dmitry Kozlov,2026-05-06 00:01:39,0.34,16,dkozlov
915,15489507,Arnaldo Pereira,2026-06-16 00:12:54,0.34,2,arnaldoapp
916,16042212,HARIDOSS24,2026-05-21 13:20:36,0.34,1,haridoss31
917,15692916,Matthew Blake Ward,2026-07-18 20:48:15,0.34,37,matthewblakeward
918,16426329,Santiago Mota,2026-06-24 08:51:55,0.33,1,santiagomota
919,15618765,zaka26019,2026-06-25 17:21:53,0.33,9,zaka26019
920,15490455,MuChat007,2026-05-09 00:06:29,0.33,20,muchat007
921,16362930,Hafiz Atif Ali,2026-06-28 01:32:11,0.33,2,dingolingo
922,15490245,tdeshpan,2026-05-22 03:14:21,0.33,21,tdeshpan
923,15740088,subbarao pothineni,2026-05-07 20:45:40,0.33,9,subbaraopothineni
924,16250440,Neeraj,2026-06-13 11:43:34,0.33,8,nee404
925,15529479,JarvisMaker,2026-04-08 07:07:08,0.33,4,piuati
926,15632995,Cnueua,2026-04-16 17:50:42,0.33,1,cnueua
927,15504124,UEFO-PRO,2026-04-02 15:22:47,0.33,3,adejumobidaniel
928,15785736,Konstantin Kuzmichev,2026-04-29 19:12:15,0.33,1,konstantinkuzmichev
929,15643108,shivansh patel4354,2026-07-03 22:39:38,0.33,13,"ishanbojja,shivanshpatel4354,vihaandashputre"
930,15632280,zzllusa,2026-05-11 01:02:15,0.33,18,zzllusa
931,16098518,Leifson1337,2026-07-08 16:07:43,0.33,18,leifson1337
932,15534003,yukanglimofficial,2026-06-30 14:29:31,0.33,11,yukanglimofficial
933,16583451,Off Zeno,2026-08-14 00:24:58,0.33,2,roneynascimento123
934,15748091,Karnakbayev Artur,2026-05-08 19:44:19,0.33,9,karnakbaevarthur
935,15966733,Brain is all you need,2026-06-21 17:34:07,0.32,20,yaroslavkholmirzayev
936,16292160,Nandakishor Convai,2026-06-26 05:01:39,0.32,15,nandakishorconvai
937,15754603,greyhound,2026-05-18 00:37:31,0.32,6,tapaskd123
938,16654262,Liesvy Valladares,2026-08-04 01:07:43,0.32,1,liesvyvalladares
939,16253774,Søren Ravn Andersen,2026-06-27 07:14:33,0.32,18,sorenravn
940,15552236,Adarsh,2026-06-29 10:34:45,0.32,5,adarsh2626
941,15542241,"NICOLAS B. QUIROZ, MD",2026-04-30 18:52:03,0.32,12,quirozmd2010
942,15488651,没落者,2026-06-02 01:07:50,0.32,40,needless090
943,15486911,Dhavan Shah,2026-08-05 22:52:56,0.32,4,dhavanshah99
944,15561509,RickyCOrozco,2026-04-21 02:01:49,0.32,6,rickycorozco
945,15570121,Priyanshu Sharma,2026-04-07 09:31:00,0.32,1,priyanshujiiii
946,15497526,shafiullah,2026-06-03 05:03:30,0.32,21,bigdataanalysis1
947,15902343,Peter_P77,2026-05-11 01:50:11,0.32,4,peterp77
948,15749242,ccccccy q,2026-05-07 12:40:33,0.32,3,ccccccyq
949,16594301,ArnavGr0ver,2026-08-16 00:25:26,0.32,9,arnavgr0ver
950,15830194,Mariglen Allushi,2026-05-06 06:36:12,0.32,4,gucci1337
951,16026169,Tkhanna96,2026-06-11 23:21:54,0.32,14,tkhanna96
952,16393169,Aditya Gupta,2026-06-23 11:20:31,0.32,1,shadowmonarc95
953,15495155,Marco Ledda,2026-04-15 10:26:44,0.32,5,marcoledda29
954,15771264,Manav Trivedi,2026-06-13 05:08:13,0.32,12,manavtrivedi
955,16430313,Leszcz,2026-07-19 23:16:55,0.32,6,franciszekpiechocki
956,15586866,AEONICAL LAB,2026-08-03 06:52:15,0.32,9,kudzaiking
957,15491937,Imaad Mahmood,2026-05-16 17:11:54,0.32,23,imaadmahmood
958,16299461,ksjksj,2026-07-02 13:39:45,0.32,4,ksjksj
959,15494935,Mattpelor,2026-04-17 08:49:03,0.31,22,mattpelor
960,16560494,victor,2026-08-07 03:01:34,0.31,11,vicmcorrea
961,15733342,warriorjod,2026-06-29 05:19:00,0.31,7,warriorjod
962,15624195,Zerabyte_X,2026-06-04 11:56:09,0.31,4,zerabytex
963,16532032,Takao Morita,2026-08-16 02:57:43,0.31,19,takaomori
964,16150014,Banwait_13,2026-08-15 10:07:50,0.31,11,banwait13
965,15486743,Yash Marathe,2026-06-28 17:08:44,0.31,2,maratheyash
966,15702803,Yiding Wang,2026-06-19 08:50:54,0.31,11,"jalenchang,yidingwangwill"
967,15596779,Vandit,2026-06-16 08:09:02,0.31,43,vandittyagi0909
968,16390772,Abid Ali Awan,2026-06-18 18:54:08,0.31,1,kingabzpro
969,15533115,P3069,2026-04-01 19:23:16,0.31,1,pietrocol
970,16269931,Trueis,2026-08-08 17:09:37,0.31,5,"trueis,vaibhavkovela"
971,16371167,TG_Aetheryx,2026-07-11 00:59:51,0.31,24,subzerin
972,15557566,Petitgen,2026-08-16 00:03:25,0.31,3,negtitep
973,15858349,Leave Blank,2026-05-14 04:52:42,0.31,6,ai4funnwp
974,15562202,Daris Dzakwan Hoesien,2026-04-06 02:41:49,0.31,1,darisdzakwanhoesien2
975,15858927,Mehul Mathodia,2026-06-05 11:41:22,0.31,16,mehulmathodia
976,15546253,Digitally Demented,2026-06-03 17:40:16,0.31,40,digitallydemented
977,15883736,kusui26,2026-05-27 01:27:36,0.31,8,kusui26
978,15540981,Quintilis Academy,2026-08-15 04:11:54,0.31,46,"paulgrenci,quintilisacademy,sarthakpatnaik1998"
979,16082260,Saptak Banerjee,2026-05-26 10:48:40,0.31,1,saptakbanerjee123
980,15488017,AMD,2026-05-06 14:56:50,0.31,10,amadesouki
981,16153444,Jeffan Chen,2026-06-16 03:34:00,0.31,11,jeffanc
982,15489579,Kiki,2026-06-04 11:30:12,0.31,4,rouiou
983,15496864,Alper Ugurcan,2026-05-31 12:52:03,0.31,16,alperugurca
984,16260267,blackseashark@gcvt,2026-06-22 20:23:08,0.31,9,"blackseasharkgcvt,morsmanipulus,shreyjauhari,sidheshmishra,trushti"
985,15819155,yi-yang,2026-06-05 06:08:40,0.31,14,yihsiuyang
986,15511390,NinjaNick,2026-04-03 00:31:54,0.31,6,ninjanick
987,16261636,dan 0438,2026-06-26 02:02:19,0.31,10,dan0438
988,15538930,Ashmawy,2026-06-08 18:52:33,0.31,10,ashmawy
989,16678752,GB1105,2026-08-07 09:23:26,0.30,2,gb1105
990,15561790,sillyveh,2026-04-20 12:17:26,0.30,7,sillyveh
991,15503127,TARUN8808,2026-05-07 18:32:47,0.30,15,tarun8808
992,16261586,ahmet akyurt,2026-06-30 08:01:47,0.30,16,ahmetakyurt
993,16380819,jdysjg,2026-07-11 01:00:00,0.30,19,tgmath
994,16665305,Jun_value,2026-08-14 00:42:54,0.30,5,junvalue
995,15506605,Troyxxf,2026-04-29 05:07:09,0.30,25,troyxxf
996,16254990,Peter Kim,2026-06-07 15:51:05,0.30,1,petekiam27
997,15504827,Yeshua,2026-06-07 14:42:30,0.30,33,mosesjoshuacoker
998,15557388,Ttkuma,2026-06-27 03:15:33,0.30,4,ttkuma
999,16205244,HaochenShi,2026-07-04 02:44:17,0.30,3,haochenshi
1000,15770611,Ayaka Kirima,2026-06-24 13:57:25,0.30,1,ayakakirima
1001,15508564,Marius Heuser,2026-06-30 20:36:28,0.30,44,mariusheuser
1002,15541601,Shhn,2026-04-04 00:19:56,0.30,3,shahinkh
1003,15861414,Mario Santorelli,2026-05-10 00:20:07,0.30,5,mariosantorelli
1004,15502772,Ameya Tanikella,2026-04-18 15:02:10,0.30,1,axizcc
1005,16665571,Leszek Góra,2026-08-16 03:06:56,0.30,9,leonixis
1006,16095139,Apex,2026-06-15 22:46:01,0.30,10,brendank1ng
1007,16059142,TheLightIs,2026-06-06 22:06:31,0.30,3,thelightis
1008,15601708,Liew Keong Han,2026-07-01 00:17:32,0.30,7,farmountain
1009,16534180,ShadowJutszu,2026-07-31 07:11:15,0.30,12,gshadow
1010,15495259,geolearnerr,2026-06-11 03:49:27,0.30,1,geokocha
1011,15865894,fengren,2026-05-06 02:20:22,0.30,2,fengrenyang
1012,15569757,Jules,2026-07-15 11:25:02,0.30,8,julesvanligtenberg
1013,15628830,Pz,2026-05-14 13:47:03,0.30,9,phillipvz
1014,15491130,christopher athans crow,2026-07-20 03:29:42,0.30,13,cchrisaa
1015,15509337,Daniel Cooper,2026-04-05 14:06:03,0.30,9,habrt03
1016,16530739,陈星余csu,2026-07-14 05:12:32,0.29,3,csucxy
1017,15549790,Md Feroz Ahmed,2026-04-03 17:56:59,0.29,1,mdferozahmedafm
1018,15552744,Gwho,2026-04-24 14:18:08,0.29,14,gwhoxd
1019,16155197,XiaoYan12,2026-06-28 06:25:03,0.29,9,xiaoyan12
1020,16438896,pilipala,2026-06-27 06:32:13,0.29,2,nianshi
1021,16490468,Yogi Godara,2026-07-13 13:53:42,0.29,4,yogigodara
1022,15607045,ChenZiang,2026-05-13 02:20:12,0.29,3,leoziangchen
1023,15488321,khalwaniev,2026-05-07 08:05:20,0.29,5,khalwaniev
1024,16191729,Pruden,2026-06-11 05:53:36,0.29,2,mohammedm0iz
1025,16432466,ne Artem Savchenko,2026-06-29 08:05:25,0.29,3,neartemsavchenko
1026,15526600,iheb2023 ,2026-04-02 12:56:12,0.29,2,iheb2023
1027,16012003,AdamBelniak,2026-05-19 09:29:17,0.29,1,adamos581
1028,15486978,Lennart Haupts,2026-04-08 14:52:11,0.29,1,lennarthaupts
1029,15500416,Aditya Krishnan Mohan,2026-05-01 07:16:27,0.29,4,adityakrishnanmohan
1030,15582918,colt,2026-06-30 00:39:05,0.29,6,xiaomaguo
1031,16475988,Vishnu R Mohan,2026-07-20 03:50:39,0.29,12,vishnurmohan
1032,15548641,hiromi maeo,2026-05-08 09:31:57,0.29,34,hiromimaeo
1033,15588843,Nilesh kumar yadav,2026-04-11 18:12:53,0.29,1,nileshyadavme
1034,15932748,Paulo Pinto,2026-05-14 13:09:43,0.29,1,paulorzp
1035,16017546,Shiva,2026-06-09 19:42:54,0.29,3,shivasai77
1036,15545902,bailh1,2026-04-03 10:05:26,0.29,1,bailh1
1037,15521649,Thangtm,2026-04-06 02:48:08,0.29,1,theaiboy
1038,16262158,Shlok Sah,2026-07-04 00:20:01,0.29,9,shloksah
1039,15622692,Ralf,2026-06-08 07:33:50,0.29,22,ralfffhs
1040,15487143,Ishraq Tanvir,2026-04-08 15:05:56,0.29,1,ishraqtanvir
1041,16305354,dan0437,2026-06-30 05:44:41,0.29,8,nishitdashputre
1042,15622290,minghao mei,2026-04-16 05:36:00,0.29,2,minghaomei
1043,15558459,Chek,2026-06-16 02:48:06,0.29,23,"lnmson,mncuchiinhuttt"
1044,15815046,Panagiotis Katsakioris,2026-06-14 09:10:52,0.29,2,panagiotiskat
1045,16089303,13-Strings,2026-06-21 06:02:13,0.28,24,thirteenstrings
1046,15487135,Satkar sarvankar,2026-05-16 11:47:43,0.28,4,satkar003
1047,16014477,Mandel,2026-06-05 12:46:46,0.28,5,mandelxu
1048,15504932,Soymilk,2026-04-21 16:54:39,0.28,2,gap123
1049,15789748,oQoXOdK6,2026-04-30 03:34:38,0.28,1,oqoxodk6
1050,15584520,Nadine Squires,2026-04-15 11:11:56,0.28,7,nadinesquires
1051,15993194,Jonas von Kobylinski2,2026-06-23 01:03:19,0.28,4,jonasvonkobylinski2
1052,16278339,Kyriakos Tsourekas,2026-06-20 10:47:34,0.28,6,kyriakostsourekas
1053,15780213,Justin Arndt,2026-07-01 01:01:10,0.28,8,justinarndt
1054,15486959,The Loose Goose,2026-07-27 23:46:05,0.28,41,konradbhopenottaken
1055,15501420,SIVA S,2026-08-16 04:16:07,0.28,139,codingmaster24
1056,15497723,[Deleted] 5dfc4429-6f3c-47d1-ba2d-0ac9055a8eaa,2026-04-22 05:12:50,0.28,18,josefedwards
1057,15575054,yuri-ao,2026-05-20 04:02:44,0.28,8,yuriao
1058,16371227,Anand Kumar,2026-07-06 04:48:05,0.28,5,anandkg22
1059,16001833,Yield Smarter,2026-06-10 14:24:49,0.28,5,yieldsmarter
1060,16028584,Ryoki Kunii,2026-07-25 23:40:18,0.28,24,programmerryoki
1061,16266590,liuweiqing147,2026-06-26 01:40:56,0.28,11,liuweiq
1062,16248093,EddieSong08,2026-06-21 06:39:27,0.28,6,eddiesong08
1063,15703826,shwesh,2026-04-28 04:08:30,0.28,3,shwesh
1064,15507995,Manish Swami,2026-04-06 15:43:45,0.28,4,manish756
1065,15736475,Yukeiso,2026-05-02 00:18:24,0.28,4,katayuji
1066,15487588,Benjamin Storck,2026-04-21 07:31:12,0.28,12,benjaminstorck
1067,16298976,AnSuSu,2026-06-25 20:25:36,0.28,3,asusu
1068,15623247,Kujaomega,2026-04-15 16:25:26,0.28,1,kujaomega
1069,15821468,royvivasi,2026-05-07 20:27:51,0.28,5,royvivasi
1070,16426243,tsdocode,2026-06-29 05:37:56,0.28,6,tsdocode
1071,15917281,Ansel,2026-05-17 02:58:38,0.28,6,sitaochou
1072,15525116,Jack,2026-04-10 21:24:23,0.28,5,jackvd
1073,16600353,Tom Yim,2026-08-10 04:12:10,0.28,2,tomyim
1074,15931624,Jaksen,2026-05-29 19:51:39,0.28,12,jaksencharles
1075,15493869,Anh Khoa Đoàn Nguyễn,2026-06-30 05:19:32,0.27,40,anhkhoaonnguyn
1076,16573365,Vadim Soin,2026-08-09 04:19:25,0.27,5,vvsoin
1077,15785849,ARC 3,2026-05-13 03:50:53,0.27,7,pinkrahnanaofosuhene
1078,15553625,schanitater,2026-04-09 08:14:00,0.27,2,schanitater
1079,16470206,mark22,2026-08-01 14:42:41,0.27,6,markus22
1080,16053147,Zie Chan,2026-06-25 07:32:05,0.27,1,ziechan
1081,16097064,PYK0409,2026-07-06 09:49:56,0.27,10,pyk0409
1082,15496613,Shivam Singh,2026-04-07 17:04:52,0.27,3,shivamsingh17072001
1083,15573480,Carlos Henrique C. Matos,2026-04-08 12:43:56,0.27,2,carlosmatos97
1084,16030817,medkhalil hawachi,2026-07-01 13:19:55,0.27,6,medkhalilhawachi
1085,16057217,Zhou Canyu,2026-07-01 04:03:57,0.27,26,zhoucanyu
1086,15785832,Benjamin Woodson,2026-04-29 19:38:25,0.27,1,benjaminwoodson
1087,15488011,dataWr3cker,2026-04-07 12:40:29,0.27,11,gourabr0y555
1088,16317238,Nandakishor,2026-06-27 10:16:36,0.27,1,nandukuttan
1089,15559270,ommo007,2026-04-13 07:06:51,0.27,6,ommo0047
1090,16275076,Gloria_Leille,2026-06-12 04:37:24,0.27,4,mathemagicianbb
1091,15549819,kawaii,2026-04-15 07:55:46,0.27,4,vrshyamsunder
1092,16320397,Demirhan1,2026-08-10 01:06:24,0.27,10,demirhan1
1093,16209449,Ajay_Rao_43,2026-06-28 07:59:21,0.27,2,ajayrao43
1094,15657107,Inexperienced Me,2026-07-31 08:58:04,0.27,10,inexperiencedme
1095,15495088,Albert Wang,2026-06-26 22:24:47,0.27,3,mianwang1024
1096,15522913,[Deleted] 7ce58550-6ceb-4cf7-a465-8262efdf1126,2026-04-08 06:55:01,0.27,2,del=98bb24a0882b539e
1097,15629139,vishnuvardhan33,2026-04-16 09:47:01,0.27,1,vishnuvardhan33
1098,15904528,Jihang Li,2026-05-15 00:00:58,0.27,7,jihangli1121
1099,15493240,Abdul wahab Khan,2026-04-06 07:55:22,0.27,3,abdulwahab2321
1100,15554292,Yang Lv,2026-04-06 03:52:34,0.27,2,lvyang199888
1101,15493727,Taurowl,2026-06-16 07:48:19,0.27,2,lnminh
1102,15607879,Gijs Schenk,2026-07-07 00:03:25,0.27,18,gijsschenk
1103,15616560,Raja T,2026-06-15 14:39:13,0.27,3,rajathiagaraj
1104,15582875,stunningvn,2026-04-23 03:06:15,0.27,13,dedquoc
1105,15909953,Quang Anh Đặng,2026-06-24 07:14:14,0.27,1,quanganh27th
1106,15487443,Ravi Annaswamy,2026-04-27 00:48:07,0.27,9,raviannaswamy
1107,15676875,TmDofi,2026-06-27 18:38:01,0.27,2,tmdofi
1108,15533773,Bo Peng,2026-04-09 13:01:48,0.27,4,bopengiowa
1109,15645555,Luke Stafford,2026-05-02 15:11:19,0.27,13,luketstafford
1110,15785836,Joycelyn Adjekum,2026-04-30 00:06:58,0.27,2,adjekumjoycelyn
1111,15490684,Mansour A. S. Ataa,2026-08-01 21:25:07,0.27,10,profmansoor
1112,16018267,NotWhatYouThink,2026-06-05 07:55:13,0.27,12,notwhatyouthink
1113,15633641,Froggy McFrogson,2026-07-03 03:27:36,0.27,14,aidetective
1114,16315646,Shrike,2026-06-30 14:41:11,0.27,3,h0zier
1115,15499385,Scenery SunFireInk,2026-05-23 12:37:52,0.27,10,scenerysunfireink
1116,15734440,Teitlax,2026-05-06 15:05:11,0.27,10,teitlax
1117,16403751,Md. Faisal Sheikh,2026-07-02 19:50:01,0.27,1,mdfaisalsheikh
1118,15584321,Nikolay Bogatikov,2026-05-07 04:34:25,0.27,16,nikbgv
1119,15650626,sidney niu,2026-06-25 13:34:55,0.27,12,sidneyniu
1120,15504646,claudius codexius 🐾,2026-06-27 05:21:55,0.27,30,lucyellu
1121,15604365,derealt,2026-04-12 21:40:17,0.26,1,derealt
1122,15592269,sun xiaotang,2026-05-05 07:43:13,0.26,5,sunxiaotang
1123,15495734,dia,2026-04-15 05:14:30,0.26,4,adkasd
1124,16302886,Samuel Bartlett,2026-06-17 08:31:59,0.26,1,samuelbartlett1
1125,16019513,rivzzzzz,2026-05-26 08:10:23,0.26,7,rivuletnriver
1126,15538144,Dhruv Bansal,2026-04-06 22:02:46,0.26,1,dhruvb2028
1127,15846957,JISHNU CHAUHAN,2026-05-05 18:35:13,0.26,2,jishnuchauhan1
1128,15499301,SANNNNN,2026-04-11 18:48:06,0.26,5,zuhairsan
1129,15487910,Ova,2026-03-29 13:33:43,0.26,1,overvalueawareness
1130,15584272,rndmprsn7,2026-05-08 12:31:20,0.26,6,rndmprsn7
1131,15487988,Jason Yoon,2026-04-05 02:22:01,0.26,8,jasongyoon
1132,15585956,Jason-Oh,2026-08-11 00:57:46,0.26,4,dossantoss
1133,15493499,Thomas Ferraz,2026-07-01 19:10:33,0.26,4,thomasferraz
1134,15527662,JinchengZhang1,2026-04-16 06:06:54,0.26,2,jinchengzhang1
1135,15499396,everythingisnew,2026-04-05 07:54:09,0.26,2,everythingisnew
1136,16541906,Kethan Sai,2026-08-11 09:21:54,0.26,4,kethansaikoneru
1137,15758349,Yuke_jpn,2026-06-02 04:26:38,0.26,2,yukejpn
1138,15975675,bbarclay6,2026-07-07 13:04:44,0.26,7,bbarclay6
1139,16609684,Mary Dun,2026-08-11 22:43:56,0.26,8,mukdal
1140,15526849,SkittlesGod,2026-05-07 01:38:17,0.26,5,svanikkolli
1141,15991890,sakshigoswami335,2026-06-11 06:02:37,0.26,7,sakshigoswami335
1142,16369299,Furina,2026-06-29 05:48:12,0.26,1,dfgtde
1143,15522512,Nic Barthelemy,2026-08-14 13:37:27,0.26,5,nicbarthelemy1
1144,15834133,Amrita_Singh1011,2026-05-09 03:20:12,0.26,7,amritasingh1011
1145,16599278,Chandram Dutta,2026-07-26 10:47:14,0.26,2,chandramdutta
1146,15989051,Ömer,2026-06-07 12:44:06,0.26,5,otaskaya
1147,16238028,_imerdell,2026-06-08 12:29:44,0.26,2,imderdell
1148,15560998,Reza Azami,2026-04-05 19:35:43,0.26,1,rezaazami
1149,15724003,Khai Phan Van,2026-06-09 05:09:31,0.26,9,khaiphanvan
1150,16253766,@s3werst,2026-06-06 19:11:47,0.26,1,mellamoa
1151,16144889,Aleksandr Nikolich,2026-06-13 00:19:11,0.26,12,alexwortega
1152,15603524,Shamim Kabir Kazim,2026-04-23 12:10:37,0.26,5,shamimkabirkazim
1153,15567100,Yash Rathod,2026-08-12 16:37:48,0.26,5,yash02102
1154,15573272,Engram,2026-05-02 00:01:12,0.26,18,engram
1155,16444395,Saumya Jagishbhai Shah,2026-06-28 17:56:27,0.26,2,saumyajagishbhaishah
1156,16428372,Syed Salman,2026-06-30 19:15:55,0.26,4,salmanhabeeb
1157,15991895,Terry,2026-06-30 08:21:10,0.26,13,terrywongvip
1158,15634401,IAI,2026-04-30 16:14:29,0.26,3,fuyu1304
1159,16593937,Adaption State,2026-07-06 13:59:55,0.25,12,"aurorcys,micmlmodels"
1160,16417738,cwdcca,2026-06-24 00:46:42,0.25,2,cwdcca
1161,16530489,Yaroslav Hryhorenko,2026-08-07 10:37:13,0.25,10,yaroslavhryhorenko13
1162,15489992,songling,2026-06-02 04:36:38,0.25,4,"lvbingrong,miguelhu,oralia"
1163,16151241,Ivan Tretyakov,2026-06-02 01:46:33,0.25,1,hopeofchange
1164,15488208,BROSKI,2026-04-01 13:17:34,0.25,2,nacefmbarek
0,15485224,Stochastic Goose,2026-03-25 00:34:10,0.25,1,
1165,16301639,killf,2026-06-12 05:32:44,0.25,1,killf2019
1166,16300712,Krishna Harish,2026-06-16 09:15:14,0.25,1,krishnaharish
1167,15503925,Leandro,2026-04-30 12:21:24,0.25,22,leandro357
1168,16432610,Qubic Nxon Vivancos & Sanchez,2026-08-16 05:21:00,0.25,49,davidvivancos
1169,15988957,wd13ca,2026-06-22 01:44:26,0.25,12,wd13ca
1170,16200283,Gowri G,2026-06-25 05:46:52,0.25,2,sarg99
1171,15501430,kcy4,2026-04-22 07:57:17,0.25,5,cy4ego
1172,15660900,Hammad Farooq,2026-06-04 02:00:35,0.25,5,hammadfarooq470
1173,16304225,Bian Sun,2026-06-11 18:03:19,0.25,1,biansun
1174,15646919,MASAAKI HAYASHI,2026-04-30 10:17:33,0.25,4,masaakihayashi
1175,16580779,Darkhan Nurakhmetov,2026-07-30 04:13:24,0.25,9,hoogleraar
1176,15879901,Ruby Nguyen,2026-05-07 23:00:24,0.25,2,nguyenthianhngoc
1177,16617725,Y10x17,2026-07-31 14:48:01,0.25,2,y10x17
1178,15493721,Zejun_,2026-04-13 10:28:44,0.25,7,zejunfool
1179,15615868,Parsa,2026-06-15 09:26:00,0.25,6,parsahriri
1180,15940415,ganapathi ekambaram,2026-07-13 02:01:28,0.25,11,vivekgana
1181,15576315,IGpig1226,2026-06-16 12:28:20,0.25,5,"igpig1226,quanruili"
1182,15516474,Esabelle Chen,2026-04-05 07:12:47,0.25,5,esabellechen
1183,15493522,Suneet Saini,2026-05-24 20:49:40,0.25,5,suneetsaini
1184,15750948,Suprivi,2026-04-27 15:13:05,0.25,1,suprivi
1185,15516659,john,2026-06-01 10:49:43,0.25,13,jaejohn
1186,15557086,Guus Bouwens,2026-04-05 04:17:51,0.25,1,guusbouwens
1187,16237585,humble_some1,2026-06-06 18:25:48,0.25,2,some123e23
1188,15586166,hiroto funasaki,2026-05-19 22:45:53,0.25,40,hirotofunasaki
1189,15631567,Hiryu,2026-06-17 04:12:21,0.25,2,kusurizuke
1190,16340437,Pilferer,2026-07-04 09:41:16,0.25,4,pilferer
1191,15584000,Muhammad Firdaus,2026-04-24 01:35:30,0.25,4,ldausl
1192,15495756,Corentin Lespagnol,2026-04-20 14:07:38,0.25,3,lespagnolcorentin
1193,16410979,Zoooom,2026-07-15 08:08:45,0.25,12,zoooom
1194,15556399,Eric Stone,2026-04-26 21:59:37,0.25,11,ericstone92
1195,16703813,Ayça Güler,2026-08-15 22:29:47,0.25,6,ayagler
1196,16281126,Ghazaros Barseghyan,2026-08-11 18:06:38,0.25,15,ghazarosbarseghyan91
1197,16213488,Laljith Legend,2026-06-08 03:13:23,0.25,3,laljithlegend
1198,15493283,Falling Entropy,2026-05-16 06:32:03,0.25,1,jasongsloan
1199,16012288,lee,2026-07-08 06:16:00,0.25,14,kannanlee
1200,15803277,Md Mahfuz Sumon,2026-05-01 14:09:12,0.24,2,mdmahfuzsumon
1201,15670669,Rohanrk1813,2026-04-25 09:29:14,0.24,1,rohanrk1813
1202,16444046,ChaiHuacan,2026-07-01 10:51:25,0.24,4,chaihuacan
1203,15486758,Chen,2026-06-17 23:59:54,0.24,11,chenku
1204,15499412,JRSSKumarD,2026-06-05 14:34:32,0.24,4,jrsskumard
1205,16194970,Hanif Noer Rofiq,2026-06-03 11:07:21,0.24,1,hanifnoerrofiq
1206,15875904,CODE AZE,2026-05-31 08:19:25,0.24,5,codeaze
1207,16384033,UnknownNull,2026-06-24 05:20:24,0.24,7,unknownnull
1208,15516538,GarlicToday,2026-04-02 06:25:17,0.24,4,garlictoday
1209,15610405,Victor Merckle,2026-04-22 06:59:22,0.24,6,vmerckle
1210,15585110,niub_hihi,2026-04-09 16:18:45,0.24,1,niubhaihai
1211,16039638,Nithin Nivhar,2026-05-23 07:16:32,0.24,2,nithinnivhar
1212,15487794,janeodum,2026-04-03 17:16:05,0.24,6,janeodum
1213,16406609,Prabhjot Singh,2026-06-29 14:14:42,0.24,3,issajatt
1214,15743130,senileFelines,2026-04-26 11:16:49,0.24,1,digantabhattacharya
1215,16157287,mywind,2026-06-02 11:12:40,0.24,1,mywind
1216,15569794,AMATEUR,2026-04-10 08:02:30,0.24,2,lxx0114
1217,15517687,bouganvillea,2026-04-05 10:09:54,0.24,1,bouganvillea
1218,15745821,II,2026-05-22 05:10:18,0.24,20,kravets
1219,15496330,Amin Haidar,2026-06-04 16:48:49,0.24,14,aminhaidar
1220,15621355,Hong Dae Kim,2026-07-18 07:55:28,0.24,13,hongdaekim
1221,15529411,mt,2026-07-30 12:37:43,0.24,1,mtanakaslgfreak
1222,15800355,betterme12345,2026-05-19 14:19:25,0.24,2,betterme12345
1223,16610821,Shashwat Bajpai,2026-08-16 00:11:29,0.24,15,shashwat1729
1224,15668277,Saad Sharif Ahmed,2026-04-23 00:44:53,0.24,3,zeon01
1225,15612479,capyun007,2026-04-14 03:06:00,0.24,1,capyun007
1226,15693630,lon guo,2026-05-06 01:50:10,0.24,2,longuo
1227,16418442,SK,2026-07-04 03:06:14,0.24,6,sheronkoshy
1228,16594426,Aaryan Pawar,2026-08-16 04:52:33,0.24,10,aaryanpawar16
1229,16532564,Chris Eldho Varghese,2026-07-11 19:54:43,0.24,1,chriseldhovarghese
1230,15655305,Fernandosr85,2026-05-21 03:38:18,0.24,8,fernandosr85
1231,16701377,Rafał Wiktorowicz,2026-08-14 21:01:53,0.24,5,"budzajantoni,rafawiktorowicz"
1232,15631835,JerrySun,2026-04-23 07:37:09,0.24,1,jerrysy
1233,16004449,Justin Tang,2026-05-17 16:50:37,0.24,1,justin2009
1234,16277739,Harshit Shakya,2026-06-17 10:33:06,0.24,8,harsh707
1235,15493639,Ivan Zdravkov,2026-04-25 05:15:42,0.24,7,ivanzdravkov
1236,16561363,Seanwang,2026-07-27 21:21:27,0.24,4,seanwang0215
1237,15501113,DAYDREAMER,2026-06-23 04:40:44,0.24,6,annsnow
1238,15566563,Asan Ashirov,2026-06-03 05:12:40,0.24,2,asanashirov
1239,15812290,がっちむち♂,2026-08-03 07:58:07,0.24,3,tecchannn
1240,16049416,rahul ji indian,2026-07-18 05:55:44,0.24,3,rahuljiindian
1241,15773862,Mayank Bhaskar,2026-05-22 16:04:03,0.24,15,cataluna84
1242,15565341,Brad7161,2026-04-17 04:19:38,0.24,3,brad7161
1243,15651728,Stella Nova,2026-04-19 14:54:05,0.24,1,ponlawatk
1244,16306541,1J SHEN,2026-06-20 07:03:04,0.24,8,yijieshen123
1245,15859241,Randomhandsomeguy,2026-05-08 22:25:57,0.23,1,rayyen216
1246,15517983,Zack Hlongwane,2026-08-09 00:01:37,0.23,4,zackhlongwane
1247,15656668,Putra Pribowo,2026-06-03 02:42:07,0.23,28,putrapribowo
1248,15569310,titanascended,2026-06-24 15:04:50,0.23,4,itsyuvrajsharma
1249,16402409,SingularityML,2026-08-07 00:07:59,0.23,14,dnaftalovich
1250,15487431,epigene,2026-04-20 17:00:25,0.23,4,nadhu59648
1251,16346007,How bad can it go?,2026-08-13 00:42:20,0.23,12,calamitychasm
1252,15511692,Riku,2026-04-02 00:07:08,0.23,4,riku443
1253,16539872,RiBenWanDuZi,2026-08-02 11:39:02,0.23,2,ribenwanduzi
1254,15489085,Rithvik Redrouthu,2026-06-18 00:12:48,0.23,6,rithvikredrouthu
1255,15860627,Yassir Acharki,2026-06-11 14:42:54,0.23,4,yacharki
1256,15519725,RJThompson,2026-06-06 00:18:25,0.23,8,rjthompson
1257,15490758,Jean-Louis Roy,2026-04-13 00:30:16,0.23,8,jeanjean111
1258,15909598,Matianyuu,2026-05-09 11:38:11,0.23,1,matianyuu
1259,15513766,Arnav Ashank,2026-04-11 22:43:56,0.23,1,ashank19
1260,16497884,KevinST,2026-07-13 00:06:13,0.23,2,keisukesaito
1261,16339698,Alexey Samosadov,2026-06-24 14:48:06,0.23,5,alexeysamosadov
1262,15550219,Kanishk Paul,2026-07-14 10:41:01,0.23,5,kanishkpaul
1263,15500702,Yuxuan-Wang,2026-04-14 12:26:23,0.23,4,linkinin
1264,16559294,Curious_Crumb,2026-08-16 08:21:02,0.23,14,nouryassir101
1265,15498454,Auravana,2026-04-25 03:09:29,0.23,22,fountainheadle
1266,16715087,Karl Ambrosius 2020,2026-08-16 00:21:52,0.23,3,karlambrosius2020
1267,15551895,Fabian Henning,2026-06-15 09:17:32,0.23,1,crustacean
1268,15510267,zacsho,2026-03-31 05:43:59,0.23,2,zacsho
1269,15738224,kokinnwakashuu,2026-06-22 10:33:55,0.23,5,kokinnwakashuu
1270,16706947,Antonio,2026-08-14 15:44:36,0.23,3,heyang993
1271,15580888,yiheagicom,2026-07-08 07:43:30,0.23,46,yiheagicom
1272,15756664,Chase Bonfiglio,2026-06-20 21:48:15,0.23,27,chasebonfiglio
1273,16230355,secret_society,2026-06-29 20:17:17,0.23,6,"abusafwanmdfarhan,iftekharmohammed,kmmehrabhossain,zihadulislamtasin"
1274,15924651,Minh Ky,2026-06-05 07:49:16,0.23,5,phamminhky
1275,15865282,[Deleted] 382a8fa2-3d67-4ed9-9dc8-6f828d5e8ded,2026-07-02 05:14:27,0.23,19,del=d11a993744c492c4
1276,16003022,Vengeful,2026-07-23 19:42:05,0.23,49,vengeful
1277,15532771,Yousef Turk,2026-07-09 13:34:07,0.23,2,yousefturk
1278,15972322,wking edewd,2026-05-15 11:33:22,0.23,2,wkingedewd
1279,16392203,Samuel Lippert,2026-06-30 23:59:16,0.23,3,samuellippert
1280,16712466,A.P.R.I.L,2026-08-15 03:15:16,0.23,4,puneeth333
1281,15502192,Santhana,2026-08-09 01:48:06,0.23,6,santhanalekshmic
1282,15583795,imranyaishaik,2026-04-10 05:05:29,0.23,2,imranyaishaik
1283,15602587,Martin Mbalkam,2026-05-31 13:53:07,0.23,3,martinmbalkam
1284,15631257,K.THARUN KUMAR,2026-08-10 17:32:40,0.23,7,tharunkumar369
1285,15489961,Chirapathleo Saelim,2026-05-17 10:20:57,0.23,8,chirapathleosaelim
1286,15537216,[Novosibirsk] Nikita Kuznetsov,2026-04-26 12:30:06,0.23,3,nikitakuznetsof
1287,16329511,xinhao642,2026-06-22 18:29:02,0.23,5,xinhao642
1288,16674916,مشعل العتيبي,2026-08-15 15:58:10,0.23,5,vexsz71
1289,15775532,insuperabilehart,2026-05-08 19:48:58,0.23,2,insuperabile
1290,15756739,Ajay Caxzen,2026-04-27 22:19:13,0.23,1,caxzen
1291,15516579,jiashuo Ma,2026-07-28 06:47:08,0.23,4,ooo876
1292,16415999,Harsh Yadav,2026-07-18 10:02:52,0.23,5,swiftcoderharsh
1293,16614304,Brent,2026-08-04 03:29:41,0.23,7,brentwoodard
1294,16535729,Soft,2026-08-13 14:54:10,0.23,6,fabienwaitzenegger
1295,15625936,nendo0325,2026-04-16 02:13:45,0.23,1,nendo0325
1296,16654483,Anirudh Negi,2026-08-14 14:33:29,0.23,6,anirudhnegi24
1297,15947042,skyhuang233,2026-05-16 10:19:03,0.23,4,skyhuang233
1298,15868357,Youssef Yacoup,2026-05-19 15:00:40,0.23,3,youssefyacoup
1299,16097946,harmo-miu,2026-05-29 03:18:16,0.23,2,harmomiu
1300,15512325,Vivswan,2026-05-18 00:06:00,0.23,23,vivs2904
1301,15514585,Cade Hall,2026-04-07 11:29:16,0.23,5,cadehall
1302,16603382,Carlos Ponce,2026-08-11 17:41:25,0.22,3,carlosoponce
1303,15486656,Isaiah Nwukor,2026-07-10 02:14:25,0.22,66,thezetaproject
1304,15520730,Saeyohn,2026-07-10 00:07:53,0.22,10,mahendransaeyohnn
1305,16298352,Martin Kolar #2,2026-07-02 21:14:43,0.22,9,pi2caefeithoh0ciephe
1306,15493216,Don,2026-06-29 09:32:43,0.22,12,edonisraci
1307,16146361,Vladislav Miheev,2026-06-09 21:50:48,0.22,5,vladislavmiheev
1308,16234547,Mikhail Bovt,2026-07-01 10:07:00,0.22,12,mikhailsovab
1309,16312641,Michal Z Gow,2026-06-30 07:21:34,0.22,7,michalzgow
1310,15939706,sladwet,2026-05-16 12:24:29,0.22,5,sladwet
1311,16199408,Bhargav .T,2026-07-01 02:42:30,0.22,13,kotabhargavt
1312,15985475,z84415624,2026-06-30 16:00:30,0.22,5,z84415624
1313,16468545,Yo,2026-07-04 00:07:02,0.22,4,goyeahia
1314,15491887,Uday Bhatia,2026-05-12 15:36:01,0.22,2,udaybhatia
1315,16304922,MattOwen42,2026-06-30 17:42:36,0.22,4,mattowen42
1316,15487233,Андрей Ганин,2026-06-29 14:37:10,0.22,4,qwertyyyy769492
1317,15492312,yash bhaskar,2026-04-08 05:15:12,0.22,1,yash9439
1318,15487998,TriviaTroy,2026-05-16 22:48:51,0.22,7,troyjfields
1319,16540105,Fourteeny,2026-08-14 12:43:16,0.22,6,fourteeny
1320,15486898,THUNDER THUNDER,2026-04-05 06:05:34,0.22,1,thunderthunder
1321,15495425,Ra'uf Fauzan Rambe,2026-05-28 03:03:55,0.22,5,rauffauzanrambe
1322,16605331,Pedro Lirón de Robles,2026-07-29 11:25:51,0.22,2,pedrolirnderobles
1323,15625377,dongdong zhang,2026-04-21 14:53:09,0.22,1,mcdongdongzhang
1324,15493311,Shun_PI,2026-04-16 05:58:54,0.22,3,shunrcn
1325,15523710,Ayan Bashir Sheikh,2026-04-20 13:02:17,0.22,7,ayanbashirsheikh
1326,16473675,Samuel David Egwu,2026-07-29 16:28:48,0.22,2,samuelegwu
1327,16283369,wentixiaogege,2026-06-12 01:56:54,0.22,3,wentixiaogege
1328,15569188,xianxu qiu,2026-06-16 08:53:32,0.22,2,xianxuqiu
1329,15517357,simmons1025,2026-06-28 00:02:06,0.22,3,simmons1025
1330,16452844,Vignesh A,2026-06-30 16:44:06,0.22,2,vignesha1
1331,16319847,Anubhav,2026-06-28 04:54:03,0.22,2,anubhav27
1332,16450166,Jayden Jeswin Raj,2026-06-29 08:47:41,0.22,1,richardmaddox
1333,16048012,JasonZeng,2026-06-29 09:45:17,0.22,1,jasonzeng
1334,16374717,YangAoTian,2026-07-07 07:34:43,0.22,4,yangaotian
1335,15584738,Freedomfighter1290,2026-04-09 17:27:39,0.22,1,freedomfighter1290
1336,16143282,Talyxion,2026-06-02 02:58:06,0.22,1,"hoangle2003,nhatloidinh,thnhnguyn2001"
1337,15524866,Ragesh Thangaraj,2026-07-27 14:14:31,0.22,5,rageshthangaraj
1338,15922813,BeanApologist,2026-05-29 04:12:03,0.22,5,sarahmarin
1339,15590428,AQiDA19,2026-07-27 00:05:03,0.22,2,aqida19
1340,15555738,Taylan Soydan,2026-04-06 09:43:56,0.22,3,taylansoydan
1341,15574747,Master Teo,2026-04-08 04:38:39,0.22,1,sirteo
1342,16348203,Asiru Akeem Adekunle,2026-06-27 00:44:56,0.22,8,asiruakeemadekunle
1343,15556994,seoewoo,2026-04-05 03:36:04,0.22,1,henrymessiiyt
1344,15813223,Jaswanth7722,2026-05-17 09:03:59,0.22,9,jaswanth7722
1345,16318615,JOKER-C2,2026-08-03 11:37:35,0.22,22,manuelcoletta
1346,15627203,Syed Saad Hasan Emad,2026-07-28 07:21:47,0.22,1,syedsaadhasanemad
1347,15488187,jerryv69,2026-06-09 02:34:51,0.22,3,jerryv69
1348,16320138,Anton Kalabukhov,2026-06-30 00:46:05,0.22,8,synlabs
1349,16481633,wmotte,2026-07-11 07:11:35,0.22,2,wmotte
1350,16570484,lingheng,2026-07-20 01:25:34,0.22,1,"lingheng,xianhaolin6077"
1351,16228820,SSV,2026-06-05 17:14:29,0.22,2,vigneshirtt
1352,15827295,Kaihong Deng,2026-05-22 02:47:40,0.22,16,kaihongdeng
1353,16434290,Manan Bansal,2026-07-20 05:10:06,0.22,10,mananpbansal
1354,15616194,赵云龙,2026-04-24 06:52:31,0.22,1,zhao1122
1355,15488756,Muhammad Ibrahim Qasmi,2026-06-19 21:41:54,0.21,1,ibrahimqasimi
1356,15947052,Kaiser #2,2026-05-13 09:33:38,0.21,1,snnguynvnk19hl
1357,15513901,Meenal Sinha,2026-05-10 15:34:32,0.21,2,meenalsinha
1358,15490511,Smilyai-is-cool-gubby,2026-04-20 02:47:55,0.21,1,smilyaiiscoolgubby
1359,15519262,Devansh Rajput,2026-04-03 20:07:42,0.21,3,devansh66
1360,15528446,Yasin Baykal,2026-04-01 13:01:08,0.21,1,godmethium
1361,15534060,pzarczynski,2026-04-02 19:52:48,0.21,1,piotrzarc
1362,15581639,cjen07,2026-04-10 07:21:05,0.21,2,cjen07
1363,16645459,Joseph W Benson,2026-08-07 04:28:12,0.21,3,josephwbenson
1364,15604360,youssef abukhalifa,2026-04-17 20:42:27,0.21,3,youssefmo942009
1365,16723014,Dev Kancheti,2026-08-16 00:01:06,0.21,3,devkancheti
1366,16246061,Jingjing,2026-08-16 02:52:11,0.21,1,imppie
1367,15520642,Jack Al-Kahwati,2026-04-03 00:38:09,0.21,3,jackalkahwati
1368,15568017,Aevion-Labs,2026-07-12 02:10:54,0.21,8,aevionlabs
1369,15526002,Shivam Mittal,2026-04-01 08:17:29,0.21,2,shivammittal274
1370,16234131,Tyler Hughes,2026-08-15 15:18:21,0.21,51,tylerbrianhughes
1371,15487262,bianfu,2026-06-17 13:11:34,0.21,2,bianfu
1372,15592971,muhualiushui1217,2026-06-26 04:36:02,0.21,3,muhualiushui1217
1373,15636115,Aditya Priya,2026-08-05 14:22:40,0.21,1,"adityapriya2,judychung2028"
1374,15522048,秘偶agi,2026-06-18 04:08:30,0.21,21,miouagi
1375,15489989,DUSN,2026-03-31 03:53:28,0.21,1,laochennn
1376,15491086,ianwulalala,2026-07-12 04:09:55,0.21,5,ianwulalala
1377,15558577,MIke Stang,2026-04-18 23:46:17,0.21,9,howdybigmike
1378,15539625,Sarmentor,2026-08-10 00:41:53,0.21,6,sarmentor
1379,16450243,ltnhung,2026-06-29 09:05:40,0.21,1,ltnhung
1380,15839529,summerer3,2026-05-04 07:05:58,0.21,1,summerer3
1381,15493205,Conan2,2026-04-06 17:29:34,0.21,6,jaehyeonsim
1382,15759726,Yanpu Zheng,2026-06-06 04:10:21,0.21,3,yanpuzheng
1383,15761915,JK-Piece,2026-05-27 13:54:09,0.21,7,jeannkouagou
1384,15618703,Alan Scott Encinas,2026-06-01 01:44:48,0.21,4,encinas88
1385,15731424,Kangdaxia,2026-04-29 00:09:21,0.21,5,kangdaxia
1386,15496351,InTelliGI,2026-05-02 08:12:44,0.21,4,hichamtelli
1387,15515217,sepcnt,2026-04-22 12:05:56,0.21,2,sepcnt
1388,16058181,Divyasree@0318,2026-05-25 18:18:39,0.21,2,divyasree0318
1389,16149622,Alexander Dickbauer,2026-06-01 23:09:08,0.21,1,alexanderdickbauer
1390,16516539,Raed Alharbi,2026-08-11 12:08:02,0.21,2,raed04
1391,16465268,shakinghand,2026-08-15 21:14:03,0.21,13,"emitrajshokuhi,weichseltree"
1392,16278024,JIAWEILI0001,2026-08-12 10:05:03,0.21,57,jiaweili0001
1393,15495973,pom,2026-04-07 14:20:26,0.21,5,tatsukisato
1394,16089141,Yuta Tadokoro,2026-06-19 00:33:41,0.21,13,yutatadokoro
1395,16663965,mosorio1,2026-08-12 00:16:29,0.21,3,mosorio1
1396,15516425,Steven,2026-05-06 08:27:43,0.21,1,sg1020
1397,16430850,Derek Peng,2026-06-29 01:43:59,0.20,3,littlebull
1398,15491291,Koka,2026-04-01 13:12:25,0.20,2,kokatrn
1399,16346595,ลิงจั๊กๆ,2026-06-24 00:01:08,0.20,11,phittayanan
1400,16268877,Sargis Arzumanyan,2026-06-26 10:23:39,0.20,10,sargisarzumanyan
1401,16403249,Pro400,2026-06-30 23:01:25,0.20,5,pro400
1402,16449178,Jon Smirl,2026-08-12 15:47:16,0.20,14,"connorsmirl,jonsmirl"
1403,16387036,Jens Lehmann,2026-07-04 21:48:26,0.20,7,jenslehmann
1404,15748929,Imed Magroune,2026-08-07 16:13:56,0.20,30,imedmagroune
1405,16108720,Choruru,2026-06-05 00:50:43,0.20,5,choruru
1406,16301827,Fabio Cabral,2026-08-08 00:01:07,0.20,3,fabiocabral
1407,16262491,Pranesh Jayasundar,2026-06-19 03:39:30,0.20,4,praneshjayasundar
1408,15537362,Forrest,2026-04-07 13:21:58,0.20,3,yinxiaogang
1409,15501746,George Odhiambo07,2026-04-16 05:42:24,0.20,5,georgeodhiambo07
1410,15513991,Camacho,2026-04-30 00:21:55,0.20,18,"acamachodepass,acamachog,joseandrescamacho"
1411,15834690,yuanlao153,2026-05-07 08:29:26,0.20,1,yuanlao153
1412,15841851,dennis palatov,2026-08-14 08:41:44,0.20,33,dennispalatov
1413,16209749,tianxianbaobao,2026-06-13 03:34:13,0.20,4,tianxianbaobao
1414,15553695,SUPERadonai,2026-04-04 10:25:38,0.20,1,trumpadonai
1415,15511713,Niranjan Nakkala,2026-06-11 06:16:35,0.20,1,niranjanmudhiraj
1416,15562510,Roua,2026-04-18 14:18:16,0.20,8,roua91
1417,16326571,Gabteni Mouhamed,2026-06-24 23:54:22,0.20,7,gabtenimouhamed
1418,16072837,Carol Wang,2026-05-26 06:00:46,0.20,3,"ilanwang,suethe"
1419,15621389,Zhang Songxin,2026-04-15 10:17:29,0.20,1,zhangsongxin
1420,16434582,Gladstone025,2026-06-30 11:28:23,0.20,1,pierreterrier
1421,15624428,Erfan Mirhosseini,2026-04-29 19:26:52,0.20,4,erfanmirhosseini
1422,15558367,Pushkar Ambastha,2026-04-09 15:40:22,0.20,2,pushkar007
1423,16230150,Ailurophile,2026-06-04 17:01:10,0.20,1,veeralakrishna
1424,15614488,KARANAMMADHAVARAO,2026-06-19 15:39:18,0.20,3,karanam12345
1425,16425878,Hyun-woo Kim,2026-06-24 07:25:21,0.20,1,hwkims
1426,15785821,Harmony Guercio,2026-04-29 19:18:50,0.20,1,harmonyguercio
1427,16449800,JH,2026-07-14 00:01:20,0.20,2,jaehyukhyun
1428,16216379,Kawchar Husain,2026-06-06 16:16:04,0.20,2,kawchar85
1429,15550054,[Deleted] f6652baa-7a8b-4888-98a1-e6bcc1a2d4d2,2026-04-24 06:27:28,0.20,20,del=42419dd56391ecc7
1430,16368018,Sohangkumar Patel,2026-08-14 04:50:06,0.20,2,samsamurai
1431,16129415,natema,2026-05-31 16:05:16,0.20,1,natema
1432,16052392,cyberia,2026-05-22 21:39:35,0.20,1,cyberia
1433,15833277,Noritake Kodama,2026-05-06 05:57:11,0.20,2,noritakekodama
1434,15570805,[Deleted] d1b4272c-c441-4c8a-ae29-693b84c040dd,2026-04-20 11:57:28,0.20,2,del=47107fb6b7d3ce01
1435,16640872,MinjeKang,2026-08-14 13:30:43,0.20,9,minjek
1436,15564282,Sankalp,2026-04-08 04:01:10,0.20,3,sankalp
1437,16275525,bullycat9,2026-06-12 17:45:35,0.19,3,bullycat9
1438,15874708,TrDung22,2026-05-28 07:39:35,0.19,9,trdung22
1439,16471124,Paul720810,2026-08-08 01:01:12,0.19,35,paul720810
1440,16410825,Myckel Uribe,2026-07-10 00:17:03,0.19,2,myckeluribe
1441,15518771,Bridgeport,2026-04-28 17:27:37,0.19,4,bridgeport
1442,16203912,Founry,2026-06-15 04:13:31,0.19,8,"algema,lundypang"
1443,16142510,gagaga tgaga,2026-06-14 00:40:38,0.19,5,gagagagagt
1444,16121579,Samuel Matsuo Harris,2026-05-30 19:11:42,0.19,1,samuelmatsuoharris
1445,15487566,Mohamed Roshdy,2026-03-29 10:14:24,0.19,2,mohamedwez
1446,16116426,abdelwaheb miled,2026-06-15 08:27:55,0.19,1,amiled19
1447,15489134,Xiaolei Lian,2026-06-24 10:46:52,0.19,6,xiaoleilian
1448,15530786,Felipe Cataneo,2026-04-30 09:07:41,0.19,5,felipecataneo
1449,15757849,zhaozilong,2026-08-13 15:05:39,0.19,3,zzl0112
1450,16417581,Gary Kump,2026-08-16 04:19:56,0.19,20,garykump
1451,15487654,MarkDjadchenko,2026-07-29 16:45:35,0.19,1,markdjadchenko
1452,16302337,MariusMyburg,2026-06-16 00:21:12,0.19,5,mariusm
1453,15487905,ISAKA Tsuyoshi,2026-04-20 07:54:26,0.19,2,isakatsuyoshi
1454,15491330,horsepurve,2026-03-30 06:39:44,0.19,3,horsepurve
1455,15842248,Roger Terrazas,2026-05-04 03:50:24,0.19,1,rogaterr
1456,15658341,Kesav sivakumar,2026-06-15 14:43:46,0.19,1,"deepakrajd,kesavsivakumar"
1457,15495860,Andrei Trandafira,2026-06-30 23:56:29,0.19,1,andreitrandafira
1458,16652233,Amit Kumar,2026-08-06 05:14:24,0.19,3,anmitkumar
1459,15643154,chrv,2026-08-12 05:11:34,0.19,1,chrv23
1460,15833315,Hyun,2026-05-19 03:41:03,0.19,3,kimhyeonwook3465
1461,16442450,LosiSt,2026-06-29 01:11:25,0.19,3,losist
1462,16490760,Jokrasa,2026-07-19 02:43:17,0.19,3,jonaskreutz
1463,16402421,rinov321,2026-06-24 00:01:09,0.19,4,rinov321
1464,15841747,Divij Chawla,2026-05-23 07:03:51,0.19,6,divijchawla7
1465,16680060,Joseph Franck,2026-08-13 00:56:51,0.19,7,josephfranck
1466,15884233,Chayon Kumar Das,2026-06-21 16:18:33,0.19,2,chayondas
1467,15758188,Dimas Pasha Akrilian,2026-04-30 03:32:28,0.19,2,dimaspashaakrilian
1468,15786670,Onur Fidaner,2026-05-12 00:47:29,0.19,3,ofidaner
1469,16317943,Eslam Elzamkan,2026-06-20 00:11:59,0.19,3,eslamelzamkan
1470,15940726,juandag97,2026-06-01 01:03:43,0.19,3,juandag97
1471,16673674,Samuel Sundararaman ,2026-08-06 22:28:37,0.19,1,neopok919
1472,15562229,ÆR3iS,2026-05-22 16:35:15,0.19,11,aer3is
1473,16344652,Rimsha Kanwal,2026-07-18 18:51:26,0.19,2,rimsha234
1474,16096168,Bhavya Dhingra,2026-05-31 23:32:33,0.19,2,"bhavyadhingra00020,frostnt"
1475,15572042,C R Suthikshn Kumar,2026-04-07 15:21:07,0.19,1,crsuthikshnkumar
1476,15493210,Valentin Kalinin,2026-07-24 16:49:27,0.19,1,tdesc88
1477,15998500,Kazi Aishikuzzaman,2026-08-14 00:01:38,0.19,3,kaziaishikuzzaman
1478,15556097,Bensalah Yassine,2026-04-14 00:12:58,0.19,5,bensalahyassine213
1479,15537133,gugugaga,2026-05-15 00:19:53,0.19,13,mori42
1480,15871316,biubiubiu~,2026-05-06 06:42:19,0.19,1,mengvision
1481,15504821,Precious Mansaray,2026-04-28 01:58:47,0.19,1,preciousmansaray
1482,16065765,Chinaza Okereke,2026-05-25 02:53:40,0.19,2,chinazaokereke
1483,16687494,HopeToDie,2026-08-13 16:50:06,0.18,3,omerozb
1484,15785875,Sujan Adhikari,2026-04-29 19:12:25,0.18,1,sujanadh07
1485,15543832,Elohabci,2026-04-03 04:19:10,0.18,1,temizkan
1486,15598423,taoti_orange,2026-05-19 14:43:41,0.18,2,taotiorange
1487,15603600,RITTWIK BHOWMICK,2026-05-06 04:24:35,0.18,3,rittwikbhowmick
1488,15581162,Vedic Mukherjee,2026-04-09 03:05:30,0.18,1,vedicmukherjee
1489,16605137,Pchan,2026-07-27 16:30:51,0.18,1,"kokonokatoka,pchan1111"
1490,16285919,aotiandragon,2026-06-12 03:14:41,0.18,2,aotiandragon
1491,16035800,Yummna aljasem,2026-05-20 18:21:28,0.18,1,yummnaaljasem
1492,16187519,Kole Vamsi Krishna,2026-06-17 05:45:18,0.18,5,kolevamsikrishna
1493,16716178,Inform Lai,2026-08-14 01:34:17,0.18,1,informlai
1494,15744055,dongzishuo111,2026-05-27 04:46:00,0.18,16,dongzishuo111
1495,16440729,William Hau,2026-06-27 00:15:18,0.18,1,williamhau
1496,16485366,Rishidar D,2026-07-12 03:43:18,0.18,1,rishidard
1497,16406590,felly10,2026-07-17 18:39:29,0.18,1,felly10
1498,16202759,магистр клоунов,2026-06-05 14:38:20,0.18,2,switchfeed
1499,16394961,Maksim Silchenko,2026-06-23 00:02:02,0.18,5,maksimsilchenko
1500,16512747,Troy-EVO,2026-07-20 07:15:55,0.18,1,troyevo
1501,16457997,Linbo Hui,2026-08-16 00:02:59,0.18,2,huilinbo
1502,15975054,Vivek Pandey,2026-05-21 02:52:28,0.18,1,thevivekpandey
1503,15531211,Varstern 6037,2026-04-30 14:26:16,0.18,7,"shiyuhe25,varstern6037"
1504,16723459,Heinzstk,2026-08-16 04:50:15,0.18,2,heinzstk
1505,16398268,jacksongsong,2026-08-08 03:32:56,0.18,5,jacksongsong
1506,16471898,Editor Jugnu AI,2026-07-14 04:51:22,0.18,2,editorjugnuai
1507,16053668,Restu Anggoro Kasih,2026-06-06 18:52:56,0.18,1,restuanggorokasih
1508,16306368,firefly2006,2026-06-27 14:46:34,0.18,1,firefly2006
1509,16358057,Alubokho Ashioya,2026-06-16 09:38:04,0.18,1,ashioya
1510,15492079,nxank4,2026-03-31 13:44:12,0.18,4,anmatngu
1511,16369373,sierra1.0,2026-07-21 15:43:40,0.18,2,"na18b032,nihalshahpeediackal"
1512,16322216,Tamim,2026-06-17 05:38:19,0.18,1,tamim03
1513,15513943,Abdul Raheem,2026-05-07 08:04:39,0.18,17,abdulraheem09
1514,16090768,Zhouhy,2026-06-01 03:56:26,0.18,4,bhzhouhy
1515,15785858,Sanskar Adhikari,2026-04-29 19:11:09,0.18,1,snskr30
1516,16025623,Toot Toot Engineering,2026-06-24 00:01:35,0.18,25,"danxray,gregblacketter"
1517,15876693,Nam Phan Van Hai,2026-05-27 04:39:33,0.18,3,namphanvanhai
1518,15567988,Joseph Xiao,2026-04-15 02:04:00,0.18,2,joxiao
1519,16496076,Jeffrey Haines,2026-07-23 14:32:36,0.18,7,jeffreyhaines
1520,15496866,jacekwl,2026-03-27 11:45:57,0.17,1,jacekwl
1521,15504427,Adam Snodgrass,2026-03-31 04:54:45,0.17,1,overra
1522,16269220,KawaiiSelphine,2026-06-09 09:30:01,0.17,1,kawaiiselphine
1523,16244970,Praveen Ponnugupati,2026-06-05 20:31:21,0.17,1,praveenponnugupati
1524,16410850,Thiago Cunha,2026-07-27 21:23:47,0.17,7,thiagobcunha
1525,15493932,CHRISTOPHER CRILLY,2026-05-15 11:30:46,0.17,12,christophercrilly
1526,15539411,LORD DREGS,2026-06-26 14:48:32,0.17,3,lorddregs
1527,16677724,Tom Jeong,2026-08-10 04:22:48,0.17,3,tomjeongmts
1528,16593868,chutianqiu,2026-08-14 18:09:39,0.17,2,chutianqiu
1529,15713159,Francis Banda,2026-04-23 12:14:12,0.17,1,francisbanda
1530,16299477,Mao Mao,2026-06-16 13:11:49,0.17,1,maomaoai
1531,15999227,swordsman,2026-05-18 07:50:16,0.17,1,liuyanfeng
1532,15545843,Jacco Jurg,2026-06-14 11:46:07,0.17,1,jaccojurg
1533,15786171,ringusTheImp,2026-04-29 20:00:42,0.17,1,ringustheimp
1534,15569555,Kaiser,2026-04-14 15:08:10,0.17,2,kaiserm
1535,15985612,kara,2026-05-15 14:12:36,0.17,1,drchenb
1536,15571858,chaojiwudiwujie,2026-04-08 00:56:09,0.17,2,chaojiwudiwujie
1537,16449495,Philosophy Inclined,2026-07-02 06:22:39,0.17,1,"adrianradillo,mozhaq"
1538,16059743,soul,2026-05-24 13:45:15,0.17,1,soul80
1539,16016593,David Mensah-Gbekor,2026-06-13 20:21:36,0.17,4,ravdave
1540,16434918,Murat,2026-07-05 10:41:02,0.17,1,kaggleuserr2
1541,16307909,Eigen 4D,2026-06-27 07:04:24,0.17,11,"patsornsangkloy,wittawatj"
1542,15839799,Abdullah Fasih,2026-05-04 17:33:00,0.17,2,abdullahfasih
1543,16076068,IamDiganta.7,2026-05-26 02:45:13,0.17,2,iamdiganta7
1544,16456352,AlbertZhaoYB,2026-06-30 04:58:38,0.17,1,albertzhaoyb
1545,15653751,fle3n,2026-06-11 00:00:03,0.17,3,fleongg
1546,15510778,Claudia Barbie,2026-04-09 20:31:25,0.17,5,clabarb
1547,16586110,emirhan_32,2026-07-25 08:14:05,0.17,3,emirhan3223
1548,15552972,Knight,2026-05-09 15:19:55,0.17,1,dreamer4
1549,16227203,Vuttinun,2026-06-04 17:00:10,0.17,1,vuttinun
1550,16705503,Kevin Li,2026-08-16 06:37:21,0.17,2,kevinli82
1551,16381569,Kazumi Sakamoto,2026-06-17 12:55:54,0.17,1,maehwa
1552,15488241,charyeezy,2026-08-15 00:00:21,0.17,7,charyeezy
1553,15497682,jorge fabian avila,2026-04-12 22:32:00,0.17,2,jorgefabianavila
1554,15498109,Helik Thacker,2026-04-14 13:43:18,0.17,3,hellhacker
1555,15628929,WAMYA,2026-04-20 08:47:01,0.17,4,wangmyang
1556,15493061,Panos,2026-04-14 08:04:29,0.17,3,panosc
1557,15544125,Vldmr338,2026-04-03 06:29:24,0.17,1,vldmr338
1558,15511689,Andy Penrose,2026-04-14 17:55:44,0.17,3,andypenrose
1559,15672847,Shreyas,2026-05-28 13:06:34,0.17,12,shreyasvathul
1560,16412819,史永刚,2026-06-30 02:46:10,0.17,2,shizehao
1561,16435464,Hans Simmons,2026-07-28 23:21:01,0.17,7,hansleestahl
1562,15970468,Vladimir Yakunin,2026-08-14 01:28:16,0.17,45,vladimiryakunin
1563,16589625,King-damon,2026-08-07 07:03:41,0.17,5,kingdamon
1564,16571708,Lliama,2026-08-07 23:54:59,0.17,6,lliama
1565,15488310,xCalibrr,2026-08-04 03:01:40,0.17,5,pranshubahadur
1566,16662291,MiguelS,2026-08-15 18:47:39,0.17,9,lordm758
1567,16555916,Rizal Dicky,2026-08-11 03:11:22,0.17,9,rizaldicky
1568,16634633,Akanbi Oluwajuwon Mayomi,2026-08-15 02:55:39,0.17,12,akanom
1569,16397179,ARCAINION PRIME,2026-08-13 08:57:09,0.17,6,arcainionprime
1570,16545242,Alex Oranov,2026-07-14 18:32:10,0.17,1,aoranov
1571,15500046,Tingjia InFuture,2026-04-01 05:39:33,0.17,4,tingjiainfuture
1572,15510271,Shiv Satyam,2026-06-12 13:17:31,0.17,3,shivsatyam
1573,15490618,Skye Loitz,2026-07-24 14:35:03,0.17,17,skyeloitz
1574,15543825,taojiekai,2026-04-08 11:35:33,0.17,3,taojiekai
1575,15548118,George yazaji222299 ,2026-04-05 08:41:29,0.17,3,georgeyazaji222299
1576,16546687,Gopi,2026-08-04 00:03:14,0.17,4,gopigogineni
1577,16441640,UncleBumblebeer,2026-07-17 22:35:12,0.17,13,unclebumblebeer
1578,15558515,Ameya Srivastava,2026-05-19 06:03:08,0.17,1,ameyasr1308
1579,16685068,Youssef EL MSIYAH,2026-08-07 13:06:47,0.17,1,youssefelmsiyah
1580,15563039,Yidhar,2026-04-15 00:04:08,0.17,4,yidhar
1581,16616531,Chengyu Huang,2026-07-30 02:25:21,0.17,1,johnsonice
1582,16360163,TestingAccount67,2026-08-13 00:02:22,0.17,9,testingaccount67
1583,16098385,HAOHAN WU,2026-06-02 03:31:16,0.17,5,zawdcxsw
1584,16540282,kangqinyao,2026-07-14 01:47:19,0.16,2,kangqinyao
1585,15671470,Baran Dindar,2026-05-13 13:45:05,0.16,10,barandindar
1586,16548253,Zhanpeng.W,2026-07-31 04:18:30,0.16,4,zhanpengw
1587,16553194,Unicorn,2026-07-28 00:13:57,0.16,5,scutxuanyu
1588,16031015,Andrea Bonomi,2026-06-15 13:43:37,0.16,5,andreabonomi
1589,15981400,Sai Aaron,2026-05-15 11:42:18,0.16,1,saiaaron
1590,16085020,smallrole,2026-05-27 02:56:46,0.16,1,smallrole
1591,15488812,Minal kharat123,2026-07-31 22:26:16,0.16,12,minalkharat123
1592,16255254,TTConsulting,2026-06-16 13:22:51,0.16,6,ttconsulting
1593,16709282,Saikot Das,2026-08-12 05:41:58,0.16,1,saikotse
1594,15523045,Pranav Malhotra,2026-04-19 18:08:35,0.16,7,pranav9874
1595,15664415,koppen9029,2026-04-24 04:23:07,0.16,3,koppen9029
1596,15493534,Addicted Tribes,2026-04-04 05:22:18,0.16,8,"anhlquctrn,haaminh"
1597,16560614,Eishaan Khatri,2026-07-17 18:37:02,0.16,1,eishaankhatri
1598,16713778,Abi_e,2026-08-15 10:08:05,0.16,4,abidjacquelineanadi
1599,15595273,The Spectral Shaman,2026-04-13 06:45:55,0.16,2,ryancardwell
1600,16238336,Abdulhamid Sonaike,2026-06-07 06:45:45,0.16,3,abdulhamidsonaike
1601,16393610,Arashi133,2026-06-19 09:00:09,0.16,1,arashi133
1602,16256846,Ricky #2,2026-06-12 00:09:03,0.16,4,rickyds97
1603,16451496,Ritchel Akwali,2026-07-16 12:50:50,0.16,5,ritchelakwali
1604,16250468,Rupesh Kumar,2026-06-08 14:17:05,0.16,3,rupeshrk3
1605,16396847,SAITEJA DASARI,2026-06-21 03:09:39,0.16,3,saitejadasari129
1606,16552727,Dylon Tsai,2026-07-20 08:07:11,0.16,1,dylonwilliam
1607,16711864,Singaraj B,2026-08-15 18:27:00,0.16,4,singarajb
1608,15487374,Taha Kaya,2026-08-05 05:39:16,0.16,5,tahakaya1
1609,16511370,kelin hf,2026-07-28 07:26:45,0.16,1,kelinhf
1610,16632050,HyperARC,2026-08-14 00:16:53,0.16,7,shadowell888
1611,16508568,Thomas Stausberg,2026-08-16 06:16:11,0.16,10,tstausberg
1612,16475295,JosephMontana,2026-07-14 00:17:06,0.16,6,josephmontana
1613,15577570,Umeshkumar Pal,2026-04-10 17:48:05,0.16,1,umeshkumarpal
1614,16508577,betülay Kaba,2026-07-19 06:29:45,0.16,6,betlaykaba
1615,16500409,anteater,2026-07-25 10:42:57,0.16,9,"chaehyunlim2,roha2i"
1616,16405186,Vanya SSS,2026-07-05 11:53:45,0.16,5,vvv228
1617,15518450,Kuldeep Mishra,2026-04-03 05:49:02,0.16,1,kmish980
1618,16456154,Juan Lavieri Goiri,2026-07-01 01:18:29,0.16,2,juanlavierigoiri
1619,15487138,Ravikash Gupta,2026-03-27 02:31:56,0.16,2,ravikaash
1620,15499023,Prashant Kikani,2026-03-27 03:14:56,0.16,1,prashantkikani
1621,15488002,Nick Vecchioni,2026-04-04 07:28:18,0.16,7,nickvecchioni
1622,16439746,zhengmiao95,2026-06-30 23:31:58,0.16,3,zhengmiao95
1623,16048884,Luca Beridze,2026-06-17 17:25:12,0.15,2,lucakrahe
1624,16112223,cwxcai,2026-05-29 16:46:25,0.15,1,cwxcai
1625,16721902,Tom.,2026-08-14 11:38:56,0.15,1,tikutiku
1626,15487633,Ritwika Kancharla,2026-03-26 02:56:57,0.15,1,ritwikakancharla
1627,16189442,Takahashi,2026-06-05 01:20:44,0.15,2,tea0925ds
1628,16268040,galaxy2025,2026-06-09 01:07:09,0.15,2,galaxy2025
1629,16300366,Galkin Danil,2026-06-11 11:16:29,0.15,1,galkindanil
1630,15486930,Nischay Dhankhar,2026-04-02 04:20:59,0.15,2,nischaydnk
1631,15529608,Sergei Miller,2026-04-01 15:07:42,0.15,1,sergmiller
1632,15989666,fxhrer,2026-05-19 02:18:38,0.15,1,fxhrer
1633,15491980,Nguyễn Giáp,2026-03-27 01:24:02,0.15,2,nguyngip
1634,16245190,eggsyyyy,2026-06-15 06:09:11,0.15,5,eggsyyyy
1635,16160900,RenitaX,2026-06-15 08:47:08,0.15,5,renitax
1636,15740169,Chandu Chitikam,2026-08-12 05:14:48,0.15,8,chanduchitikam
1637,16702809,raikhan,2026-08-11 20:12:41,0.15,2,raikhan17
1638,16370398,Muhammad Ahsan Talal,2026-07-07 14:52:34,0.15,5,muhammadahsantalal
1639,15830034,Ziaul Hasan,2026-05-24 11:32:31,0.15,3,mzhasan00
1640,15527110,Neha Yadav,2026-04-02 12:22:56,0.15,1,yadavneha5001
1641,16479655,Raiyana Rufaida,2026-07-04 10:38:53,0.15,2,shes1r
1642,16368853,Simon Peter Makobi,2026-06-24 05:52:39,0.15,5,simonpetermakobi
1643,16211260,mdashraful16,2026-06-22 02:31:08,0.15,11,mdashraful16
1644,16590463,weizhou liu,2026-07-26 01:23:21,0.15,4,weizhouliu
1645,15643066,Sơn Nguyễn,2026-04-23 21:46:16,0.15,2,sonnguyen10
1646,16591270,Yansı Evre Yüksel,2026-07-29 10:51:41,0.15,3,yanevyuk
1647,16701499,ZHUO ZIJIE,2026-08-14 14:29:10,0.15,3,zhuozijie
1648,16397318,[Deleted] 0175b662-161d-4ca5-8a06-00bdc5fe0218,2026-07-17 04:50:04,0.15,5,del=c96551b45189e94a
1649,15500752,Kiran Vitly,2026-06-27 06:48:27,0.15,2,kiranvitly
1650,16555984,Jeffery Jerome Harris,2026-07-27 18:27:25,0.15,5,jefferyjeromeharris
1651,16331029,JawaZero,2026-07-02 04:07:55,0.15,7,therealjabaadams
1652,16603574,Paul L,2026-07-27 02:46:55,0.15,1,paull274996
1653,16378658,tokawa2997,2026-06-18 03:38:48,0.15,2,tokawa2997
1654,15916571,wood_zhao,2026-05-17 00:00:31,0.15,3,catenterzhao
1655,15619262,Deenadayalan Kuravar,2026-06-23 11:33:23,0.15,1,deenadayalandms
1656,16374287,404 Not Found,2026-07-04 09:24:15,0.15,13,"gayathrirajeev77,nishanthrajandev"
1657,16473273,Motohiro Okaya,2026-07-04 04:43:42,0.15,3,moroqq82
1658,16723801,Satoshi Nguyen,2026-08-15 02:39:41,0.15,2,satoshinguyenai
1659,16357275,Unbrowse AI,2026-07-03 00:46:05,0.15,8,lewistham
1660,16311216,Andro Faryna,2026-06-12 14:18:49,0.15,1,androfaryna
1661,16564841,Jaydon J P,2026-07-19 11:52:40,0.15,2,jaydonjp
1662,16414311,ruuu,2026-07-12 13:46:26,0.15,5,kyoichiroyanada
1663,16002691,Hiroshi Murakami,2026-05-24 11:05:44,0.15,2,pirozhiki
1664,16670844,Vera Σ¹ - DI,2026-08-10 06:05:32,0.15,3,"dreaddevelopment,seanornberg"
1665,15495033,ARC winners,2026-05-17 22:28:00,0.15,10,"samitmyaka,srihaasakaryampudi"
1666,15575636,kura19,2026-04-14 00:42:07,0.15,1,kura19
1667,16301142,Ryan Barrett,2026-06-11 12:48:06,0.15,1,agifrfr
1668,16368639,Steven #2,2026-06-16 01:58:02,0.15,1,stevenpp
1669,16278637,Pietro,2026-06-11 09:25:26,0.15,2,pietro002
1670,15908291,yanghong2025,2026-06-29 02:17:21,0.15,16,yanghong2025
1671,16303976,Daniel Cecim,2026-06-18 09:50:32,0.15,5,danielcecim
1672,15601261,Yurii Liashchuk,2026-04-13 15:51:30,0.15,1,yuralia88
1673,16530767,Alexsandro135jg,2026-07-12 01:59:59,0.15,2,alexsandro135jg
1674,16716223,jason87216,2026-08-14 02:43:18,0.15,2,jason87216
1675,15519082,Akmal Azzam o'g'li,2026-04-10 17:03:25,0.15,10,akmalmir
1676,16716126,BessHsu,2026-08-14 01:30:07,0.15,1,besshsu
1677,15526904,EastonB,2026-04-15 06:36:36,0.15,3,eastonb
1678,15881965,JEP,2026-06-02 01:10:32,0.15,9,jaeeon2020
1679,16101972,Andy Barta,2026-05-28 18:09:12,0.15,1,andybarta
1680,15494415,Sabreen Elkamash,2026-06-06 06:57:50,0.15,14,sabreenelkamash
1681,16254867,Peng Wang,2026-06-08 04:36:49,0.15,1,pengwang91
1682,16411245,huang akai,2026-08-14 16:59:58,0.15,3,huangakai
1683,16415172,jangjunmin,2026-06-22 15:51:21,0.15,1,jangjunmin
1684,16271667,snailst21 dr,2026-06-24 06:27:05,0.15,2,snailst21dr
1685,15734432,Dexter,2026-08-04 16:11:39,0.15,3,dexterawoyemi
1686,16463140,xcadet,2026-07-02 01:30:39,0.15,1,xcadet
1687,16614927,Kanwar Sekhon,2026-07-29 20:20:07,0.15,1,kanwarmehtabsekhon
1688,16614658,zaheer abbas,2026-07-31 14:20:28,0.15,1,zaheerabbasorakzai
1689,16643024,DY0123,2026-08-03 00:37:18,0.15,1,dy0123
1690,16719242,yulenchen,2026-08-14 01:33:33,0.15,1,yulenchen
1691,15654070,Greg Kamradt,2026-06-16 15:52:31,0.15,8,gregkamradt
1692,16108111,Willwinma,2026-05-29 08:04:26,0.15,1,"jingmikun,jinkunhu"
1693,16553009,nijigasaki,2026-07-16 04:34:14,0.15,1,nijigasaki
1694,15539198,ModelNaut,2026-04-03 07:12:36,0.15,2,modelnaut
1695,15486876,PIXMELT,2026-03-26 10:22:27,0.15,1,pixmeltpro
1696,16368161,Nandu Ari,2026-06-20 21:35:14,0.14,2,nanduari
1697,15680357,Andre Ruiz Loera,2026-05-28 02:36:19,0.14,2,andreruizloera
1698,16661652,zhhong6662,2026-08-07 00:09:41,0.14,2,zhhong6662
1699,16560191,Wang X.Y.,2026-07-21 13:27:00,0.14,4,xiangyangwang
1700,15579854,BirdyLiu1023647,2026-06-25 12:19:42,0.14,2,birdyliu1023647
1701,15901663,Purple Slurpees,2026-05-13 14:39:39,0.14,2,purpleslurpees
1702,15859982,SoraDaCroi,2026-05-10 17:00:50,0.14,3,soradacroi
1703,15486691,Pramod Chilakalapudi,2026-04-01 15:08:40,0.14,2,pramodchilakalapudi
1704,15843647,Mauricio Maroto,2026-05-13 02:49:20,0.14,1,maulberto3
1705,16095200,Derek Earnhart,2026-07-06 22:34:24,0.14,4,derekearnhart
1706,15488070,ASetiawan,2026-05-06 00:27:29,0.14,8,aderiannovito
1707,15501456,reyvan14,2026-03-30 11:36:16,0.14,3,reyvan14
1708,16702755,Cristiano Sacramento,2026-08-12 06:03:33,0.14,2,cristianosacramento
1709,15552950,Adi Kusuma,2026-08-05 00:38:30,0.14,8,adikusum4
1710,16712545,Jay Salvi,2026-08-12 12:58:29,0.14,1,jaysalvi
1711,16197549,Irabala,2026-08-05 06:07:42,0.14,13,irabala1
1712,16482226,Maher el Ouahabi,2026-07-11 01:18:08,0.14,6,maherelouahabi
1713,16599867,sota1111,2026-08-03 14:34:32,0.14,6,sota1111
1714,16704495,Enzo Lherisson,2026-08-15 04:05:13,0.14,3,enzolherisson
1715,16535438,Medalist,2026-08-12 06:55:17,0.14,4,"ks0307,reiyas"
1716,15508050,rsn-opencode,2026-05-17 16:58:35,0.14,2,human01
1717,15513094,Jafar Banar,2026-05-06 17:23:20,0.14,5,jafarbanar
1718,16616763,SGY2512,2026-08-10 02:52:38,0.14,3,sgy2512
1719,16660830,4Solver,2026-08-08 00:02:02,0.14,3,"cristianoesilva,msfbiolinhares"
1720,16376849,Garrett Gecewicz,2026-07-03 05:05:34,0.14,11,garrettgecewicz
1721,15929779,xxarjun,2026-05-15 11:24:08,0.14,3,xxarjun
1722,16702239,Kensei Furuya,2026-08-15 06:45:06,0.14,2,furuken0527
1723,16725192,Masataka Suzuki,2026-08-16 00:20:14,0.14,1,masatakasuzuki
1724,16278450,Gururaj Shahapurmath,2026-06-16 02:10:46,0.14,2,gururajshahapurmath
1725,16448969,adam555adam7,2026-07-15 09:59:25,0.14,2,adam555adam7
1726,16098220,TomoriKaho,2026-07-18 07:55:03,0.14,2,tomorikaho
1727,15568903,Luke Li,2026-04-07 08:52:15,0.14,1,infgeoax
1728,16608791,Shuhei Kuroiwa,2026-07-28 09:19:04,0.14,1,shuheikuroiwa
1729,15496466,Hassan Abedi,2026-03-26 19:26:52,0.14,1,habedi
1730,16296605,rumbling_b,2026-07-03 10:22:41,0.14,1,rumblingb
1731,16307369,Workiflow,2026-07-10 21:57:43,0.14,2,johnpaultheron
1732,15524800,Hafiz Muhammad Noor,2026-04-08 07:35:29,0.14,1,cmdhmn
1733,15486883,ffurkann,2026-07-22 20:01:39,0.14,11,fuego88
1734,16663749,Antoine Matemane Mahirwe,2026-08-11 01:38:39,0.14,6,antoinemah
1735,16612386,Rms387,2026-08-11 20:15:04,0.13,3,rms387
1736,16390777,Sebastien Andersson,2026-06-20 16:01:53,0.13,1,sebastienandersson
1737,16633894,Wale Bashir,2026-08-01 02:08:37,0.13,1,digitaldrreamer
1738,16463085,Archie Chaudhury,2026-07-06 00:50:17,0.13,5,archiechaudhury
1739,16368157,Shakil Mosharrof,2026-06-30 05:18:51,0.13,7,shakil19
1740,16601941,nk,2026-07-28 23:31:06,0.13,2,nagatakengo
1741,15875274,mathmonkeyliu,2026-05-06 13:32:00,0.13,1,"mathmonkeyliu,opfromthestart"
1742,16718169,Joyal,2026-08-14 10:04:27,0.13,1,joyalseejo
1743,16403849,TVK,2026-06-21 17:28:04,0.13,2,sarrveshwartme25b115
1744,16292156,Amant,2026-06-15 04:21:51,0.13,6,amantk
1745,15548877,Refound,2026-04-03 15:41:44,0.13,1,refound
1746,16420036,aureioo,2026-07-02 01:17:18,0.13,4,aureioo
1747,15615887,Anatolii Kandiuk,2026-05-29 20:46:30,0.13,7,"anatoliikandiuk,danieldan0"
1748,16553124,udi wijaya,2026-07-30 11:58:13,0.13,7,udiwijaya
1749,16443032,Pawit Sahare,2026-08-13 06:25:04,0.13,4,pawitky
1750,16707087,Melokuhle Sikhondze,2026-08-12 14:35:54,0.13,2,melokuhlesikhondze
1751,15609019,cha7ura,2026-05-23 07:07:10,0.13,3,cha7ura
1752,16630701,Justin CH123,2026-07-31 11:56:51,0.13,1,justinch123
1753,16657368,first_one_3322,2026-08-04 06:21:34,0.13,1,firstone3322
1754,15914096,Chengyi Liu,2026-05-18 13:36:33,0.13,3,cliu123456
1755,15771359,srujhans,2026-08-14 03:30:58,0.13,5,srujhans
1756,16684631,Mr6436,2026-08-09 20:39:17,0.13,1,mr6436
1757,16484900,YellwoJune083,2026-07-04 08:07:25,0.13,1,yellwojune083
1758,16719401,nicechun13,2026-08-14 02:55:58,0.13,1,nicechun13
1759,16375201,fyvguys,2026-06-29 00:33:47,0.13,10,nin417
1760,15520762,ArcWolf,2026-04-27 16:15:12,0.13,4,fenrirai
1761,15488866,Dhana Abhiraj,2026-03-29 03:54:46,0.13,1,dhanaabhiraj
1762,16406189,Adrián Pineda Moreno,2026-06-26 10:31:13,0.13,5,adrinpineda
1763,15523526,Muhammad Junaid,2026-04-22 16:04:39,0.13,3,junaid512
1764,15826792,Yixin Wang,2026-05-02 10:00:59,0.13,1,yixinwww
1765,15487368,alba,2026-03-29 10:55:01,0.12,3,itbert
1766,15486975,Suleiman Tawil,2026-06-30 19:04:49,0.12,2,suleimantawil
1767,16585165,zhangyues,2026-07-23 00:00:23,0.12,2,zhangyues
1768,16692708,ManasviSharma,2026-08-10 17:34:00,0.12,1,manasvi821
1769,16577093,yasuhiro hashimoto,2026-07-24 00:06:13,0.12,2,prez18
1770,16065243,bsenst,2026-05-25 08:27:49,0.12,2,bnzn261029
1771,16404236,Ansh Joshii,2026-06-20 20:48:41,0.12,1,anshjoshii
1772,16516860,Ali Mustafa Ali,2026-07-11 16:56:06,0.12,1,alimustafaali
1773,16617680,HE PEIYU,2026-08-12 10:22:26,0.12,5,hepeiyu004
1774,15585056,Alek Lacoustete,2026-04-12 11:19:56,0.12,1,aleklacoustete
1775,15611267,Leobertucci,2026-04-13 20:50:50,0.12,1,leobertucci
1776,15734831,Joshua Heidorn,2026-04-27 02:44:07,0.12,2,joshuaheidorn
1777,16251140,abhilash Manchala,2026-06-12 14:26:47,0.12,3,abhilashmanchala
1778,16722531,Ely2ba,2026-08-15 18:17:58,0.12,2,ely2ba
1779,16318682,Raed Ennab,2026-07-13 04:48:16,0.12,4,raedennab
1780,15989494,Gunal Karthikeyan,2026-05-19 00:42:27,0.12,1,gunalkarthikeyan
1781,16685374,Tirenioluwa_K,2026-08-15 21:50:44,0.12,2,tirenioluwak
1782,15488263,Karen,2026-06-12 02:12:32,0.12,5,karendavis
1783,15487585,Faihaj,2026-03-31 17:19:25,0.12,3,faihaj
1784,15940399,Roy_Wang925,2026-05-20 14:39:34,0.12,5,roywang925
1785,16692578,Rohit Bhar,2026-08-13 17:15:22,0.12,4,rohitbhart
1786,16040367,Ryosuke SHIMIZU,2026-05-23 03:28:06,0.12,3,tttgazerttt
1787,16445777,Nesime,2026-06-28 08:51:43,0.12,1,monkeybox
1788,16419773,霓裳-Museon,2026-07-06 00:46:14,0.12,6,zealchou
1789,16722143,Devraj Singh,2026-08-15 14:12:25,0.12,1,devrajsinghk
1790,16670410,TumblingDice23,2026-08-06 12:54:31,0.12,2,tumblingdice23
1791,15488458,OmniOne,2026-08-15 07:00:32,0.12,1,MultiEgo
1792,16652499,Yiğit Karadağ,2026-08-06 04:49:03,0.12,1,yiitkarada
1793,16570733,PankajGupta73,2026-07-24 01:35:27,0.12,1,pankajgupta73
1794,15752293,Guy Nachshon,2026-04-28 09:51:04,0.12,1,guynachshon
1795,16271923,Ian Blenke,2026-08-11 06:53:28,0.12,7,iancblenke
1796,16688028,Asher Tooley,2026-08-08 00:16:44,0.12,1,ashertooley
1797,15497542,Cosmin Budeanu,2026-06-30 21:23:33,0.12,7,cosmicbe
1798,15487309,Njabulo Bright,2026-03-29 05:25:52,0.12,4,njabulobright
0,15485225,Random Agent,2026-03-25 00:33:14,0.12,1,
1799,16501274,Samson Enoch,2026-07-08 02:01:03,0.12,2,samsonenoch
1800,16673415,Stijn,2026-08-10 06:03:12,0.12,3,stijnappelmoes
1801,15513411,nadirbekovnadir,2026-04-03 01:03:35,0.12,2,nadirbekovnadir
1802,15685341,Sid Devinen,2026-08-15 03:41:25,0.12,2,siddevinen
1803,16580355,Rick Gillespie,2026-07-21 10:29:44,0.12,1,bliztafree
1804,15636473,whflux,2026-05-12 10:39:38,0.11,6,whflux
1805,15492335,bobdobbob,2026-03-26 07:08:46,0.11,1,bobdobbob
1806,15492420,da_pond,2026-03-26 07:20:03,0.11,1,dapond
1807,15595610,georginio2000,2026-07-20 16:37:59,0.11,4,kouserisgeorgios
1808,16384499,Pranshu Sharma,2026-07-02 18:15:08,0.11,6,pranshusharmaa
1809,15503562,Mattias Nordstrand,2026-04-03 14:02:10,0.11,2,mattiasnordstrand
1810,15602825,ASHWINMSAD,2026-04-16 05:10:03,0.11,4,ashwinmsad
1811,16126100,Mukesh Patil,2026-08-11 04:42:46,0.11,7,speedforceyt
1812,16277881,Saif Bagmaru,2026-06-11 06:56:44,0.11,3,imsaif
1813,16723651,Ehsan Patel,2026-08-16 01:09:35,0.11,2,ehsansp
1814,16506426,i moichchi :sob:,2026-07-09 02:42:03,0.11,2,abdullahshafi2021
1815,15939268,Lucien de Rubempre,2026-05-13 05:32:15,0.11,2,lucienderubempre
1816,15671155,Ravi Makhija,2026-04-26 17:51:17,0.11,2,ravimakhija
1817,16321982,Zhongyuan Zhang,2026-07-05 12:56:39,0.11,1,z1493916656
1818,16025438,zohir benmalek,2026-05-19 16:38:19,0.11,1,zohirmalek
1819,15640764,Sai Shreekar G,2026-05-15 03:27:00,0.11,2,saishreekarg
1820,15493593,waechter,2026-03-26 10:01:16,0.11,1,waechter
1821,16117471,Quetzali Ramírez Guillén,2026-05-31 03:31:13,0.11,2,coystan
1822,16701218,huang shiyao 111,2026-08-11 02:42:34,0.11,2,huangshiyao111
1823,15494266,Tharaka Umayanga,2026-03-26 11:33:50,0.11,1,crazyfox001
1824,16249007,BlueFlame202,2026-06-13 19:10:34,0.11,2,aathreyakadambi
1825,16066658,Chia-Han Chen,2026-05-27 02:14:47,0.11,1,chiahanchen
1826,15504373,GanadorPlusUltra,2026-04-04 01:08:02,0.11,4,ganadorplusultra
1827,15495078,Revanth Kodati,2026-03-26 19:10:15,0.11,1,kodatirevanth
1828,16357889,Gopokionel,2026-08-04 05:35:58,0.11,5,gopokionel
1829,15488392,Omar,2026-03-27 00:03:23,0.11,1,omarafik
1830,15584179,Klgv Klgv,2026-04-19 20:08:57,0.11,2,klgvklgv
1831,16458373,Pallavi R,2026-07-15 13:55:50,0.11,2,pallavi1407
1832,16594962,abdallah farouk,2026-07-31 00:34:32,0.11,1,farouk09
1833,16374045,Ethan Liu,2026-06-20 14:47:35,0.11,3,ethanl22
1834,15512002,Tom,2026-03-29 11:38:54,0.11,1,tomokisano
1835,16551372,valentino ray isabell,2026-08-11 21:08:12,0.11,3,valentinorayisabell
1836,15488557,TeamRED,2026-03-27 04:14:08,0.11,2,noproo
1837,16582387,kwonj0815@gmail.com,2026-07-21 16:44:51,0.11,1,kwonj0815gmailcom
1838,15503023,hetul patel,2026-07-18 18:21:59,0.11,3,hetul803
1839,15880333,Ninym06,2026-06-23 10:29:05,0.11,2,ninym06
1840,16716151,Hsu HH,2026-08-14 04:57:25,0.11,2,beatles1823
1841,16716641,Sahasawatt,2026-08-15 05:36:05,0.11,3,sahasawatt
1842,16712506,WENJIE_Wang-dev,2026-08-13 03:13:30,0.11,2,wenjiewangdev
1843,16464853,guochangZhang,2026-07-05 03:18:23,0.10,1,guochangzhang
1844,16244857,Ben Jenkins,2026-06-07 22:03:12,0.10,2,benjenkins96
1845,15573392,Chitranjan Singh,2026-04-22 18:32:50,0.10,1,chitranjansingh
1846,15492306,H. Dewmal ,2026-08-09 17:10:07,0.10,1,dewmalnilanka
1847,15497023,rldoeswork,2026-08-13 01:58:12,0.10,1,maharishiva
1848,16541755,gugugaga!,2026-07-14 04:25:00,0.10,1,ccrcrcr
1849,16655317,Emin Gürbüz,2026-08-08 19:31:09,0.10,4,emingrbz0
1850,15834772,James Wilkins,2026-05-05 06:02:58,0.10,2,jameswilkins
1851,16674972,Noureddine Mohammedi,2026-08-12 11:31:54,0.10,4,noureddinemohammedi
1852,15828349,yang1911,2026-05-04 14:48:34,0.10,1,yang1911
1853,15998556,Kevin Shao,2026-05-27 08:26:54,0.10,2,kevinshao04
1854,16384154,Baris Yazici,2026-06-23 11:50:24,0.10,4,barisyazici30
1855,15573094,Hitchhiker2TheFuture,2026-06-09 01:28:50,0.10,8,hitchhiker2thefuture
1856,16688449,Vicwlau,2026-08-08 05:21:02,0.10,1,vicwlau
1857,16267486,reasonofmoon,2026-06-08 11:11:51,0.10,1,reasonofmoon
1858,15505322,Emiliano Gasparovic,2026-03-28 05:31:07,0.10,1,emilianogasparovic
1859,15499036,Jiwei Liu,2026-03-30 21:37:36,0.10,2,jiweiliu
1860,16664713,Udit Jain #2,2026-08-05 04:09:32,0.10,1,iamudit
1861,15509517,somebodyOnKaggle,2026-03-29 00:42:49,0.10,1,somebodyonkaggle
1862,16085896,Paul Joseph,2026-05-31 08:07:38,0.10,1,paultechm
1863,16324926,Buzz shocker,2026-06-29 05:54:09,0.10,1,"buzzshocker,lordyashpratap"
1864,15609207,Alexander,2026-04-13 13:30:07,0.10,1,krugex
1865,16266300,zzzzzzrc,2026-06-11 04:23:37,0.10,4,zzzzzzrc
1866,15487355,S,2026-04-02 21:22:29,0.10,3,carlostoppani
1867,15487103,Guanghan Ning,2026-06-19 18:45:08,0.10,5,guanghanning
1868,16430419,loadingAC,2026-06-25 08:31:18,0.10,1,loadingac
1869,15763912,Harry Zhao HY,2026-04-30 02:26:21,0.10,3,harryzhaohy
1870,15539171,GrootX,2026-04-03 21:51:16,0.10,1,grootx
1871,16536460,Cont Gi,2026-07-14 02:31:46,0.10,2,contgi
1872,16716260,Phoenix,2026-08-14 01:33:09,0.10,1,phoenix189
1873,15786837,macleonjinkan@hotmail.com,2026-04-29 22:19:16,0.10,1,macleon
1874,15585605,pkms,2026-06-30 00:04:15,0.10,5,prakamyamishra
1875,16327509,fabio rovai,2026-06-19 08:57:57,0.10,4,fabiorovai
1876,15498286,Hira-X,2026-03-30 23:23:49,0.10,2,abdullahasoliman
1877,16726265,noxdarko,2026-08-15 18:56:08,0.10,1,noxdarko
1878,16627226,JohnBaby,2026-08-02 17:17:04,0.10,1,junzhewong
1879,15536113,IjlalBaig,2026-04-05 16:51:20,0.10,1,ijlalbaig92
1880,16349882,Nikhil Pradhan,2026-08-06 18:58:34,0.10,6,nikhilpradhan1
1881,16444911,JShen,2026-07-04 12:32:37,0.10,1,qjshen
1882,15995392,Hiroyasu Okuno,2026-06-06 01:47:51,0.10,1,hiroyasuokuno
1883,16273359,JinXian Chen,2026-07-16 16:06:45,0.10,6,jinxianchen
1884,16100782,StevenKaseiyo,2026-05-28 13:03:29,0.10,1,stevenkaseiyo
1885,15943261,Raphael Gusmao,2026-05-25 22:49:08,0.10,5,raphaelgusmao
1886,15817057,Erich Bochenek,2026-05-12 10:04:22,0.10,5,erichbochenek
1887,16588811,GameAGI,2026-08-10 06:32:09,0.10,1,"mama5647,voidin,zhangruichen66"
1888,16054431,Tuna Xiao,2026-06-13 09:41:13,0.10,1,tunaxiao
1889,15489968,Haradi Bots,2026-03-27 03:22:10,0.10,2,haradibots
1890,15510259,[Deleted] 148fbb43-b531-4414-91bf-40351a0788aa,2026-03-29 04:06:37,0.09,1,del=358c10d722d32731
1891,16387375,Tanh2405,2026-06-19 07:44:34,0.09,1,tanh2405
1892,15513341,wolf,2026-04-15 00:30:41,0.09,1,naoufelelbachir
1893,16716148,liuhungyi,2026-08-14 00:21:22,0.09,1,liuhungyi
1894,16717152,yesterdays_rebel,2026-08-13 12:09:43,0.09,1,irfanparaniya
1895,15506954,Rafay Shahid0,2026-03-31 02:15:53,0.09,1,rafayshahid0
1896,15708278,Huy Lôi Giang,2026-04-23 09:51:38,0.09,1,huyloi
1897,16561130,DA willowtree,2026-07-17 21:29:39,0.09,1,dawillowtree
1898,15637997,the_coder,2026-07-23 07:27:50,0.09,2,samyukthahr
1899,15863749,don gunning,2026-08-11 19:33:27,0.09,11,dongunning
1900,16559107,Joan Bitutu,2026-07-17 11:27:51,0.09,1,joanbitutu
1901,15785831,Kamal Biswakarma,2026-04-29 21:24:18,0.09,1,kamalbiswakarma
1902,16515996,Chnoor Lee,2026-07-13 06:37:05,0.09,3,chnoorlee
1903,15522177,Arpit Singh,2026-05-20 04:42:35,0.09,5,arpitsingh8809
1904,16675032,EonCrux,2026-08-14 15:31:20,0.09,4,"dhairyapratapsolanki,itsmepooja,jainp1508,mansisingh2072,sapnajain115"
1905,16468343,SonuYadav889,2026-07-11 16:35:09,0.09,2,sonuyadav889
1906,16417945,Rajshekar,2026-06-23 07:52:30,0.09,1,mtech24m0793
1907,16687920,nabil,2026-08-08 11:47:10,0.09,1,marchworks
1908,16386238,Aditya Singh,2026-06-19 10:44:39,0.09,1,adityasingh157735
1909,15498152,Rohan Dekate,2026-03-27 00:24:40,0.09,1,rohandekate13
1910,15490043,Pranav A,2026-06-27 14:39:32,0.09,1,pranav47
1911,15519101,yanjixiang,2026-04-01 14:55:49,0.09,1,yanjixiang
1912,15528321,Mawra Musawar,2026-06-09 11:47:50,0.09,1,mawramusawwar
1913,15488213,little cat,2026-04-13 06:37:32,0.09,1,tangtang1999
1914,15498108,GrassClass2026,2026-06-13 16:21:44,0.09,1,oxjunhao
1915,16564309,Nadav Lederman,2026-08-02 12:53:40,0.09,4,nadavlederman
1916,16559560,wonofone,2026-08-08 06:50:14,0.09,1,wonofone
1917,15488412,[Deleted] 03f7a0e7-4358-4906-88ed-86eadf91a51c,2026-03-28 00:17:12,0.09,3,del=158dba91f520bef9
1918,15641659,Avery Scott,2026-04-19 19:27:51,0.09,1,solarusblank
1919,15732134,Ryan Ghorbandoost,2026-04-24 18:46:29,0.09,1,ryanghorbandoost
1920,16400248,G4br13l,2026-06-20 08:34:02,0.09,1,g3br13l
1921,15574032,KARLMAC,2026-07-21 14:54:44,0.09,5,karlmac
1922,15492342,Jerome Sieber,2026-06-29 09:06:09,0.09,1,jeromesieber
1923,16379780,Jahir Chowdhury,2026-06-17 09:01:24,0.09,1,jahirchowdhur
1924,16593808,RuiFSPinto,2026-07-28 07:07:04,0.09,5,ruifspinto
1925,16498321,Matthew Childs,2026-07-08 00:01:12,0.09,2,varellium
1926,16475859,Sega Mega,2026-08-01 23:48:15,0.09,4,segamega
1927,16448948,Aur Shalev Merin,2026-07-03 18:10:27,0.09,4,aurshalevmerin
1928,15657134,WilsonFu,2026-05-28 05:12:13,0.09,1,willsonfu
1929,16697953,Macx Vasquez,2026-08-10 02:29:41,0.09,1,macxvasquez
1930,15985403,[Deleted] 2361894e-be69-404a-b6a8-928369b492a0,2026-06-24 00:16:53,0.09,2,del=5900c7ab80aef0b9
1931,15519186,Linda MacPhee-Cobb,2026-03-31 19:47:05,0.09,1,wrinkledtime
1932,16710381,Dong,2026-08-15 05:44:11,0.09,4,protostar
1933,16683904,Void_Rune,2026-08-12 13:14:20,0.09,6,voidrune
1934,15668591,Longkun Shi (Candyman),2026-04-25 04:21:39,0.09,3,longkunshicandyman
1935,15807768,shigeria,2026-05-01 05:20:53,0.09,1,shigeria
1936,15756777,Aimar Haddadi,2026-05-31 10:30:46,0.09,2,aimar00
1937,16550408,Harsimar Singh,2026-08-16 05:07:04,0.09,1,harsimarsingh23
1938,16296118,kobayasi,2026-08-14 01:00:09,0.09,2,boomvector
1939,16006820,pop smoke fan,2026-05-18 12:47:17,0.09,1,bibisorobabydjon
1940,16482397,Matt Mazur,2026-07-03 17:24:38,0.09,1,mhmazur
1941,16333016,PRANAY MANE ,2026-06-28 03:40:11,0.09,7,mpranay53
1942,15491631,Cody Terry,2026-03-27 02:21:20,0.09,2,codyterry
1943,16442486,Positive Quark,2026-07-31 18:58:36,0.09,1,quarkliu
1944,15618050,Elisha777,2026-07-11 07:17:23,0.09,7,elisha777
1945,15496358,Saurabh Dasgupta,2026-07-09 14:15:37,0.09,1,dasgupsa500
1946,16483109,kaixinw6,2026-07-05 16:42:17,0.09,2,kaixinw6
1947,16083613,shotaro sakaguchi,2026-06-13 12:36:35,0.08,2,sakaguti1211
1948,16094088,çağrı okan,2026-06-07 10:52:02,0.08,2,cagrokan
1949,16241510,KunalKakade,2026-06-09 01:27:41,0.08,2,kunal808
1950,16644285,Pedro_Afonso2,2026-08-03 00:14:29,0.08,2,pedroafonso2
1951,16714366,sergiobuilds,2026-08-15 18:54:49,0.08,1,sergiobuilds
1952,15505309,laoshucike,2026-06-14 05:44:41,0.08,2,laoshucike
1953,16274295,Mitotic,2026-06-12 14:51:52,0.08,2,"bytemuneeb,clarkcarter,muzicodes"
1954,16116181,MakiMakiAi,2026-06-21 11:01:52,0.08,1,makimakiai
1955,15488399,ZhiruiLuo,2026-04-03 00:32:09,0.08,1,zhirluo
1956,16715388,LiuChen1350,2026-08-13 03:14:24,0.08,1,liuchen1350
1957,16537516,Sunny Kumar,2026-08-15 12:23:00,0.08,6,sunnykumar6203
1958,15554719,Hajar Besbassi,2026-04-10 17:04:03,0.08,1,jolizare
1959,15492759,jungwon Eom,2026-03-26 14:23:37,0.08,1,jungwoneom
1960,15496387,Patryk Wolny,2026-08-15 01:31:41,0.08,3,patrykwolny
1961,16638027,Randynho,2026-08-15 19:20:53,0.08,5,randynho
1962,15932596,Matt Davis,2026-05-24 02:02:34,0.08,3,matteius
1963,16613524,yoikoarmor,2026-07-31 23:33:59,0.08,2,yoikoarmor
1964,15626214,Mounika Kalamraju,2026-04-16 02:23:11,0.08,1,mounikakalamraju
1965,16096798,mark zhang,2026-06-01 15:46:50,0.08,1,markdaddy
1966,15643224,Rahul,2026-04-18 09:08:21,0.08,1,rahulatrkm
1967,15497364,Cuda Musume,2026-07-03 16:26:26,0.08,3,"chakrabhuanavdeva,gerryweber"
1968,15699347,Oskar Seweryn,2026-05-08 07:23:06,0.08,2,oskarseweryn
1969,16551905,Vladislav Babichev,2026-07-18 01:16:41,0.08,1,vladislavbabichev
1970,15487386,Evan Pieser,2026-06-19 00:27:57,0.08,3,evanpieser
1971,15492339,せいき,2026-03-29 13:58:56,0.08,2,gzyztc
1972,15517835,pexoML,2026-04-04 09:11:34,0.08,3,pexoml
1973,15836656,Sutee,2026-05-10 08:28:46,0.08,2,lszlst
1974,15985981,YUXIANG0853,2026-05-26 13:27:20,0.08,3,yuxiang0853
1975,16102239,Abhay Gupta,2026-05-28 18:59:18,0.08,1,abhaygupta404
1976,15487749,fnhirwa,2026-06-04 11:30:45,0.08,3,fnhirwa
1977,16157279,Ahmed Sobeih,2026-06-05 02:19:29,0.08,2,ahmedsobeih
1978,16297653,satyamsingh5512,2026-06-15 06:23:52,0.08,4,satyamsingh5512
1979,15841376,Afro AI,2026-06-16 07:22:33,0.08,10,aosanya
1980,16103492,Rubens Sosa,2026-06-28 01:54:27,0.08,4,rubenssosa
1981,16428391,GoodRelax,2026-06-30 12:59:08,0.08,3,goodrelax
1982,15940100,JINGBO SHI,2026-06-30 05:20:47,0.08,1,sherlockucb
1983,16077130,Ghbmaster,2026-07-21 13:13:33,0.08,3,ghbmaster
1984,15549210,Sardor Razikov,2026-08-05 10:16:41,0.08,6,sardorrazikov
1985,16404154,Boh,2026-07-15 18:47:04,0.08,2,bijiumi
1986,15657776,ignace mutuza,2026-07-19 08:55:32,0.08,8,ignacemutuza
1987,16500691,Vyomakesh Dundigalla,2026-07-24 17:41:49,0.08,3,vyomakeshdundigalla
1988,16634065,kuangfeng,2026-08-02 01:08:13,0.08,2,kuangfeng
1989,16693920,Muheng,2026-08-09 14:35:25,0.08,1,muheng
1990,16510962,Adrien Thomas,2026-08-16 00:40:13,0.08,6,adrienthomas
1991,16722258,Nilutpal Pathak,2026-08-14 18:21:15,0.08,1,neel21yt
1992,16268658,kiritohhhhh,2026-06-19 08:58:55,0.08,1,txdyhs
1993,16555623,Kent Takamatsu,2026-07-21 01:15:21,0.08,2,kenttakamatsu
1994,15487928,YERMES AMINE,2026-03-26 21:26:15,0.08,2,yermes
1995,15716261,John Taylor (AI),2026-08-16 00:02:02,0.08,21,johntaylorai
1996,16716052,yosi,2026-08-13 07:19:28,0.08,1,yositw3824
1997,16093040,Qianhao Yao,2026-06-13 11:55:44,0.08,2,yaoqianhao
1998,16086045,Praxis tools,2026-06-10 20:24:40,0.08,1,praxistools
1999,16607916,orangger,2026-07-28 07:18:41,0.08,1,orangger
2000,16727405,MadarCode,2026-08-16 06:24:59,0.08,1,"mukundrawat,sukulbagai"
2001,16714597,Cole Godfrey1,2026-08-13 02:05:25,0.08,1,colegodfrey1
2002,16582867,Lazyman,2026-08-10 02:45:00,0.08,1,lazyman
2003,16530791,Kyles Light,2026-07-11 05:11:23,0.08,1,kyleslight
2004,16292501,Chance Pickett,2026-06-10 21:37:07,0.08,1,chancepickett
2005,16368320,Kyrenic,2026-08-16 03:23:03,0.08,5,kyrenic
2006,15504183,Luka Popovici,2026-03-27 23:39:49,0.08,1,lukapopovici
2007,16671699,sabari nathan,2026-08-08 08:02:10,0.08,3,sabarinathan
2008,16197314,Shubham Veer,2026-06-24 05:29:12,0.07,1,shubhamveer
2009,16422666,Sapiens Livre,2026-06-27 03:17:12,0.07,4,sapienslivre
2010,15930504,addi,2026-05-13 08:16:38,0.07,1,addi11
2011,15708044,[Deleted] a886bc33-8817-4775-a243-50321ef72a07,2026-04-26 19:52:12,0.07,2,del=b331b9c946b1b426
2012,15879401,LucyHe2,2026-05-06 22:27:42,0.07,1,lucyhe2
2013,16144803,MSG_Encrypted,2026-06-07 21:36:48,0.07,3,msghais
2014,15551669,Mark Coffey,2026-06-15 05:15:14,0.07,1,sasquilly
2015,15528577,kagglewangtang,2026-06-15 06:01:06,0.07,2,kagglewangtang
2016,15501158,Arunkumar dsci,2026-04-15 09:43:16,0.07,2,arunkumardsci
2017,16564803,dongfangdaguo,2026-08-09 08:30:14,0.07,2,dongfangdaguo
2018,15996416,Trung Nghia,2026-08-10 15:19:19,0.07,1,trungnghia
2019,15566888,Arpit Singh Gautam,2026-04-08 21:45:42,0.07,1,arpitsinghgautam
2020,15833254,Poseidon,2026-05-07 23:14:06,0.07,3,posiedon
2021,16554964,clouds111,2026-07-29 07:27:27,0.07,1,clouds111
2022,16016320,Dengyi Liu,2026-05-20 03:20:47,0.07,1,dengyiliu
2023,15494712,Hasnaa Bennis,2026-04-24 15:50:33,0.07,2,hasnaabennis
2024,15655993,LarissaWF,2026-04-22 19:09:34,0.07,1,larissawf
2025,15496361,CheeseMaster,2026-03-26 16:55:43,0.07,1,timissosmart
2026,15889979,devomage,2026-06-19 01:36:51,0.07,8,devomage
2027,16562789,Preet,2026-07-25 18:14:19,0.07,1,hpkaur34
2028,16604162,LC-Swordsmen,2026-08-04 13:42:27,0.07,5,"jackylegends,ztcstudy"
2029,15505169,Deptrais1VN,2026-04-02 09:20:43,0.07,3,shiinehata
2030,16284941,Paul Piper,2026-06-11 11:33:29,0.07,1,paulmpiper
2031,16685812,Abasu,2026-08-10 00:46:23,0.07,2,abasu644
2032,16434341,Al Kibriar Hossain,2026-06-25 17:07:49,0.07,1,iamkhs
2033,16383087,Super Humanoid,2026-06-29 02:59:15,0.07,2,superhumanoid
2034,16143078,petkovacs,2026-06-01 13:10:14,0.07,1,petkovacs
2035,16483350,koyama_ryuji,2026-07-03 21:29:17,0.07,1,koyamaryuji
2036,15660025,arodmor,2026-07-13 18:04:10,0.07,1,arodmor
2037,16578050,ashsah,2026-07-21 02:06:59,0.07,1,ashsah
2038,16294943,Ömer Berkay Sarıgül,2026-06-11 01:52:00,0.07,1,omerberkaysarigul
2039,16208382,weiyi,2026-06-05 01:03:19,0.07,2,txdywy
2040,16610154,Wodo888,2026-08-12 14:19:17,0.07,12,wodo888
2041,16278020,flyingfox,2026-06-27 14:45:47,0.07,1,harrysun2006
2042,16585180,Yuchen Liu,2026-07-25 08:28:46,0.07,2,lyc070510
2043,16593632,Neko Core,2026-07-24 12:24:41,0.06,1,holilihu
2044,15542847,code4me2,2026-04-13 21:05:53,0.06,1,code4me2
2045,15984317,Zeref12344321,2026-05-20 19:04:39,0.06,6,zeref12344321
2046,16021260,Kushagra Bhushan,2026-05-19 11:27:26,0.06,1,kushagrabhushan
2047,16706846,Thierry Tuz,2026-08-14 05:16:49,0.06,2,thierrytuz
2048,16574597,c.e hsiao ,2026-07-21 07:44:40,0.06,1,cehsiao
2049,16671409,Thiago Farya,2026-08-10 12:05:18,0.06,2,thiagofarya
2050,16157264,raywu918python,2026-06-04 01:33:14,0.06,3,raywu918python
2051,15951910,Jim Jardine,2026-07-23 00:22:58,0.06,1,jimjardine
2052,16662968,Rangga Figo Hidayat,2026-08-05 07:06:51,0.06,1,aproditzecaspersky
2053,15515989,jessie riggle,2026-07-04 22:44:16,0.06,2,lashagogilidze
2054,15501055,Omar Isbaitan,2026-05-01 14:47:31,0.06,2,omarisbaitan
2055,16599680,Michal Swietek,2026-07-25 20:38:52,0.06,1,michalswietek
2056,15661391,Anna Barbato,2026-05-20 01:05:04,0.06,3,annabarbato
2057,15812600,HomieDaddy,2026-07-02 10:41:32,0.06,8,homiedaddy
2058,15545278,Tra Crew,2026-04-03 08:18:43,0.06,1,tracrew
2059,15546133,roc,2026-04-05 19:01:22,0.06,1,roebius
2060,15493616,STARGA,2026-06-30 12:35:44,0.06,1,cputer
2061,15883359,adhithyan u,2026-05-20 15:52:42,0.06,1,adhithyanu03
2062,16536319,Jiantao Zhao,2026-07-17 13:44:15,0.06,2,gordan123
2063,16595314, simplicity,2026-07-27 21:01:23,0.06,3,simplicity
2064,16677330,fistyee,2026-08-15 04:15:55,0.06,1,fistyee
2065,16640841,tang yangzhou,2026-08-04 01:09:46,0.06,2,tangyangzhou
2066,15702712,Opoch,2026-04-25 12:31:40,0.06,1,dvcoolster
2067,15899313,elmwood,2026-06-25 02:35:19,0.06,2,mmarsh5528
2068,15538912,jmorales,2026-06-11 03:46:41,0.06,8,javiermoralesestevez
2069,16552856,Warren Faassen,2026-07-20 14:13:37,0.06,5,warrenfaassen
2070,15513259,Nicolae Pascal,2026-07-30 07:59:20,0.06,4,nicolaepascal78
2071,16716143,Ianwah,2026-08-14 01:07:59,0.06,1,ianwah
2072,15491261,Hiyato,2026-03-27 01:21:32,0.06,2,hiyato
2073,15503157,Shreas Labib,2026-03-28 23:20:01,0.06,2,shreaslabib
2074,15487960,Stephen Kaskin,2026-05-25 11:06:21,0.06,6,stephenkaskin
2075,15487036,JeffFosterUK,2026-03-28 18:50:19,0.06,1,jefffosteruk
2076,15516534,OneUpKiwi,2026-04-02 07:35:33,0.06,3,oneupkiwi
2077,15745740,gyindeu,2026-04-30 16:57:39,0.06,2,gyindeu
2078,15663369,Nobel16,2026-05-20 04:07:34,0.06,1,nobel16
2079,15629748,Felix,2026-05-28 05:51:58,0.06,1,accidentalbrain
2080,16233392,Ruirong Feng,2026-07-07 20:14:22,0.06,5,ruirongfeng
2081,15530697,sasaki,2026-07-13 11:41:44,0.06,2,rsasaki
2082,16678230,Holsoul,2026-08-07 05:27:47,0.06,1,holsoul
2083,16032816,David Hartmann,2026-08-15 09:26:10,0.06,20,"dvhrtm,sbrodehl"
2084,16532484,Alex Sehdeva,2026-08-16 01:58:11,0.06,29,alexsehdeva
2085,16400723,Vighnesh Deshpande,2026-06-20 08:55:24,0.06,1,deltaproxima
2086,16037188,Aastik Rajan15,2026-05-22 22:41:10,0.06,2,aastikrajan15
2087,16041599,AhmedberaT Ozer,2026-05-21 19:02:53,0.06,1,ahmedberatozer
2088,16538233,dozcat,2026-07-19 05:53:15,0.06,4,dozcat
2089,16698305,Takuma Kojima,2026-08-10 07:23:25,0.06,1,takumakojima
2090,16691339,zhongtian,2026-08-08 14:15:12,0.06,1,kmtbang
0,15485223,Just Explore,2026-03-25 00:34:54,0.06,1,
2091,16690521,Aditya #2,2026-08-09 02:17:10,0.05,1,a0x1ab
2092,15652099,Mohaned Najar,2026-05-07 08:28:32,0.05,6,mohanednajar
2093,15822703,Cheesecake,2026-07-07 02:39:46,0.05,5,chelseaaurel
2094,16675756,enes1359,2026-08-06 16:19:25,0.05,1,enzeceb
2095,15494467,Blade Runner,2026-03-27 08:18:32,0.05,1,lonesomefish
2096,16301451,Sarfaraz Ahamed,2026-06-13 13:17:40,0.05,1,sarfarazahamed
2097,15493007,Imaad Fazal,2026-06-29 07:43:07,0.05,1,imaadfazal
2098,15748139,Hunter,2026-05-06 10:34:49,0.05,5,satishhanchinal
2099,16368288,Atom McCree,2026-06-22 12:41:45,0.05,2,atommccree
2100,15506544,Geby Jaff,2026-03-29 07:22:43,0.05,2,gebyjaff
2101,16693306,Hongxin Su,2026-08-09 07:54:33,0.05,1,hongxinsu
2102,16579795,tobeMob,2026-07-23 10:56:06,0.05,1,tobemob
2103,16536163,Team GI,2026-07-14 00:47:10,0.05,1,mortadhaali
2104,15738880,Sean McGee,2026-05-16 00:37:13,0.05,3,seanmcgee2025
2105,16115562,JackLX,2026-06-22 19:13:10,0.05,1,jacklx
2106,15718994,wzk1015,2026-04-23 13:26:45,0.05,1,wzk1015
2107,15495411,Jin Niu,2026-03-26 14:41:32,0.05,1,gufanmingmie
2108,15487848,sigmaborov,2026-03-25 21:33:18,0.05,1,sigmaborov
2109,15509754,Thomas Greissler,2026-03-29 00:22:16,0.05,1,thomasg22202020
2110,16691314,EricYang03,2026-08-09 00:03:00,0.05,2,ericyang03
2111,16377188,ddplay03,2026-06-27 09:15:59,0.05,1,ddplay03
2112,15525344,vividmind,2026-04-09 15:37:06,0.05,1,frozenorb
2113,16682521,Saber #2,2026-08-08 22:59:21,0.05,2,kagurakurage
2114,15625666,Mingeon Kim,2026-04-28 22:03:31,0.05,8,maeng31
2115,15743819,Abd-alrhman,2026-05-29 17:54:18,0.05,2,abdalrhman2212
2116,16713253,bsqaqovo,2026-08-13 01:54:25,0.05,1,bsqaqovo
2117,16448425,Dmytro Rakovskyi,2026-07-18 21:15:40,0.05,3,dmytrorakovskyi
2118,16300602,YUKI OBARA,2026-06-11 16:06:39,0.05,1,yukiobara
2119,16724574,egangu,2026-08-15 08:16:59,0.05,1,egangu
2120,16719829,Mohammed Nomaan,2026-08-16 00:05:17,0.05,3,nomaanz
2121,15952276,David Li,2026-05-14 02:30:22,0.05,1,davidli2018
2122,15922138,Santiago D. J. V. G.,2026-06-15 20:31:37,0.05,1,seasthaalores
2123,15990682,pantrucas,2026-05-17 03:14:58,0.05,2,pantrucas
2124,16482651,Roy Lampe,2026-07-05 21:06:21,0.05,1,roylampe
2125,16444597,bohemian3657,2026-06-27 22:23:44,0.04,1,bohemian3657
2126,15971997,Hem Viramgama,2026-05-14 13:45:11,0.04,1,hemviramgama
2127,15660252,Blazooka,2026-05-12 12:34:33,0.04,1,cucurbitaceum
2128,15524360,JunjieZhong,2026-04-02 08:58:27,0.04,1,zephyrchilly
2129,16255768,jakkkc,2026-06-07 05:15:05,0.04,1,jakkkc
2130,15614439,Yogesh Jadhav,2026-08-14 04:44:12,0.04,4,dynamo14324
2131,15565022,Sterna Lucas,2026-04-26 19:25:16,0.04,1,sternalucas
2132,16005913,Sheldon Henriques,2026-05-17 20:46:59,0.04,1,sheldonhenriques
2133,16408996,Wu You,2026-06-30 23:58:53,0.04,2,yoevergarden
2134,16705241,Sima Yi,2026-08-11 04:48:57,0.04,1,aceplayer11
2135,15504516,Francis Ndirangu,2026-06-30 00:21:22,0.04,2,frankkojee
2136,16212098,Dhirpal Shah,2026-06-04 18:40:44,0.04,1,dhirpalshah
2137,16213573,White Lee,2026-06-04 07:41:10,0.04,1,tokaiteio114514
2138,16716199,ShuShu0401,2026-08-14 05:03:42,0.04,1,shushu0401
2139,16569312,Norman Neira,2026-07-24 23:38:46,0.04,1,normanneira
2140,16481217,Giulio,2026-07-06 00:17:45,0.04,4,giudo85
2141,16597934,Nehemiah Balozi,2026-07-25 11:17:34,0.04,1,nehemiahbalozi
2142,16055721,spacekkk,2026-06-01 13:38:45,0.04,1,spacekkk
2143,16328524,kalisto theo willaey,2026-06-13 16:39:52,0.03,1,kalistotheowillaey
2144,15946448,HKLucian,2026-05-13 08:38:43,0.03,1,hklucian
2145,16514055,Ollyhhhh,2026-07-10 00:23:49,0.03,1,ollyhhhh
2146,16451672,vinhdq17,2026-06-29 15:05:19,0.03,1,vinhdq17
2147,15912179,Dmitrii Gluzdov,2026-05-24 09:14:21,0.03,1,dmitriigluzdov
2148,15504738,AidenSong123,2026-03-29 01:14:19,0.03,1,aidensong123
2149,16377136,stoneworld,2026-07-01 00:01:20,0.03,3,thestarsea
2150,15492601,Raffi Ardhi Naufal,2026-03-29 10:50:34,0.03,1,raffiardhi
2151,15505149,[Deleted] be3f9888-a2cf-43ea-8a87-65c9ec1342ea,2026-03-28 03:45:12,0.03,1,del=6caa06b6f93c8e87
2152,15508153,[Deleted] cfcf3a12-2595-4671-b4a5-b9cf2df743f6,2026-03-28 15:21:24,0.03,1,del=d08a8a2f3da206df
2153,16410539,Toussaint,2026-06-29 14:41:56,0.03,1,captaindadja
2154,16459127,func-nano,2026-06-30 11:55:12,0.03,1,funcnano
2155,16710644,Arnav Mishra #2,2026-08-13 05:18:29,0.03,2,arnavmishra02
2156,16581219,Shreeshail Bhatta,2026-07-28 06:51:45,0.03,1,"jasonl126,shreeshailbhatta"
2157,16678058,2hani2,2026-08-07 06:52:52,0.03,1,venisatellis
2158,15998137,AIOPSAI,2026-05-16 22:14:21,0.03,1,aiopsai
2159,15504774,[Deleted] dc0f7a78-0d32-4f41-9672-f10150e45e5f,2026-03-28 01:25:51,0.03,1,del=59b016eccf073c77
2160,15504870,[Deleted] 8d2f140f-89b5-4525-a951-ca5ff685ea9d,2026-03-28 02:21:26,0.03,1,del=b522e068b119bc0a
2161,16565686,TheGravityZero,2026-07-27 09:28:14,0.03,3,gaptulkhakov
2162,16639552,MD IBRAHIM,2026-08-16 00:42:16,0.03,6,plasmacoder210
2163,15988786,Ilakk manoharan,2026-08-15 14:12:46,0.03,54,ilakkmanoharan
2164,16219405,ultimatum_game,2026-06-08 06:22:02,0.03,1,ultimatumgame
2165,15831308,Abinav Chandar,2026-05-02 18:21:13,0.03,1,abinavchandar
2166,15514828,llllyz,2026-04-21 12:14:38,0.03,1,llllyz
2167,16455238,[Deleted] 3a47646f-6ceb-4a06-95db-7abf478e0f41,2026-06-30 23:47:51,0.03,1,del=6bcd409465dcfd3b
2168,16312438,Biao,2026-06-14 07:58:55,0.03,1,wubiaowindy
2169,15620908,Zafer Liu,2026-04-16 00:11:29,0.03,1,zaferliu
2170,15631522,Ram Janam Yadav,2026-04-16 14:22:22,0.03,1,ramjanamyadav
2171,16716152,JHkaggle2026,2026-08-14 01:26:11,0.02,1,jhkaggle2026
2172,16594698,沼里太誠,2026-07-25 01:52:19,0.02,1,numaritaisei
2173,16021600,Baihua Xie,2026-07-09 01:56:22,0.02,1,baihuaxie1123
2174,15900482,Mianhua07,2026-05-18 20:57:45,0.02,1,mianhua07
2175,15610959,Volkan,2026-04-13 19:27:03,0.02,1,volkan97
2176,15773495,163231040-A2-MOCH. SHULTAN ALI S,2026-04-29 02:16:21,0.02,1,mochshultanalis
2177,16620515,Paulo Abelha,2026-08-09 23:52:58,0.02,6,pauloabelha
2178,16638255,Kushvinth Madhavan,2026-08-01 16:33:09,0.02,1,kushvinthmadhavan
2179,16683943,Sana Ben Driss,2026-08-07 09:57:51,0.02,1,sanabdriss
2180,16396357,Maryam Tahir,2026-07-04 03:28:28,0.02,2,maryamtahir09
2181,16369711,Rounak Mukherjee,2026-07-08 06:13:13,0.02,2,zade799
2182,16308848,Longfei Xing,2026-06-18 02:15:36,0.02,6,longfeix
2183,15904549,abcd,2026-06-17 06:06:18,0.02,1,tbmoon
2184,16483802,Zen dovid,2026-07-05 22:58:28,0.02,1,zendovid
2185,16326499,ershan23,2026-06-13 12:52:34,0.02,1,ershan23
2186,16046511,Pencil_Boxtime,2026-06-03 12:20:39,0.02,1,pencilboxtime
2187,15836123,Nick Lade,2026-05-03 17:09:14,0.02,1,nicklade
2188,16285734,zzgtylors,2026-07-23 03:18:07,0.02,1,zzgtylors
2189,16453621,chiehchang711,2026-08-11 12:22:23,0.02,1,chiehchang711
2190,15517514,Space Kangaroo,2026-06-30 23:06:55,0.02,11,spacekangaroo
2191,16281458,Lucas Lorenzo Savino,2026-06-10 00:00:32,0.02,2,lucaslorenzosavino
2192,16021605,QuchengG,2026-06-01 13:08:09,0.01,4,quchengg
2193,16088164,Rohan Alex Bimal,2026-05-27 03:13:40,0.01,1,rohanalexbimal
2194,15486757,Datrin,2026-03-25 17:55:24,0.01,1,datrin
2195,16228625,bami44,2026-06-08 14:15:19,0.01,1,bami44
2196,16614253,gautik,2026-07-30 09:47:04,0.01,1,crossgg
2197,16034145,Jyzzzzzzzzzz1,2026-05-20 15:34:57,0.01,1,jyzzzzzzzzzz1
2198,15584837,🫎.🍷,2026-04-08 14:34:28,0.01,1,"aweiqih,evelynhxy"
2199,15700798,ziom,2026-06-18 21:59:15,0.01,1,ziombski
2200,16557388,china LZU,2026-07-17 04:26:31,0.01,1,chinalzu
2201,16545610,awxlong,2026-07-23 09:05:45,0.01,2,awxlong
2202,16715965,AlanHsu_AI0116,2026-08-14 01:44:23,0.01,2,alanhsuai0116
2203,16155138,VillanelleXY,2026-06-02 08:32:51,0.01,1,villanellexy
2204,16051675,Klenio Padilha,2026-06-23 07:09:50,0.01,2,kleniopadilha
2205,16672387,Li Dongyuan,2026-08-06 05:37:57,0.01,1,lidongyuan00
2206,16497933,ni zhengqi,2026-07-07 03:34:21,0.01,1,nizhengi
2207,16561355,Kenny McCormick,2026-07-18 01:54:42,0.01,1,swishy
2208,15520477,Liviu Olos,2026-04-27 03:00:18,0.01,3,liviuolos
2209,16095411,Tuf Kookie,2026-06-12 05:42:33,0.01,2,bernubritz
2210,15759421,Nico Burger,2026-06-12 12:04:45,0.01,1,nicoburger
2211,15523389,rickzai,2026-04-25 00:15:47,0.01,1,rickzai
2212,15522865,mingiJ,2026-04-03 06:53:28,0.01,1,mingij03
2213,15994024,Sirmos34,2026-05-20 02:24:06,0.01,3,sirmos34
2214,15545397,RODNEY MAWERO,2026-04-03 08:42:19,0.01,1,rodneymawero
2215,15486980,kryptmancer,2026-04-13 08:48:27,0.00,2,aryankafle004
2216,16578998,zly2377,2026-08-10 05:43:43,0.00,9,zly2377
2217,15512139,Jakob Schellenberg,2026-05-07 14:11:10,0.00,5,jakobschellenberg
2218,15741495,Aritra Mazumder,2026-04-26 04:33:20,0.00,1,aritramazumder
2219,16716147,Sam Huang,2026-08-15 12:20:43,0.00,1,samhuang1974
2220,16407725,sidd,2026-07-31 06:27:25,0.00,3,siddanth5
2221,16716164,Eric Lin,2026-08-14 00:32:02,0.00,1,ericlin900111
2222,16716179,吳炳輝Jacky0916086,2026-08-14 01:40:36,0.00,1,jacky0916086
2223,15998011,Leonardo Domingues,2026-06-24 20:44:52,0.00,2,leonardodomingues
2224,15495117,Memento,2026-04-10 13:51:52,0.00,1,yihangchen1
2225,15625348,Shigeru Kuroyanagi,2026-04-16 08:57:16,0.00,1,shiger
2226,15495643,Arnav Salkade,2026-05-13 03:32:14,0.00,4,arnavsalkade
2227,16351525,SERG4NT,2026-06-16 08:42:54,0.00,1,serg4nt
2228,16701908,jealoussoil,2026-08-11 23:29:36,0.00,1,jealoussoil
2229,15493435,indhiran ,2026-03-27 02:12:47,0.00,1,indhiran
2230,15817082,Niloy Deb Barma,2026-07-06 16:44:34,0.00,1,niloydebbarma
2231,16327205,Wilson Mugabo,2026-06-13 16:56:39,0.00,1,wmugabo
2232,15570326,Junki Kanamori,2026-04-07 11:56:49,0.00,1,junkikanamori
2233,15994610,Muhammad Saeed Pak,2026-06-30 19:10:36,0.00,1,muhammadsaeedpak
2234,15494495,Preechanon Chatthai,2026-03-27 09:32:43,0.00,2,saouza007
2235,16583927,Rainbow,2026-07-22 04:38:51,0.00,1,visterbai
2236,16338364,Sonam Eyden,2026-06-18 14:22:41,0.00,3,sonhujkjk
2237,15492056,PRIYANSHU PRAJAPATI,2026-06-10 14:00:41,0.00,2,pentesterpriyanshu
2238,16407537,RhAE,2026-06-21 12:02:11,0.00,1,michaelroust
2239,16040804,Rayen BEN ABDALLAH 88,2026-06-03 01:37:02,0.00,1,rayenbenabdallah88
2240,15583830,Mohit,2026-08-12 05:03:42,0.00,4,mohit98765
2241,16585027,BastiitsaB,2026-07-23 18:36:08,0.00,2,bastiitsab
2242,16380944,SONAM EYDEN,2026-06-18 04:18:25,0.00,2,sonameyden
2243,15490131,DECEM,2026-03-28 00:18:54,0.00,2,zy1343930734
2244,15496145,aurascoper,2026-03-28 02:53:18,0.00,1,aurascoper
2245,15502949,Markus.JM,2026-04-11 07:29:18,0.00,5,maiernator
2246,15516003,KDZZZZZZ,2026-04-01 04:01:27,0.00,1,kdzzzzzz
2247,15551551,Shusuke Hayashi,2026-04-05 19:33:49,0.00,2,shusukehayashi
2248,15532162,umineko_kirie,2026-04-07 17:39:21,0.00,2,uminekokirie
2249,15539529,Bifurcation Lab,2026-04-05 18:50:16,0.00,1,bifurcationlab
2250,15561389,David Swift,2026-04-05 23:36:57,0.00,1,davidswift0920
2251,15487312,AyushmanKumar819,2026-04-08 07:39:51,0.00,1,ayushmankumar819
2252,15525370,ric,2026-04-08 08:49:01,0.00,1,ricardomrodrguez
2253,15566103,Shashank K C,2026-04-09 20:54:38,0.00,1,shashankkc
2254,15587207,Raunav Mendiratta,2026-04-10 01:08:53,0.00,1,raunavmendiratta
2255,15587555,Alx Spiker,2026-04-10 03:23:43,0.00,1,alxspiker
2256,15603705,Akash Kumar Barnwal,2026-04-12 16:14:35,0.00,1,sumeakash
2257,15509929,Beckett Dillon,2026-04-12 19:48:02,0.00,1,beckettdillon
2258,15496262,haseeb ahmad,2026-04-18 04:52:31,0.00,1,hasib007
2259,15642540,MAGMA COT,2026-04-18 05:44:59,0.00,1,magmacot
2260,15670977,skeey,2026-04-29 07:22:11,0.00,3,skeeyyann
2261,15672042,Aisha AL Mahmoud,2026-04-27 19:12:22,0.00,1,aishaalmahmoud
2262,15734660,NOBITA_7,2026-04-28 00:13:14,0.00,1,nobita7
2263,15515403,Gainulla Yeraly [dsmlkz],2026-04-28 03:37:05,0.00,1,eralygainulla
2264,15633520,Nikodim Svetlichnyi,2026-06-13 15:27:06,0.00,2,nikodimsvetlichnyi
2265,15842949,Shin7jp,2026-05-06 13:20:46,0.00,2,shin7jp
2266,15732123,Virgile86,2026-05-06 12:35:04,0.00,2,virgile86
2267,15869490,Sushanth,2026-05-08 21:03:24,0.00,2,sushanthmoole
2268,15827410,Anurag Sati6476,2026-05-09 14:36:18,0.00,1,anuragsati6476
2269,15513830,Joep van Opdorp,2026-05-10 19:54:49,0.00,1,joepvanopdorp
2270,15943252,Fred Wieser,2026-05-13 01:25:53,0.00,1,fredwieser
2271,15904529,Quantumized,2026-05-14 02:11:33,0.00,1,quantumized
2272,15988814,Malps,2026-05-15 22:48:28,0.00,1,riccardomalps2000
2273,16027629,Xin Xiang_000,2026-05-20 04:33:43,0.00,1,xinxiang000
2274,15639490,Marta Reinhardt - RS,2026-05-21 10:14:36,0.00,2,martareinhardtrs
2275,15741523,Tim Haserjian,2026-05-22 00:00:59,0.00,1,timhaserjian
2276,15582869,Yu-Yang Chen,2026-05-24 15:23:44,0.00,3,chen195
2277,16029284,Nikoo Yu,2026-05-22 07:17:29,0.00,1,nikooyu
2278,16053363,BIGHUB,2026-05-29 07:59:44,0.00,1,bighub
2279,16129644,vortex,2026-05-31 08:06:18,0.00,1,rewveortex
2280,15943543,VAGNER DANIEL DE VARGAS,2026-05-31 22:32:30,0.00,1,vagnerdanieldevargas
2281,16213381,Clawdy Huang (Andy's AI),2026-06-06 00:15:36,0.00,3,clawdyhuang
2282,15504632,Eissam.0,2026-06-08 14:08:12,0.00,1,eissam0
2283,16265567,Philip Vonderlind,2026-06-12 09:20:10,0.00,3,philipvonderlind
2284,16213443,Elington Machoka,2026-06-12 00:59:09,0.00,3,elingtonmachoka
2285,16299391,Darshan BR,2026-06-11 11:51:48,0.00,1,darshandarshu081
2286,16316026,Nguyễn Châu Tấn Cường,2026-06-13 05:47:24,0.00,2,nguynchutncng
2287,16332258,Tanmoy Pramanik,2026-06-14 03:26:48,0.00,1,tanmoypramanik07
2288,16337443,yuji y,2026-06-14 14:58:34,0.00,1,yujiyyy
2289,15657537,Pranay,2026-06-19 12:18:55,0.00,2,pranay7867
2290,16363221,seowoohyeon,2026-06-25 01:11:41,0.00,6,seowoohyeon
2291,16384246,Deng xinhang,2026-06-17 19:32:40,0.00,1,dengxinhang
2292,16399913,Cyrill Püntener,2026-06-21 15:18:36,0.00,2,cyrillpntener
2293,16369505,AlexN,2026-06-20 19:18:49,0.00,1,alexandrnikitin
2294,16375707,Faizal,2026-06-21 07:29:32,0.00,1,jaycrys
2295,16405985,Dima Staroselskyi,2026-06-24 12:38:42,0.00,2,dimastaroselskyi
2296,16092092,rjbl15184,2026-06-22 14:52:56,0.00,1,rjbl15184
2297,15640926,Yasser,2026-06-30 08:09:52,0.00,9,ressuy
2298,16376654,LêNhậtTân,2026-06-26 02:30:23,0.00,1,lenhattan86
2299,15531100,annyhelenv,2026-06-29 02:20:58,0.00,2,annyhelenv
2300,16445060,nonozzz,2026-06-28 03:51:59,0.00,1,nonozzz
2301,15930799,snuth,2026-06-29 04:12:00,0.00,2,nuthsharsh
2302,16439679,Xueqing Gao,2026-06-29 07:09:00,0.00,1,xueqinggao
2303,16385154,The Stoa,2026-06-29 23:11:56,0.00,1,thestoa
2304,16455784,King424242,2026-07-01 13:11:14,0.00,2,king424242
2305,16438058,Siel,2026-06-30 11:42:20,0.00,1,aeshmadaeva
2306,16416544,tasfuuu,2026-06-30 18:12:13,0.00,1,tasfuu17
2307,15514789,ArunMMadhu,2026-07-02 00:43:59,0.00,3,arunmmadhu
2308,16435264,KognitiveEngine,2026-06-30 21:23:14,0.00,1,kaihuchen
2309,16480717,Dmitry Belan,2026-07-03 10:26:07,0.00,1,dimong4
2310,16481572,zhuo wamg,2026-07-03 11:45:20,0.00,1,zhuowamg
2311,16483995,Tuan Nguyen,2026-07-04 02:04:21,0.00,1,manhtuanbn12
2312,16401346,AmaTiTa,2026-07-05 12:16:56,0.00,2,amatita
2313,16436251, Sai Chandu Lakkimsetti,2026-07-14 05:12:21,0.00,4,saichandulakkimsetti
2314,16518072,Sibaram Moharana,2026-07-11 20:15:15,0.00,2,texti0
2315,16480798,nlinhdangiu,2026-07-11 11:31:58,0.00,1,nlinhdangghet
2316,16552129,another1231245,2026-07-15 22:58:15,0.00,1,another1231245
2317,16380303,Manju S.N,2026-07-17 14:20:06,0.00,1,manjusn
2318,16464954,Hyunwoo_Park,2026-07-19 22:24:30,0.00,1,uts3125014010829
2319,16577113,NGABO FREDDY,2026-07-20 21:03:35,0.00,1,ngabofreddy
2320,16466160,Sara Neri,2026-07-21 21:41:46,0.00,1,saraneri0113
2321,15497426,Alaina Scott,2026-07-21 22:34:21,0.00,1,tensorhusker
2322,16499382,Rohit Narain,2026-07-22 14:20:46,0.00,1,damnimportant
2323,15611557,Anstey Research Group,2026-07-25 10:56:41,0.00,2,georgeanstey
2324,16588761,Constantine Vassilev,2026-08-15 01:11:05,0.00,6,constantinevassilev
2325,15503810,Dr. Mikholae Hutchinson,2026-07-31 02:30:32,0.00,3,drmikholaehutchinson
2326,16261270,alekh,2026-08-08 01:34:20,0.00,3,aleksanderhan
2327,16509234,ShuhratMaks,2026-08-06 18:00:16,0.00,5,shuhratmaks
2328,16634813,Adam n,2026-08-02 01:47:50,0.00,1,chowagent
2329,16656814,Hilbate,2026-08-04 07:25:10,0.00,1,hilbate
2330,16623184,TheFusionCube,2026-08-09 04:37:07,0.00,3,thefusioncube
2331,16634264,Yuvashree SD,2026-08-05 14:04:31,0.00,1,yuvashreesd
2332,16668013,FLYK67l,2026-08-08 13:04:20,0.00,2,flyk67l
2333,16667904,Francisco Cardia,2026-08-09 00:29:16,0.00,3,fcscardia
2334,16698216,Josh Philbrick,2026-08-10 04:55:46,0.00,1,joshphilbrick
2335,16584722, Diosardo,2026-08-13 12:44:58,0.00,3,diosardo
2336,16629050,Pyouneetm,2026-08-11 18:13:28,0.00,1,pyouneetm
2337,16713919,green algeria,2026-08-12 20:20:03,0.00,1,greenalgeria
2338,16548143,Kenneth Lie,2026-08-13 13:02:01,0.00,1,kennethlie16
2339,16713070,Abu Kayyisah Basyid,2026-08-16 06:40:49,0.00,3,abukayyisahbasyid
2340,16721325,Limidet Pro,2026-08-14 08:47:20,0.00,1,limidetpro
2341,16723589,sissoko cheick,2026-08-16 07:29:52,0.00,2,sissokocheick
2342,16724287,Shyshca,2026-08-15 16:17:36,0.00,1,shyshca
