Rank,TeamId,TeamName,LastSubmissionDate,Score,SubmissionCount,TeamMemberUserNames
1,16364346,cstl,2026-08-29 19:25:36,5.99,40,"gatamaz,tehnar"
2,16371045,Lord Han Solo,2026-08-29 22:18:06,4.99,47,lordhansolo
3,15486995,Tufa Labs,2026-08-29 17:42:40,4.67,122,"dlorah,driessmit1,infinitecreativity,jeroencottaar,pressman1,stefano1283"
4,15823039,Tong Hui Kang,2026-08-29 23:54:16,4.27,57,huikang
5,16609552,rfbr,2026-08-29 14:52:26,3.37,16,romainfabre
6,15767021,Youssef Nader @ Aurelic,2026-08-29 20:03:18,3.19,12,gamingconceited
7,16665305,Tony G,2026-08-27 06:36:21,3.17,14,junvalue
8,16384837,Daniel Franzen,2026-08-29 21:20:45,3.15,56,dfranzen
9,16534447,Liao Zixu,2026-08-29 13:07:35,3.13,15,liaozixu
10,15615054,OzanM.,2026-08-29 07:02:05,2.98,100,analyticaobscura
11,15490570,Abstraction Lab & MindsAI,2026-08-29 19:56:56,2.94,132,"alisalmanrana,jcole75,kimura0415,sumirinn,ultsaza"
12,15497833,Tony Li,2026-08-29 03:44:50,2.80,15,tonylica
13,16296124,Tatu Helander,2026-08-29 07:53:32,2.78,75,tatuhelander
14,15906822,Akhil Tolani,2026-08-28 18:14:47,2.73,79,saltb0x
15,16617501,AbeLincoln1865,2026-08-28 16:30:29,2.72,20,abelincoln1865
16,15972322,wking edewd,2026-08-22 02:47:50,2.70,3,wkingedewd
17,16766034,Diya Sharma,2026-08-24 11:20:25,2.69,1,diyasharmanexa
18,15653548,The AGI Boys,2026-08-29 08:54:37,2.66,48,"johnjanson,naladwepo,romanrozen,romantamrazov"
19,16537511,Vineeth Sai Varikuntla,2026-08-30 00:06:21,2.65,17,vineethsaivs
20,15732416,Jonathan Wang2022,2026-08-29 01:43:18,2.65,18,jonathanwang2022
21,16656027,Yuhang Huang,2026-08-29 04:49:36,2.62,1,shingingz
22,15510098,ThomasG,2026-08-30 00:06:22,2.60,121,thomasgamet
23,16497222,AI Winter,2026-08-30 00:15:20,2.59,45,"aiwinter,stoneshek"
24,15522677,Junhua Yang,2026-08-29 04:58:45,2.57,149,junhuay
25,16620170,ocean240812,2026-08-29 11:31:16,2.56,16,ocean240812
26,15906367,Silhouette,2026-08-30 00:20:20,2.56,52,jamessargsyan
27,16148668,Sean Jones,2026-08-30 00:01:23,2.56,41,seanjones444
28,16061004,cocoaAI,2026-08-30 00:27:54,2.56,40,cocoaai
29,16729238,Mengfei Li,2026-08-28 10:28:52,2.55,13,meli19
30,16706087,rellik13,2026-08-29 03:51:21,2.53,15,sirikilohit
31,15524067,Patrick Chan,2026-08-29 02:30:40,2.53,38,drpatrickchan
32,15891143,Pathik Patel,2026-08-29 02:37:23,2.50,76,pathik1511
33,15525358,paul,2026-08-29 19:55:01,2.50,73,paulvvv
34,16766145,Gu,2026-08-29 15:42:51,2.49,5,xxxccc333
35,15975062,Cloud,2026-08-29 02:47:52,2.48,25,weijiezhoooou
36,16205712,DataRegressor,2026-08-26 15:58:31,2.47,17,azzamradman
37,16731398,Pathetic384,2026-08-30 02:21:02,2.47,14,pathetic384
38,16745292,Paul Kamau,2026-08-29 14:10:12,2.45,8,paulnkamau
39,15908708,vbnnn,2026-08-30 00:18:49,2.45,31,victorogobi
40,16733280,Cyrus,2026-08-29 17:02:45,2.43,9,jamalsaeedi
41,16273949,Proving AGI,2026-08-29 16:43:45,2.43,28,mikelou1
42,16569113,Tanaka Ai24,2026-08-29 07:57:13,2.43,24,tanakaai24
43,16712619,Natalia Jaśkowska,2026-08-26 01:24:41,2.43,12,nataliajakowska
44,15605182,Son Pham & Mark Barney,2026-08-29 23:05:06,2.43,32,"markbarney,sonphamorg"
45,15564514,暗黑AGI,2026-08-29 07:18:48,2.41,40,boristown
46,15501790,CuteClaw,2026-08-30 02:41:46,2.40,82,bloodmoonwq
47,16712506,WENJIE_Wang-dev,2026-08-23 04:19:32,2.39,4,wenjiewangdev
48,16675722,EndeavourRyo,2026-08-29 01:44:59,2.38,5,endeavourryo
49,16650515,Ya Xu,2026-08-29 15:20:22,2.37,26,ataraxian
50,16623996,sawada,2026-08-29 00:14:23,2.37,30,sawada
51,15487391,Bright O.H.,2026-08-29 04:07:17,2.37,80,brightoh
52,16081764,YUTO KOJIMA,2026-08-30 00:15:58,2.37,84,kojimatech
53,15505799,Hao Yu,2026-08-29 10:40:38,2.37,15,ocensis
54,15634702,Simosc,2026-08-29 18:31:38,2.34,69,simosc
55,15490642,Halla Yang,2026-08-30 00:12:12,2.34,62,hallayang
56,15792174,Fufront-RyanX-AGI-Team,2026-08-20 20:56:30,2.33,50,ryanxatlasai
57,16715802,ShoaibSSM,2026-08-27 19:39:33,2.32,4,shoaibssm
58,16577093,yasuhiro hashimoto,2026-08-29 16:26:39,2.32,13,prez18
59,16155197,XiaoYan12,2026-08-29 11:43:08,2.31,13,xiaoyan12
60,15494354,MindMatrix,2026-08-29 22:45:27,2.31,84,hvanphucs112
61,16674808,HongchenDai,2026-08-29 09:12:09,2.31,20,hongchendai
62,15537446,Jakup Ymeraj,2026-08-29 11:36:24,2.31,133,kupedata
63,15622956,ippeiogawa,2026-08-29 14:42:22,2.30,70,ippeiogawa
64,15488774,Kenleung Leung,2026-08-29 10:50:41,2.30,100,kenleungleung
65,15493326,Benedicte HELFER,2026-08-22 21:10:39,2.29,88,benedictehelfer
66,16548313,Scott Le Grand,2026-08-29 10:00:07,2.29,34,scottlegrand
67,15491637,Tony Y.,2026-08-29 01:42:21,2.28,120,tonyyy
68,15751479,tantan,2026-08-30 00:07:08,2.27,33,tantan0327
69,15494968,Surya milenial,2026-08-30 02:22:25,2.27,85,suryamilenial
70,15487135,Satkar sarvankar,2026-08-25 09:46:54,2.27,6,satkar003
71,15486769,Ali,2026-08-29 15:15:54,2.27,51,asalhi
72,16514219,SireeshLimbu,2026-08-30 00:10:05,2.27,27,sireesh
73,15494569,kglctf,2026-08-29 23:00:41,2.27,71,kglctf
74,16736777,Gatau Males Pengen Beli Truk,2026-08-29 15:09:54,2.27,9,"affrizawildanfauzan,jasona007"
75,15916756,MLRush,2026-08-24 14:05:08,2.26,58,mlrush
76,16300602,YUKI OBARA,2026-08-27 17:50:37,2.26,4,yukiobara
77,15500015,kwon yong deuk,2026-08-29 10:34:59,2.25,115,kwonyongdeuk
78,15590762,"Seok, Jeongeum",2026-08-29 02:08:03,2.23,119,seokjeongeum
79,15504856,FOYSAL,2026-08-28 13:42:56,2.23,99,foysalemonshanto
80,15522512,Nic Barthelemy,2026-08-29 00:51:23,2.23,15,nicbarthelemy1
81,16475658,Extremis,2026-08-27 16:25:11,2.23,40,gameryoulose
82,16725528,Ashok Godugu,2026-08-29 02:25:45,2.23,13,ashokgodugu
83,16688248,Shicheng Rao,2026-08-30 00:00:40,2.23,23,shichengrao
84,16292719,Pierre Baume,2026-08-29 11:16:05,2.23,39,pierreb4
85,15906643,KRATS LU,2026-08-30 00:08:36,2.22,65,kratslu
86,15518436,Kevin E R MILLE,2026-08-26 13:45:15,2.22,61,kevinermille
87,15488945,Changyuan Zhou,2026-08-29 01:34:48,2.21,44,changyuanzhou
88,16410614,Amil Gentili,2026-08-30 00:15:39,2.21,30,agentili
89,15893823,Aditya Sasidhar,2026-08-21 07:31:00,2.21,4,tadityasasidhar
90,15636138,100rabh,2026-08-29 08:00:44,2.20,32,saurabhkumar234
91,16328245,ola sadek,2026-08-30 00:51:18,2.20,28,olasadek
92,16557922,Andy liu,2026-08-29 22:36:52,2.20,13,"codinggodandyliu,ichuqinggaove"
93,15488124,Breno & Sebastian,2026-08-24 00:04:43,2.20,48,"brenorb,sebastianmateus"
94,15512911,LLaMeRz,2026-08-29 15:07:36,2.20,18,"dorukdorular,richardaragon"
95,15504466,Grigoryan Sergey,2026-08-29 17:46:44,2.18,45,hertryggr
96,15493226,amosokello451,2026-08-29 22:06:08,2.18,43,amosokello451
97,15948639,Akhilesh godugu,2026-08-29 02:02:39,2.17,38,akhileshgodugu
98,16464329,brand HZYsds,2026-08-28 06:57:56,2.17,10,brandhzysds
99,15657807,Chew Kok Wah,2026-08-29 23:59:15,2.17,84,chewkokwahibrainai
100,15641805,TakamaruEX,2026-08-30 00:08:04,2.16,43,takamaruex
101,15520570,NEXFORGE..,2026-08-29 15:13:39,2.16,109,"dineshkumar0705,kesavan2006"
102,16530607,SCU_12603231,2026-08-29 13:35:36,2.16,20,ljs2546
103,16729044,Araadhay Kanojia,2026-08-28 18:37:53,2.16,9,araadhay
104,15491563,dynamic24,2026-08-29 00:01:36,2.15,119,dynamic24
105,15531704,Matija Ludvig ,2026-08-29 00:43:50,2.15,22,matijaludvig
106,16440715,Zbida,2026-08-28 12:21:29,2.15,8,zbidaamine
107,15486675,Reminder:AGI ≠ Acing Benchmark,2026-08-28 22:54:36,2.15,78,nihilisticneuralnet
108,16461288,Jay Scambler,2026-08-28 00:01:43,2.15,24,jayscambler
109,16727405,MadarCode,2026-08-25 11:46:24,2.15,6,"mukundrawat,sukulbagai"
110,15703722,Ishan Bhargava,2026-08-28 03:55:31,2.15,45,ishanbhargava19
111,15631128,Kerolos Romans,2026-08-27 06:46:50,2.14,71,kerolosromans
112,15572627,Arunodhayan,2026-08-27 20:00:17,2.14,57,arunodhayan
113,15652896,Samrish B,2026-08-29 14:50:22,2.14,47,"samrishb,vignesh22609"
114,15487284,Team_Haumea,2026-08-29 05:09:21,2.13,16,chaitanyagullapalli
115,16663965,Gold Coast Labs,2026-08-30 00:30:11,2.13,14,mosorio1
116,15491328,Jeki Wan Taufik,2026-08-29 06:05:29,2.13,28,jek1wantaufik
117,15508513,keithtyser,2026-08-27 00:05:19,2.13,69,keithtyser
118,16551138,Ethan Lee,2026-08-26 03:50:19,2.13,16,ethanlee43
119,16246219,Tara Labs-speedsci,2026-08-29 06:46:35,2.13,44,caoyupeng
120,15496021,hongan,2026-08-23 14:09:53,2.13,17,honganzhu
121,15931617,Alex A Zander,2026-08-29 04:42:48,2.13,54,alexazander
122,16496892,Muhammad Haaris 27083,2026-08-27 07:33:09,2.12,33,muhammadhaaris27083
123,15487205,Error_1249x,2026-08-27 16:17:53,2.12,17,error1249x
124,16537667,HiroyukiSasaki,2026-08-28 22:43:31,2.12,34,hiroyukisasaki815
125,16288068,AkiraIshikawa,2026-08-29 12:17:00,2.12,32,akiraishikawa
126,15488719,Yusaku Muroya,2026-08-27 12:37:15,2.11,77,ymuroya47
127,16256565,Mustang Liu,2026-08-27 17:36:23,2.11,42,"gladiatorxy,mustangliu,siranba,urbanemo"
128,16557360,akmr,2026-08-29 14:19:19,2.11,11,akimaru
129,16262417,Efthimios Fousekis,2026-08-27 09:45:49,2.11,8,efthimiosfousekis
130,15497430,Kumar Abhijeet,2026-08-23 13:11:00,2.11,27,krabhijeet
131,16720950,这比赛就像我用意念指挥军队打架，结果全看军队自己,2026-08-28 02:08:43,2.11,15,wocenmma
132,16438894,Nikita Sorokin,2026-08-27 10:13:36,2.10,12,nikitasorokin
133,16769660,骥A,2026-08-29 02:32:42,2.10,5,arunsrr
134,16676993,Sankalp Sanand,2026-08-23 00:23:13,2.09,10,kesslerfrost
135,15492312,Hmm,2026-08-26 14:11:17,2.09,8,"cassinicraft,paritoshtripathi5,yash9439"
136,16698174,galatea,2026-08-28 17:07:21,2.09,6,ark911
137,15553406,Ravi's Agi,2026-08-29 02:33:05,2.09,52,ravi123a321at
138,16740720,Kazuta MIZUTA,2026-08-25 06:27:41,2.09,4,kazutamizuta
139,16460810,Nithin Kumar R C ,2026-08-22 00:40:35,2.08,34,nithinkumarrc
140,15489094,Pascal Ledesma,2026-08-26 00:36:24,2.08,39,pascalledesma
141,15580880,MANAS NARKAR,2026-08-29 19:14:52,2.08,23,manasnarkar
142,15509520,UlinNuhaAbduh,2026-08-24 02:49:44,2.08,10,ulinnuhaabduh12345
143,15498347,richwomanbtc,2026-08-29 12:09:26,2.08,44,"fumiyauchiyama,richwomanbtc"
144,15725289,webcainiao,2026-08-29 08:26:35,2.07,25,web3cainiao
145,15491313,Mohammad Saadati,2026-08-30 00:29:45,2.07,137,mohammadsaadati
146,16730913,Luxshan Thavarasa,2026-08-26 15:24:07,2.06,10,luxluxshan
147,16598913,woguoat,2026-08-29 14:27:36,2.06,25,woguoat
148,15632509,MJVinay,2026-08-29 18:45:19,2.05,50,mallajayanthvinay
149,16281126,Ghazaros Barseghyan,2026-08-29 04:40:29,2.05,17,ghazarosbarseghyan91
150,15505443,Trideca,2026-08-23 00:35:53,2.05,40,"ckguswn,kilhwanmoon"
151,15567149,Vinit,2026-08-29 06:04:34,2.05,39,ryotsuu
152,16606725,Daniel #3,2026-08-29 05:54:29,2.05,14,danieltsegaw
153,15503635,Canivel,2026-08-30 00:19:33,2.05,126,canivel
154,15629613,Maren Sajdaras,2026-08-29 08:42:41,2.05,43,marensajdaras
155,15486672,20252022_WoochangSim,2026-08-23 16:51:56,2.05,42,woochangsim
156,15737262,Raviksh Singh Dikola,2026-08-29 03:32:40,2.05,99,ravikshdikola
157,15647114,Penguin,2026-08-29 07:38:27,2.04,126,penguin069
158,16736982,Lindicaphxag,2026-08-26 14:17:28,2.04,4,oblivicore
159,16598387,Ahmad Daffa Abiyyu,2026-08-27 01:52:39,2.04,32,ahmaddaffaabiyyu
160,16763577,Ashish Gupta,2026-08-26 03:26:37,2.03,3,eashish
161,15492032,Jing Hua,2026-08-30 00:46:57,2.03,26,linyeping
162,16550431,Biswajit,2026-08-21 07:39:20,2.03,5,biswajit1998
163,15498578,TuMinhDang,2026-08-29 10:35:57,2.03,18,darkswordmg
164,16514482,jkatdare,2026-08-27 01:27:27,2.02,32,jkatdare
165,16557729,yasu,2026-08-30 00:01:07,2.02,42,yasutakababa
166,16716641,Thuitanium,2026-08-29 00:21:04,2.02,15,"sahasawatt,yocybercode"
167,16724574,egangu,2026-08-16 01:12:24,2.01,2,egangu
168,16513314,Artificial General illusion,2026-08-29 02:33:32,2.01,15,vansher
169,15601690,magang,2026-08-29 13:16:54,2.01,12,wadang88
170,16732054,try,2026-08-24 08:51:05,2.01,3,weishanshan033
171,16499667,EFZsj2804,2026-08-29 02:27:23,2.00,41,"geoffreygyh2416,programmerbillma"
172,15783669,I forgot the name..,2026-08-29 10:26:45,2.00,79,"aikyatansinha,baidalinadilzhan,ignatgotin,kindasomethin,ngusadeep,vamshikrishnaemmadi,zoli800"
173,16666743,mina wailin,2026-08-29 14:24:46,1.99,21,minawailin
174,15632547,Malla,2026-08-29 18:51:41,1.99,36,mallaphalguni
175,15617028,VAP RF5,2026-08-20 15:14:54,1.99,6,vaprf5
176,16779022,Boopathi Raja,2026-08-29 00:05:06,1.99,3,yanggod
177,16707910,daoviet,2026-08-29 12:47:03,1.99,15,daoviet
178,15490134,骐骥驰骋CreateAMind,2026-08-29 10:07:36,1.99,43,aimind
179,16099769,Dual Singularity,2026-08-30 00:21:29,1.98,66,"christianhowson,mileshowson"
180,15488849,codelion,2026-08-28 00:00:57,1.98,52,codelion
181,15494539,Snow,2026-08-29 19:22:24,1.98,66,tasniemnasser
182,16415350,Ryo,2026-08-23 15:26:49,1.98,38,ryosukekurakami
183,15916434,nilochan,2026-08-30 00:57:37,1.98,15,nilochan
184,15720825,Leonid Stepanov,2026-08-30 00:01:25,1.98,108,lestep
185,15814821,Biubiu,2026-08-24 13:26:23,1.98,49,jianthuang
186,15602717,luckyappley,2026-08-29 12:00:55,1.98,18,"luckyappley,yemaoye"
187,15495286,Yusuraume,2026-08-29 15:31:13,1.97,125,sugitatomohiko
188,15488219,Mathurin Ache,2026-08-29 06:43:07,1.97,113,mathurinache
189,15760141,Abhijay Gupta,2026-08-29 18:26:32,1.97,3,bobrg123
190,16508241,Yan Zhang,2026-08-30 00:10:14,1.97,48,yanzhang3255
191,15488665,Lonnie,2026-08-29 18:10:18,1.97,104,lonnieqin
192,15597873,iheng88,2026-08-29 02:36:27,1.96,23,iheng88
193,16644331,zhen931,2026-08-28 21:28:05,1.96,24,zhen931
194,16780610,Yubo WANG,2026-08-28 18:27:01,1.95,1,arksey
195,16505021,HINAGI,2026-08-28 09:28:39,1.95,14,test013
196,16722132,YunlinCity,2026-08-29 11:28:31,1.95,6,yunlincity
197,16690614,Yaroslav,2026-08-29 01:47:36,1.95,16,yaroslavrogoza
198,15496730,Rahul Ray,2026-08-29 07:36:43,1.94,45,rray646
199,15609417,NoOneAhead,2026-08-29 00:04:51,1.94,71,jerrlu
200,15538649,Henry Javier,2026-08-29 14:11:32,1.94,6,henryjavier
201,16051212,Darío Ávalos - Quantum Howl,2026-08-26 01:09:27,1.94,20,"andrescarmona,darovalos"
202,16634992,manas joshi,2026-08-27 07:40:10,1.94,9,justforgags
203,16473776,Sumatorikki,2026-08-28 08:24:35,1.94,7,jakublutyk
204,16398281,maplewolf,2026-08-29 16:45:13,1.94,13,maplewolf
205,15488353,today,2026-08-29 08:21:27,1.94,155,today55
206,16710500,sukeke,2026-08-26 01:49:18,1.93,11,sukeke
207,16430198,Beyond Good and Eval,2026-08-29 12:32:41,1.93,39,"alancai27,thtennant"
208,15499728,Nikita Makarov,2026-08-29 23:56:48,1.93,14,nikimakarov
209,15685341,Sid Devinen,2026-08-28 09:06:35,1.93,10,siddevinen
210,16693078,"Sho Okiyama M.D., Aillis CEO",2026-08-22 04:58:28,1.93,13,shookiyama
211,15658295,Nazura Wirayuda Tama,2026-08-30 00:09:51,1.93,88,nazurawirayudatama
212,16505869,blatant warrior,2026-08-19 00:51:18,1.93,7,blatantwarrior
213,16659717,jinbo wang1,2026-08-29 05:19:47,1.92,7,jinbowang1
214,15523208,로라 Laura,2026-08-27 10:54:09,1.92,11,lmasca
215,16739874,AWEL-AI,2026-08-29 12:42:39,1.92,10,awelai
216,16780875,wind0703,2026-08-28 12:35:09,1.92,2,wind0703
217,16611645,FUMIAKI,2026-08-29 14:52:41,1.92,31,fumiakiohno
218,16589171,CNQR+,2026-08-23 11:07:46,1.91,21,poco34
219,16571567,spbforce,2026-08-29 18:19:45,1.91,14,spbforce
220,16542083,Kunal Desale,2026-08-19 17:46:35,1.91,10,kunaldesale2408
221,16680350,FinalSunFlower,2026-08-27 00:08:45,1.90,21,finalsunflower
222,15505632,rkd,2026-08-27 00:02:04,1.90,30,ryookd
223,16272388,shineef,2026-08-29 17:59:49,1.90,39,squaree
224,16756396,Florencia Solange,2026-08-23 18:12:38,1.90,3,florenciasolange
225,16568471,Garv88,2026-08-22 10:03:24,1.89,2,garv88
226,16741191,luye7490,2026-08-26 03:00:48,1.89,6,luye7490
227,15487522,Md Boktiar Mahbub Murad,2026-08-29 19:27:14,1.89,36,mbmmurad
228,15496478,Bradley Shervheim,2026-08-29 19:51:48,1.89,56,bradleyshervheim
229,15514094,SeshuRaju 🧘‍♂️,2026-08-25 11:00:38,1.89,4,seshurajup
230,16486019,Shivangoudaa,2026-08-24 05:04:06,1.88,20,ishivapatil
231,16406081,Tecnod8.AI,2026-08-29 15:57:57,1.88,68,"aksharthegamer,ravinderonkaggle"
232,15486850,ömer kiraz,2026-08-25 12:36:23,1.88,24,merkiraz
233,16679890,Ryan #3,2026-08-29 20:59:20,1.88,14,explcre
234,15577418,Kh0a,2026-08-29 16:48:04,1.88,25,llkh0a
235,15491318,@🤞@,2026-08-27 07:26:42,1.88,27,anglolodorf
236,16695088,Deniz Eryılmaz,2026-08-28 22:29:04,1.87,11,denizeryilmaz
237,16717456,Philipos64,2026-08-22 11:16:46,1.87,6,philipos64
238,16490178,Grigoriy Zatravkin,2026-08-29 23:21:51,1.87,23,grigoriyzatravkin
239,15569555,Kaiser,2026-08-29 04:37:20,1.87,5,kaiserm
240,15486752,PRASHANT SHUKLA91,2026-08-26 08:01:17,1.86,56,prashantshukla91
241,16475496,Yuchen20,2026-08-21 23:26:08,1.86,37,yuchen2066
242,15493080,lingyu07,2026-08-26 10:36:04,1.86,33,lingyu07
243,16661300,Guru Prasaath S,2026-08-23 17:38:15,1.86,10,guruprasaathas111
244,15951001,stephenn,2026-08-28 09:13:16,1.86,29,stephennedumpally
245,16407743,Yasser Othman,2026-08-29 15:00:44,1.86,58,yasserothman
246,16439181,sunnyraj,2026-08-29 07:07:50,1.85,24,sunnyraj10411
247,16665571,Leszek Góra,2026-08-29 19:34:20,1.85,21,leonixis
248,16424787,lgqfhwy,2026-08-29 19:23:56,1.85,44,lgqfhwy
249,15634233,Spen,2026-08-29 18:39:19,1.84,32,spenny
250,16764096,TripleHS,2026-08-29 04:52:08,1.84,5,triplehs
251,16499402,John Park,2026-08-27 17:04:07,1.84,21,sigint
252,15492338,Creator,2026-08-29 07:33:27,1.84,20,dev4585
253,16731862,Rahul Jiwane,2026-08-29 12:37:27,1.84,12,"rahuljiwane,sangitabannore"
254,16556973,Animesh Kumar,2026-08-29 01:35:22,1.84,21,animeshkumar187
255,16412819,史永刚,2026-08-24 00:42:28,1.84,4,shizehao
256,16260834,Hack2Publish,2026-08-28 19:40:21,1.83,22,"esfersami50,hosen42,raihanrt,tarekrahman82"
257,16386864,Fahmi Azrhil,2026-08-25 15:55:50,1.82,14,fahmiazrhil
258,15567564,Nick Pellegrin,2026-08-27 23:21:28,1.82,21,nicholaspellegrin
259,16442631,atl132,2026-08-26 01:04:26,1.82,5,atl132
260,15492005,Emre Cirak,2026-08-28 14:08:09,1.82,67,biohack44
261,15596749,hiranorm,2026-08-28 00:25:58,1.82,58,hiranorm
262,15488704,Natapong Nitarach (Schwyter),2026-08-29 00:31:40,1.82,76,natnitarach
263,16744915,El Mehdi EL JAIR,2026-08-25 20:04:51,1.82,1,elmehdieljair
264,16680829,BambooCopter Analytics,2026-08-20 03:42:55,1.82,11,"cky666,kilin173,oliverwp,paradox23,ronglinlu"
265,15494498,Gultekin Gunduz,2026-08-26 08:57:41,1.82,34,gggggggggggggggg
266,15729951,AYAHM BARISH,2026-08-23 08:51:32,1.82,16,ayhampar
267,16658372,Monique Russell,2026-08-25 07:55:06,1.81,3,moniquerussell
268,16158038,Rokaiya Somapti,2026-08-28 16:08:03,1.81,76,rokaiyasomapti
269,16759102,0xbr4h1m,2026-08-22 16:54:28,1.81,1,brahimbrah
270,16490468,Yogi Godara,2026-08-30 01:09:11,1.81,8,yogigodara
271,15508135,Team Blackbox,2026-08-25 05:29:45,1.81,99,"koushikrudra,nabidnur"
272,16160324,GYUYOUNG PARK09,2026-08-28 16:22:26,1.81,20,gyuyoungpark09
273,16053779,Fususu,2026-08-30 01:55:17,1.81,65,phuongncn
274,15494232,seele,2026-08-24 23:33:16,1.80,28,seele1917
275,16701876,zelin zhao,2026-08-29 02:31:38,1.80,18,cuhkzelin
276,15513178,Akagha Chimgozirim,2026-08-29 14:37:09,1.80,100,chiakazirim
277,16559747,Hugo Thorvaldsen,2026-08-29 02:10:04,1.80,44,hugothorvaldsen
278,15573979,cihan atak,2026-08-27 22:51:58,1.80,48,cihanatak
279,16534961,Darren Amadeus Martin,2026-08-24 08:25:55,1.80,6,darrenamadeusmartin
280,16739068,WangZihao5649,2026-08-25 06:29:33,1.79,5,wangzihao5649
281,15607034,Reki,2026-08-29 08:50:21,1.79,93,"ruichardliu,russcore"
282,16665002,APEX LABS,2026-08-29 17:36:49,1.79,20,niswanth
283,16302369,Ke-Xu-2026,2026-08-28 05:29:29,1.78,26,kexu2026
284,16320456,Abdalrahman mohamed,2026-08-28 21:36:21,1.78,7,abdalrahmanmohamed3
285,15531007,alfaraco,2026-08-29 17:02:14,1.78,94,alfaraco12
286,15488797,Ayodeji Ibrahim Lateef,2026-08-25 00:56:41,1.77,60,ayodejiibrahimlateef
287,15635054,wuliao_0,2026-08-29 03:08:43,1.77,49,wuliao0
288,15487654,MarkDjadchenko,2026-08-19 17:25:42,1.77,2,markdjadchenko
289,16346007,How bad can it go?,2026-08-29 03:24:31,1.77,16,calamitychasm
290,15495700,taopy2,2026-08-30 00:36:31,1.77,15,taopy2
291,15495299,aigood,2026-08-29 16:17:19,1.77,12,aigood
292,16482433,Jacques Buis,2026-08-30 00:22:32,1.77,37,jacquesbuis
293,15595428,Ernie,2026-08-29 15:15:59,1.77,76,ernie55ernie
294,15605492,Wu,2026-08-29 02:49:04,1.77,31,gweiwu
295,15515494,Hendric Nazarius,2026-08-20 02:22:11,1.76,4,"hendricnazarius,marcbenjamessamuel,vyassenthilkumar"
296,16428372,Syed Salman,2026-08-19 07:58:58,1.76,8,salmanhabeeb
297,16390789,Yaro Perventsev,2026-08-30 00:32:44,1.76,35,yaroslavperventsev
298,16641385,Jadiel,2026-08-26 00:16:15,1.76,22,jadielam
299,16480717,Dmitry Belan,2026-08-25 13:12:35,1.75,5,dimong4
300,16295260,Pompompurin,2026-08-29 02:39:05,1.75,33,kimdoong
301,15731749,Dr_F,2026-08-21 11:41:06,1.75,68,algebraictopology
302,16696987,Indium AI Labs,2026-08-22 15:04:14,1.75,12,devaanshpa
303,16515996,Chnoor Lee,2026-08-25 07:41:41,1.75,5,chnoorlee
304,16721580,Vaibhav,2026-08-24 00:01:03,1.74,8,vaibhavpatel
305,16017402,sukirman,2026-08-29 07:15:49,1.74,48,rakbidb
306,15486816,KineticArc (Marc and Scott),2026-08-27 00:04:10,1.74,95,"marcshade,scottlaughlin"
307,16330351,Ahmed Mobasher,2026-08-29 07:11:08,1.74,63,ahmedmobasher86
308,15487354,auxentr,2026-08-25 12:42:23,1.74,26,iseesmth
309,16045343,Peter,2026-08-28 00:08:24,1.74,37,vaphab
310,15518924,Team AIRIS,2026-08-29 22:43:57,1.74,148,"aadigupta1601,aadigupta7686,del=46a2189cba2f6d40,krno1legend,poby7722"
311,16470206,mark22,2026-08-25 00:35:17,1.74,12,markus22
312,15895561,TY.Yang,2026-08-29 05:31:47,1.73,63,tianyiy
313,16765765,cmmc27,2026-08-29 03:28:54,1.73,2,cmmc27
314,15724003,Khai Phan Van,2026-08-26 06:46:43,1.73,10,khaiphanvan
315,15975358,Joanna C.,2026-08-30 00:03:54,1.73,16,joannaciesielski
316,15672922,Aarav Bajya,2026-08-30 00:27:36,1.73,72,aaravbajya
317,16723040,Xuan,2026-08-27 12:35:17,1.73,4,"ljz1992,xuanyangge,xugeger"
318,15526617,Octavi Grau,2026-08-27 09:27:02,1.73,24,octaviograu
319,15486835,automatylicza,2026-08-22 14:44:53,1.72,17,automatylicza
320,15516579,jiashuo Ma,2026-08-17 09:13:02,1.72,5,ooo876
321,16694237,pwdh2026,2026-08-29 11:35:13,1.72,15,pwdh2026
322,15632507,DhanaLakshmiMalla,2026-08-29 19:22:10,1.72,35,dhanalakshmimalla
323,16775318,r-4981,2026-08-26 14:02:21,1.72,1,arusyukuhai
324,16534688,邱新,2026-08-29 02:09:49,1.72,17,larklearning
325,15487549,Muurur,2026-08-29 03:34:21,1.71,12,muurur
326,16495269,Navid Nur,2026-08-28 06:36:39,1.71,17,navidnur
327,16025402,Helmut AGI,2026-08-29 16:20:58,1.71,72,"antonijankowski123,jakobbrggen,nightmareblocks"
328,16471072,Faith,2026-08-29 03:07:10,1.71,13,faith853
329,15494997,yuki16,2026-08-25 03:25:53,1.71,28,yuki16
330,15927787,Satoshi911,2026-08-23 06:06:20,1.71,43,satoshi911
331,15491649,Samsay24,2026-08-29 12:28:54,1.71,7,samsay23
332,15502388,LACK.AI,2026-08-26 16:36:42,1.71,12,ravikumar1234
333,16388387,ancientLuck,2026-08-29 18:21:46,1.71,3,ancientluck
334,16590720,Panagiotis Toloudis,2026-08-26 18:58:13,1.70,25,panagiotistoloudis
335,16096640,Hiểu Vy,2026-08-27 18:57:15,1.70,47,thangnm1
336,15991395,Samyakraj Bayar,2026-08-28 05:22:51,1.70,56,samyakrajbayar
337,16125769,J.A.R.V.I.S,2026-08-19 05:12:18,1.70,22,learningkin
338,15499421,Amon Kizawa,2026-08-26 01:31:58,1.70,12,amonkizawa
339,16663172,Sourab Ghosh,2026-08-26 19:34:23,1.69,2,sourabghosh
340,15495001,Rengarajan G,2026-08-23 08:08:56,1.69,22,rengarajang
341,15509227,Kunal Aarse,2026-08-24 03:33:13,1.69,27,kunalinfinite
342,16439788,Dawid Kopiczko,2026-08-29 19:58:07,1.69,41,dawkopi
343,16440700,Omar zed,2026-08-28 15:01:50,1.69,2,omarzbida
344,15491239,Tara Labs,2026-08-22 13:29:46,1.68,11,theunforgiven7
345,16713919,green algeria,2026-08-21 15:39:37,1.68,3,greenalgeria
346,16722531,Ely2ba,2026-08-29 19:11:33,1.67,12,ely2ba
347,16661802,hahah,2026-08-22 11:08:50,1.67,9,huangkangyu
348,16744883,Madiyar Khamzanov,2026-08-22 07:07:53,1.66,4,mkhamzanov
349,15497811,Nick2187,2026-08-29 04:53:22,1.66,50,nick2187
350,16583818,ikun,2026-08-18 08:18:44,1.66,2,liangyan0322
351,15490882,Kashyapsinh gohil,2026-08-19 03:31:08,1.65,22,kashyapsinhgohil
352,16626972,Lawrence,2026-08-26 01:53:10,1.65,9,ziweiresearch
353,16040819,Munshi-PremChand,2026-08-28 15:07:29,1.65,32,munshipremchand
354,15524172,Quanyi Li,2026-08-21 03:58:24,1.65,24,ko0kip
355,16576456,Monibee Fudgekins,2026-08-26 03:30:09,1.65,16,monibeefudgekins
356,16591178,Semyon Epanov,2026-08-24 18:22:51,1.65,3,semyonepanov
357,15735428,GeniusYY,2026-08-30 00:25:41,1.64,63,alexyy
358,16479960,Imran Ahamed,2026-08-30 00:28:29,1.64,4,immu4989
359,16734777,sobameshi,2026-08-23 13:48:31,1.64,6,sobameshi
360,16664713,Udit Jain #2,2026-08-19 16:11:11,1.64,3,iamudit
361,16759497,r1ck.sync,2026-08-29 05:53:44,1.64,8,r1cksync
362,16710381,Dong,2026-08-27 03:32:46,1.63,9,protostar
363,16028584,Ryoki Kunii,2026-08-27 23:01:09,1.63,32,programmerryoki
364,16696653,VZ,2026-08-27 00:00:25,1.63,15,"venkateshtata1997,zohrabouchamaoui"
365,16551828,Marseilles Bogano,2026-08-29 20:41:53,1.62,39,marboga
366,16760837,yktori,2026-08-28 00:00:59,1.62,2,yktori
367,16727809,M-consciousness,2026-08-16 10:00:45,1.62,1,mconsciousness
368,16746850,no_wonderr,2026-08-24 10:04:53,1.61,3,nowonderr
369,16583451,Off Zeno,2026-08-28 06:04:02,1.61,11,roneynascimento123
370,16461597,S J Moudry,2026-08-28 21:02:49,1.61,17,sethmoudry
371,16406091,Chiekh ALLOUL,2026-08-27 15:00:19,1.61,29,chiekhalloul
372,16304225,Bian Sun,2026-08-29 04:16:07,1.61,4,biansun
373,16745511,Rufus,2026-08-24 00:49:23,1.60,5,"ronghedragon,rufus666"
374,16759803,PavelLiashkov,2026-08-24 12:31:20,1.60,2,bigbag1983
375,15499660,Yi-Chia Chen,2026-08-20 23:51:26,1.60,1,threerabbits
376,16572745,yw8837,2026-08-29 15:54:59,1.60,24,yw8837
377,16127529,Cam-Luan Truong,2026-08-28 08:38:54,1.60,4,luantruong
378,16736925,nithar1609,2026-08-28 11:59:19,1.60,8,nithar1609
379,16746389,orbit,2026-08-20 12:24:07,1.60,1,sc1884
380,16734362,Raef Guizani,2026-08-29 12:26:09,1.59,3,raefguizani
381,15538056,Abdulmuiz Abdullateef,2026-08-27 10:52:16,1.59,14,capthwi
382,16781352,Yohanes Lengkong,2026-08-29 00:01:11,1.59,2,yohanesfc
383,15702685,Shreyas Mahimkar,2026-08-26 03:29:14,1.59,20,shreyas4
384,16745501,MOODYMU,2026-08-20 06:18:01,1.59,1,moodymu
385,15770660,Jason Feng,2026-08-30 00:04:55,1.59,62,iamjasonfeng
386,15488215,Evgenii Rudakov,2026-08-20 11:26:00,1.58,14,dolphininacoma
387,16759926,Jai Kamal,2026-08-22 18:17:19,1.58,1,jtheyogi
388,16735076,sssskilo,2026-08-28 02:04:28,1.58,8,wellkilo
389,16446039,len8487,2026-08-23 02:40:39,1.58,8,len8487
390,16609469,Nkosi Ndwandwe,2026-08-30 00:01:28,1.58,32,nkosindwandwe
391,16762152,AlekseiProvorov,2026-08-23 12:48:53,1.58,1,leoprovorov
392,16765941,yin,2026-08-30 00:26:04,1.57,7,yinsong
393,15487426,Pavel Pavlov,2026-08-27 08:21:46,1.57,16,akakii
394,16032510,anngle,2026-07-25 04:14:21,1.56,12,anngle
395,16735398,Jayaprakash Sundararaj,2026-08-29 03:57:48,1.56,21,"jpsundararaj,sushanthtiruvaipati"
396,16480531,tyz123456,2026-08-24 13:39:13,1.56,8,tyz123456
397,16689701,Chicken Labs,2026-08-22 16:30:34,1.56,3,"babychick,nickckb"
398,15724943,Nuno Ferreira,2026-08-27 21:58:55,1.56,48,ngcferreira
399,16455981,Jay Gautam,2026-08-22 13:07:00,1.56,22,jaygautam007
400,15516498,Boiled-Sweet-Potato,2026-08-28 08:52:50,1.55,14,boiledsweetpotato
401,15488264,sanyul,2026-08-23 16:20:34,1.55,25,sanyul
402,16497826,maxingkong733,2026-08-18 23:47:00,1.55,15,maxingkong733
403,16782490,Team Alicia,2026-08-29 18:55:49,1.55,1,uradkr
404,15857608,BBK,2026-08-24 01:43:09,1.54,41,bang1850
405,16713070,Abu Kayyisah Basyid,2026-08-29 08:27:10,1.54,7,abukayyisahbasyid
406,15631835,JerrySun,2026-08-20 04:32:37,1.54,3,jerrysy
407,15750018,Zehra Korkusuz,2026-08-18 14:43:36,1.54,9,zehrakorkusuz
408,16234077,Artem Pshenitsyn,2026-08-24 21:24:43,1.54,6,artem21
409,15625377,dongdong zhang,2026-08-25 06:39:08,1.54,2,mcdongdongzhang
410,16278024,JIAWEILI0001,2026-08-29 17:02:58,1.53,65,jiaweili0001
411,16653964,Göktürk Akman,2026-08-29 22:28:37,1.53,11,gktrkakman
412,15708911,Xiaokai Cui,2026-08-21 09:54:22,1.53,10,xiaokaicui2008
413,16782677,TK256,2026-08-29 14:42:53,1.53,2,tk256ailab
414,15633864,ErenAGI,2026-08-29 10:49:57,1.52,22,"erenagi,mehmetakifoltulu"
415,15492202,KooDol,2026-08-29 07:45:30,1.52,4,koodol
416,16767685,Breno L Freitas,2026-08-24 19:44:32,1.52,1,brenolfreitas
417,16781564,Thin Sweet,2026-08-29 15:21:13,1.52,2,bohannnwang
418,16487108,aarrcc,2026-08-18 16:29:21,1.52,19,aarrcc
419,16616627,yuritosci,2026-08-29 23:29:20,1.52,10,yuritosci
420,16185949,Shree85,2026-08-30 03:37:05,1.51,18,shree85
421,16395976,Hippolyte Pilchen,2026-08-22 07:38:03,1.51,17,hippolytepilchen
422,16450379,cm391,2026-08-23 17:17:50,1.51,6,mccocoful
423,16487086,goalllll,2026-08-14 18:00:44,1.50,15,goalllll
424,15633995,Sébastien henry,2026-08-30 00:05:05,1.50,56,sebmontreal
425,15486658,wwwwzz,2026-08-15 09:15:17,1.50,34,wwwwzz
426,16390087,JohnLussier,2026-08-27 21:15:15,1.50,30,johnlussier
427,16752218,Kaileh57,2026-08-25 18:20:28,1.50,4,kaileh57
428,15486823,Souhardya,2026-08-22 16:39:22,1.49,7,souhardyatalukdar
429,16271316,Kristian Gohi Bi,2026-08-19 08:11:29,1.49,1,kristiangohibi
430,16561834,gamesu7107,2026-08-30 00:07:02,1.49,41,gamesu7107
431,15513629,Pragnyan Ramtha,2026-08-20 16:05:37,1.49,14,pragnyanramtha
432,16567629,Manan Gupta #2,2026-08-16 17:19:10,1.48,10,obirdy
433,15517514,Space Kangaroo,2026-08-25 07:50:39,1.48,20,spacekangaroo
434,15501454,Vicens Gaitan,2026-08-25 07:53:29,1.48,14,vicensgaitan
435,16431229,kgr,2026-08-17 21:35:31,1.48,2,yixuliu
436,16408642,Krizsó Gergely,2026-08-29 17:02:20,1.47,20,lucifer19
437,16544373,Nilesh Sarkar,2026-08-04 12:57:15,1.47,2,nileshsarkarra
438,15496613,Shivam Singh,2026-08-28 15:50:21,1.47,5,shivamsingh17072001
439,16448996,MakersLabTM,2026-08-28 04:09:18,1.47,21,makerslabtm
440,15531604,panda__MB__maximus,2026-08-27 07:41:08,1.46,17,tanishmohokar09
441,15495211,Peter Findley,2026-08-20 09:55:57,1.46,41,raist321
442,16421943,Kochi Loki,2026-08-29 00:45:00,1.46,51,"satadruhalder,soumyacryptic"
443,15510427,Komil Parmar,2026-08-28 09:37:43,1.45,20,komilparmar
444,16774327,Timothee Henry,2026-08-28 06:10:36,1.45,3,timhenry
445,16711864,Singaraj B,2026-08-22 19:44:08,1.45,11,singarajb
446,15492225,Charismatic Pizza Party🍕,2026-08-28 03:32:50,1.45,13,debugendless
447,16498846,common-people-whereIsMyFuckingPrize,2026-08-29 16:29:14,1.45,4,aizealotwu
448,16736818,Chika Komari,2026-08-21 05:12:29,1.44,2,gothamjocker
449,16791329,Masashi Nishimoto,2026-08-29 22:44:32,1.44,1,masashinishimoto
450,16459830,Giovanny Rodríguez,2026-08-24 17:08:40,1.44,5,giovannyrodrguez
451,15608330,Naga Bhanuja,2026-08-29 07:01:53,1.44,10,nagabhanuja
452,16483544,zentropy,2026-08-30 00:20:04,1.44,58,jessky
453,15510081,Tshithihi,2026-07-03 03:54:59,1.44,22,nawfeelrahman1124444
454,16153655,michaeltg,2026-08-29 21:53:30,1.43,26,michaeltgao
455,16422860,hierarchical,2026-08-17 05:35:35,1.43,24,felixwang1m
456,15570368,Liang Wan Yiu David ,2026-08-17 06:22:07,1.43,8,liangwanyiudavid
457,15487312,AyushmanKumar819,2026-08-28 03:09:05,1.43,4,ayushmankumar819
458,16729699,YinuoChen271,2026-08-18 08:46:35,1.43,2,yinuochen271
459,16639523,Rogers Johnson,2026-08-29 03:24:55,1.43,25,rogersjohnson
460,16441614,AGI Not Found,2026-07-19 17:26:29,1.43,13,"angran,kaixuanosmas"
461,15504888,aira666,2026-08-11 05:00:56,1.42,5,aira666
462,16688839,benzousilvia,2026-08-29 06:36:12,1.42,9,benzousilvia
463,16600201,Edward Koh,2026-08-19 15:13:17,1.42,23,edwardwkoh
464,15741726,Data Dreamers,2026-08-25 18:02:44,1.42,32,"ishiyamamasaharu,mabo1141,monaka12,rionakamura10,yoshioka0209"
465,16658469,Ashwin Goyal,2026-08-24 16:22:42,1.42,3,letthedreamersrise
466,16738611,yap,2026-08-20 02:15:00,1.42,3,yaphellee
467,16457997,Linbo Hui,2026-08-26 03:17:05,1.42,8,huilinbo
468,16432008,AAAAAtjc,2026-08-20 06:22:36,1.41,24,aaaaatjc
469,16772602,ed,2026-08-30 00:10:06,1.41,5,edward3
470,16786362,gomerry,2026-08-29 06:43:58,1.41,1,shwsun73
471,15492192,J8J,2026-08-23 22:41:34,1.40,10,sundong
472,16585831,Muhammad Imran,2026-08-20 11:06:07,1.40,24,muhammadimranchitral
473,16694974,emi,2026-08-13 16:39:00,1.40,1,emigor
474,15495420,tf,2026-08-29 07:57:02,1.40,74,tfukuhara
475,16471196,DePie,2026-08-28 04:33:52,1.40,2,phucthaiv02
476,16733171,斬る,2026-08-28 01:16:45,1.39,7,"handawang,weiyawang31415926"
477,16760467,James McGarry IV,2026-08-28 00:55:06,1.39,6,jamesmcgarryiv
478,16598990,Zhuo Li,2026-08-22 16:04:25,1.39,11,ctfxiao
479,16770587,Namusura,2026-08-29 04:00:49,1.39,3,namusura
480,16245600,Tom DiFiore,2026-08-28 03:03:52,1.39,26,tomdifiore
481,16429632,in blue,2026-08-17 18:26:29,1.39,11,bhatiji
482,16347117,AnchorBlock,2026-08-27 12:48:26,1.39,25,anchorblock
483,15590907,Thien Nguyen,2026-08-18 06:28:57,1.38,4,ntthientn
484,15517357,simmons1025,2026-08-21 09:24:04,1.38,4,simmons1025
485,16016635,Recursive Intelligence Lab,2026-08-29 07:21:34,1.38,30,tirth1402
486,16434918,Murat,2026-08-25 19:04:25,1.37,3,kaggleuserr2
487,16428239,Gopsy,2026-08-12 03:31:55,1.37,8,anhsirk
488,16491938,pwxc00,2026-08-27 12:07:25,1.37,1,alert04
489,16619609,datnt114,2026-08-17 11:31:40,1.37,5,kingkong153
490,16761482,Kartik,2026-08-24 17:35:29,1.37,1,krabie
491,15504445,Alberto Luengo,2026-08-30 00:01:04,1.36,35,albertorkive
492,16465268,shakinghand,2026-08-29 06:58:36,1.36,24,"emitrajshokuhi,weichseltree"
493,16750358,arc-team-1234,2026-08-28 21:47:53,1.36,10,"alykassem202,fkimew,k4h33r262408,s0miai,stephanetao,velvetkernel"
494,16773129,MachineLP,2026-08-28 00:35:12,1.36,3,machinelp
495,15993595,Hugues Fontenelle,2026-08-25 12:52:00,1.35,7,hugues
496,16514079,geodesic,2026-08-22 16:25:30,1.35,11,kermityoung
497,15574185,AGIIGA,2026-08-15 15:45:43,1.35,24,agiiga
498,16406654,HelloWorld5050,2026-08-22 20:21:25,1.34,12,helloworld5050
499,15510458,put me in harness,2026-08-29 05:00:41,1.34,56,zabojeb
500,16780962,Muhammad Ega,2026-08-29 14:31:40,1.34,2,muhammadegaa
501,16744872,Jakob Seibezeder,2026-08-28 12:42:20,1.34,2,jakobseibezeder
502,16080197,Charbel Nehme,2026-08-24 11:10:02,1.34,17,charbelnehme
503,16397720,Khoa 👑,2026-08-20 15:31:23,1.33,4,khoahunhtngng
504,16774542,kaptaan45,2026-08-28 09:42:49,1.33,2,kaptaan45
505,16569341,Thereforyou_Jasmine,2026-08-21 15:16:15,1.33,3,"jasminethereforyou,wuzhiwen7445"
506,15754603,greyhound,2026-08-18 16:26:08,1.33,8,tapaskd123
507,15771316,Ivan Martin Valle,2026-08-29 05:08:25,1.33,41,ivanmartinvalle
508,16752213,Skystellan,2026-08-21 06:37:27,1.33,1,skystellan
509,16671263,soltani abdellatif,2026-08-24 18:25:43,1.33,3,soltaniabdellatif
510,15487143,Ishraq Tanvir,2026-08-22 08:03:58,1.32,2,ishraqtanvir
511,16653887,YUKRUB,2026-08-20 07:21:21,1.32,2,yukrub
512,15529375,Felix S.,2026-07-07 11:40:30,1.32,39,pylixx
513,16768979,vaultguard,2026-08-29 00:00:49,1.32,3,vaultguard
514,16456142,Sypher_S,2026-08-17 11:44:54,1.32,2,syphers
515,16676611,sezer ali,2026-08-23 11:39:15,1.32,8,sezerali01
516,16498541,Sous Lab,2026-08-28 19:41:21,1.32,35,basi1man
517,15487398,Kerem çelik,2026-08-25 02:56:58,1.31,10,keremelik
518,16542443,LG,2026-08-15 02:19:50,1.31,3,"lokeshjasrotia,vengatagirig"
519,15660740,Ahmet Pamuk,2026-07-20 20:31:27,1.31,3,ahmeterdempamuk
520,16620515,Paulo Abelha,2026-08-26 20:06:13,1.31,9,pauloabelha
521,16352058,Gavedu Ai,2026-08-08 07:19:16,1.31,33,verise6211
522,16718390,SangJinJung,2026-08-15 01:11:34,1.31,2,sangjinjung
523,16639148,NNbody,2026-08-30 00:20:09,1.31,4,nnbody
524,16635343,Aurora wy,2026-08-05 03:22:15,1.31,1,aurorawy
525,16656755,Vanya Cherepukhin,2026-08-19 00:07:49,1.30,13,vanyacherepukhin
526,15487598,CCT,2026-07-11 09:38:58,1.30,56,chuhanwu86
527,16569312,Norman Neira,2026-08-17 23:35:06,1.30,2,normanneira
528,16283372,TWEAK,2026-08-29 01:13:10,1.30,21,tweakai
529,15540551,szs,2026-07-19 17:35:37,1.30,17,runshengyu
530,16429419,The Coder Geek Squad Leader,2026-08-27 15:04:38,1.30,1,soulemaneisissifou
531,16289337,1104,2026-08-04 12:42:08,1.30,15,"emojilin,qianjunggg"
532,15562422,OceanVenue,2026-08-25 00:09:04,1.29,63,"benhaslam,guilhermeferraribr"
533,16702680,Alariun,2026-08-28 16:27:49,1.29,10,calebrown
534,15488127,Kirderf,2026-08-14 13:23:47,1.29,22,kirderf
535,16575299,Elazar fuchs,2026-08-28 06:00:41,1.29,13,elazarfuchs
536,16662159,KiKi,2026-08-22 10:55:31,1.29,5,kingkiller2164
537,16282855,TAMU-TACO,2026-08-26 01:17:44,1.29,7,"linfangzhou,peirancs"
538,16765706,Tayyub Yaqoob,2026-08-29 18:06:28,1.29,2,tayyabyaqoob
539,15546305,Zoe Wang,2026-08-15 04:34:37,1.29,20,"chonghuan718,zoeywaang"
540,16757415,hansama.qht,2026-08-29 04:22:51,1.29,7,hansamaqht
541,15504769,CHRONOS,2026-07-18 15:08:17,1.29,69,"kevinrussell83,projectforty2"
542,16670844,Vera Σ¹ - DI,2026-08-20 05:39:48,1.29,4,"dreaddevelopment,seanornberg"
543,16360913,Mikael Kerimov,2026-08-28 04:22:00,1.28,19,mikaelkerimov
544,15503849,Hu Xingyu,2026-07-22 03:43:54,1.28,24,huxingyu
545,16762921,Eduardo Molina,2026-08-29 04:35:56,1.28,3,eduardomolinaai
546,16650762,Toprak Gundogdu,2026-08-21 10:14:56,1.28,4,toprakg
547,16579154,ych~sun,2026-08-20 13:41:14,1.27,19,ychsun
548,15612343,PabloTBA,2026-08-28 01:07:40,1.27,28,pablotba
549,16775071,hiros,2026-08-29 03:55:16,1.27,2,hiroshige1
550,16442486,Positive Quark,2026-08-28 16:24:09,1.26,5,quarkliu
551,16349448,Manas Rajan Pandya,2026-08-18 07:57:20,1.26,1,manasrajanpandya
552,16543772,Avyaay Rathi,2026-08-20 05:06:18,1.26,26,"arjuntaware,avyaayrathi"
553,15489752,TREX99,2026-07-13 00:28:40,1.26,30,trex99
554,16120017,uesi,2026-07-30 11:45:27,1.26,5,uemura687
555,15594093,yuki matsumori,2026-07-09 01:52:46,1.26,16,yukimatsumori
556,16420933,Yuya Miyanogawa,2026-08-29 19:36:52,1.26,58,veritalogos
557,16556635,Vishvesh Bhat,2026-08-09 15:52:46,1.25,1,vishveshbhat
558,16407310,Mark Cooper,2026-08-01 00:01:05,1.25,36,markjcooper
559,16586230,Optimal Prime,2026-07-27 18:29:34,1.25,2,caelix
560,15985912,Mr_Ralphie,2026-08-29 00:05:05,1.25,80,mrralphie
561,15887660,wuhjie,2026-08-20 13:23:00,1.25,26,hongjiewu
562,16449629,Stefan Henß,2026-07-11 06:07:20,1.24,5,shenss
563,15498652,jazivxt,2026-08-26 05:23:20,1.24,6,jazivxt
564,16616910,Stonks,2026-08-29 23:35:22,1.24,20,erikqu
565,15490333,Hellboy,2026-08-22 07:44:12,1.24,10,helmirinaldi
566,16706846,Thierry Tuz,2026-08-29 00:07:06,1.24,8,thierrytuz
567,16625560,Vishvesh Bhat #2,2026-08-10 00:40:00,1.24,3,vishbhat8
568,16461501,Ashutosh Agarwal,2026-07-04 18:19:36,1.23,5,ashutoshagarwal088
569,15564509,Shubham Sahu2003,2026-08-17 09:00:35,1.23,41,shubhamsahu2003
570,15505268,Shivam Shinde,2026-08-25 13:21:32,1.23,12,shindeshivam
571,16052968,Alex Frazier,2026-07-08 17:52:16,1.23,11,alexfraze
572,16582937,[Deleted] 2029aeca-ef24-4e6d-9a46-724118293549,2026-08-24 08:45:24,1.23,2,holeneckles
573,15653856,RanJeet Gupta,2026-08-04 09:03:40,1.22,1,ranjeet258
574,16676700,Akira Imae,2026-08-16 00:14:16,1.22,8,imaeakira
575,16517844,AAElter,2026-07-28 05:59:43,1.22,4,aaelter
576,16725926,Travis Lambert,2026-08-21 04:13:42,1.22,3,travislambert
577,16700886,wjd Andy,2026-08-14 06:29:17,1.22,3,wjdandy
578,16481200,AdamJonesJohnson,2026-07-27 00:14:56,1.22,21,adamjonesjohnson
579,16430872,Reyhan Ksatria,2026-08-12 05:50:37,1.22,4,reyhanksatria
580,15736475,Yukeiso,2026-08-22 02:27:40,1.21,6,katayuji
581,16548143,Kenneth Lie,2026-08-28 17:03:21,1.21,2,kennethlie16
582,16503424,wangzhang wu,2026-07-13 00:04:48,1.21,5,wangzhangwu
583,16492019,HuaLQin,2026-08-07 00:41:20,1.21,21,hualqin
584,16772452,Дмитрий Онин,2026-08-29 21:23:25,1.21,1,rejo1ce
585,15910208,Dr Chandrasen Pandey,2026-08-13 06:46:58,1.21,35,devchandra
586,16701696,Rikito Kanda,2026-08-30 00:26:48,1.21,15,rikitokanda
587,16500777,cAco3,2026-08-26 14:28:25,1.21,5,caco3r
588,15507333,anthony michel,2026-08-30 03:18:37,1.21,3,michela78
589,16025506,Bitterbot,2026-08-13 01:12:41,1.21,14,"douglasfinlay,victormgil"
590,16786602,lsm jii,2026-08-29 12:25:05,1.21,1,lsmjii
591,16245172,Shannan,2026-07-18 12:54:27,1.21,4,shannanl
592,16744862,Dražen Kapusta,2026-08-30 00:00:04,1.21,12,draenkapusta
593,16387065,lihaoling,2026-08-02 12:18:26,1.20,24,lihaoling
594,16709444,Salem Ali,2026-08-23 20:52:46,1.20,2,salemali7
595,16591722,hongqian miao,2026-08-06 06:37:26,1.20,3,hongqianmiao
596,15495351,icezzzz,2026-07-29 14:33:15,1.20,28,icezzzz
597,16491207,KAIWALYA RAUT,2026-08-06 13:53:36,1.20,3,kaiwalyaatulraut
598,16652828,ali nebi dal,2026-08-13 11:51:05,1.20,6,alinebidal
599,16554415,Sai Abhishek,2026-08-12 15:37:50,1.20,16,saiabhishek14
600,16394140,MM12345678,2026-07-11 01:09:35,1.20,9,mm12345678
601,15489865,Quan Nguyen,2026-08-04 06:51:54,1.20,13,quannguyn12
602,15538060,Pedro Caycho,2026-08-24 00:05:00,1.19,5,pjcc1123
603,15629200,shu yu,2026-08-13 03:06:02,1.19,1,shidun66
604,15486681,MatheusPSorancoDeCarvalho,2026-08-14 02:16:58,1.19,2,matheussoranco
605,16702830,Serguei Makarov,2026-08-30 00:45:46,1.19,14,sergueimakarov
606,16012081,Plamen,2026-07-27 16:42:49,1.19,28,plamen06
607,16517742,Rokonuddin Ahamed Sohan,2026-08-11 03:36:18,1.19,3,rokonuddinahamed90
608,16703334,frogsilverberryleoi,2026-08-26 00:16:23,1.19,4,frogsilverberryleoi
609,16701873,Jason Jin,2026-08-12 11:31:41,1.19,3,cascadematrix
610,16558484,MAIDANG,2026-08-15 06:23:49,1.19,14,daifanhao
611,15621440,KostasMouratidis,2026-08-21 09:10:11,1.19,1,kostasmouratidis
612,16485920,Rasdafar,2026-07-11 09:29:44,1.18,7,rasdafar
613,16065643,MadrARC,2026-08-09 07:42:15,1.18,5,rahulvimalkanth
614,16420889,vladee,2026-08-13 00:43:22,1.18,14,vladee
615,16642459,syouya tobita,2026-08-05 03:07:09,1.18,2,syouyatobita
616,15487662,Ganesh Sharma,2026-08-29 19:43:36,1.18,9,ganeshstemx
617,16493372,welogme,2026-07-30 03:12:47,1.18,12,"ijoucho,welogme"
618,15531744,ashvin singh,2026-07-25 08:30:33,1.17,37,ashvinsingh
619,15567543,Kaito N. Soga,2026-07-02 07:09:48,1.17,4,kaitosoga
620,16727880,Serhii Marinchenko,2026-08-24 16:21:52,1.17,4,serhiimarinchenko
621,16566154,Julian Camilo Villa,2026-08-30 00:00:06,1.17,29,juliancamilovilla
622,15606567,MA RAN,2026-08-17 23:44:34,1.17,9,ranmadi120
623,15488649,Tanmay,2026-08-27 19:39:18,1.17,32,tanmaysah
624,16048620,Xander,2026-07-17 14:05:36,1.17,16,canqiang
625,15501827,Dhe Yeong,2026-08-14 02:19:20,1.17,12,dheyeong
626,16713350,coolin666,2026-08-13 01:36:49,1.17,1,coolin666
627,16679235,toprakthegoat,2026-08-07 00:01:34,1.17,2,toprakthegoat
628,15506893,Mark Slavin,2026-07-30 00:36:02,1.17,3,markslavin
629,15745709,Aryan Haritsa,2026-08-15 16:30:37,1.16,4,aryanharitsa
630,16510371,haodou092,2026-07-19 05:57:40,1.16,5,haodou092
631,16475818,Matthew.lee,2026-07-15 09:47:19,1.16,8,matthewlee010299
632,16316931,Rajan Nagarajan,2026-08-11 16:44:14,1.16,7,narajan
633,16137967,Cacinie,2026-08-03 03:49:41,1.16,1,cacinie
634,16717506,un0o7,2026-08-15 04:43:47,1.16,2,hjhsdsdww
635,15486931,Mirza Milan Farabi,2026-08-16 20:47:36,1.16,14,mirzamilanfarabi
636,15487953,cc,2026-07-29 05:54:42,1.16,7,baytree1238
637,16148316,pscamillo,2026-07-09 17:52:53,1.16,29,pscamillo
638,15635738,Rookie,2026-08-20 12:07:42,1.15,31,steveninje
639,16751372,Shadowfishes,2026-08-27 04:41:38,1.15,5,"boandme,ronitagarwal1"
640,16361271,BBD,2026-08-18 10:09:13,1.15,20,"absolutetheone,ahaanvermalol"
641,16338619,Jiaqi Hu,2026-08-11 05:56:49,1.15,7,hlgendr
642,16650336,Inncenta,2026-08-07 00:01:11,1.15,4,inncenta
643,16474440,Yuri Freitas,2026-08-04 15:43:55,1.15,13,yuribzfreitas
644,15488488,Ikki Katsuyama,2026-07-26 04:21:16,1.15,17,kacchanwriting
645,16551999,Celestia,2026-07-26 04:01:28,1.14,11,gladoscc
646,16635888,Poojan,2026-08-06 07:42:35,1.14,4,poojankumartandel
647,16683994,destire 1,2026-08-12 10:01:13,1.14,4,destire1
648,16723459,Heinzstk,2026-08-20 11:49:33,1.14,6,heinzstk
649,15556547,Felipe Galdino Folk,2026-08-28 14:38:19,1.14,24,felipegaldinofolk
650,16694609,Debmalya,2026-08-09 14:33:10,1.14,1,debmalya84
651,16490445,Suman Sharma,2026-07-05 19:55:01,1.14,1,suman2208
652,16052598,JackGong,2026-08-04 13:27:02,1.14,9,jackgong
653,16574125,zhangyue-xmdx,2026-08-16 23:45:00,1.14,8,zhangyues0000
654,16472153,Changyuan Chen,2026-08-16 14:12:35,1.14,27,changyuanchenmit
655,16070503,Yuki Okumura,2026-08-14 19:34:02,1.14,4,yukiokumura1
656,16234007,smlcr,2026-08-09 08:49:44,1.13,13,simulacri
657,16409318,AI-Cat,2026-07-19 08:50:43,1.13,2,konstantinboyko
658,15569839,kakuteki,2026-08-15 13:04:56,1.13,5,kakuteki
659,15602746,Gabriel Amaral,2026-08-21 10:53:48,1.13,2,gabrielsamaral
660,16728348,falloficaruss,2026-08-16 13:53:42,1.13,1,areusnow
661,15538930,Ashmawy,2026-08-25 08:35:37,1.12,12,ashmawy
662,15932761,J&F AI,2026-08-28 10:16:16,1.12,42,junjin2
663,16784116,Raihan🇧🇩,2026-08-29 05:04:54,1.12,2,raihanjs
664,15694242,Team Algorithm Tech Institute,2026-08-09 14:39:25,1.12,9,"adeshinaashiata,adesinaabeeb,gidadoshukura"
665,16482421,senkin13,2026-07-21 05:01:33,1.11,4,senkin13
666,15491056,Kumaran K,2026-08-16 04:02:40,1.11,4,kumarandatascientist
667,15540637,Nat Bel ML Fun,2026-08-06 18:43:54,1.11,33,natbel4ml
668,15658668,Pawan,2026-07-26 13:08:12,1.11,31,jatalepawan
669,15986223,Amon Suzuki,2026-07-21 00:05:37,1.11,11,amonsuxuki
670,16068577,Leonid Majbits,2026-08-07 20:46:20,1.11,32,leonidmajbits
671,16422585,Abhi,2026-07-16 14:32:32,1.11,13,zeroday19
672,16482359,Igor Kirko,2026-07-08 02:18:36,1.11,6,igorkirko
673,15592971,muhualiushui1217,2026-08-17 21:02:10,1.10,4,muhualiushui1217
674,16644310,Nikolas Silveira,2026-08-04 13:00:15,1.10,2,nikolassilveira
675,15520694,Barada Sahu,2026-07-15 07:38:48,1.10,51,mercurialsolo007
676,15587315,waticson,2026-08-07 23:55:51,1.10,9,yutodennou
677,16270968,Yizhang Lou,2026-07-28 17:27:20,1.10,6,yizhanglou
678,16540131,LinZihanAdam,2026-07-15 03:56:11,1.10,3,linzihanadam
679,16658246,kaanz,2026-08-07 07:30:26,1.10,4,emirkaanozd
680,16380532,A0158737N,2026-07-26 03:04:55,1.10,15,kanhon
681,16474959,[Deleted] ade0214e-cb0f-436e-95f5-47784b00e897,2026-07-11 05:35:37,1.10,5,del=9ab3e1420ebaee89
682,16539376,Sha1ee,2026-07-18 03:08:31,1.10,4,sha1ee
683,16078747,varianceofx,2026-07-16 00:50:46,1.10,21,varianceofx
684,16669732,zhangzhuang li,2026-08-10 11:19:45,1.10,1,zhangzhuangli
685,16573558,qwertykeypadapple,2026-08-15 01:04:35,1.10,8,qwertykeypadapple
686,16699653,Yvonne.,2026-08-11 06:02:03,1.10,1,zdawer250
687,16591491,Alex Zhang g,2026-08-03 01:33:12,1.10,6,alexzhangg
688,16486775,Денис,2026-07-05 03:12:12,1.09,1,dambek
689,16489497,Tom1115,2026-08-24 16:18:03,1.09,20,tom1115
690,15504783,Hossein,2026-08-13 00:29:03,1.09,42,tomi85
691,15493886,Code by Nadiia,2026-07-09 11:25:07,1.09,1,codebynadiia
692,15503995,randyzhang666,2026-08-10 08:21:02,1.09,1,randyzhang666
693,16037949,hungry_hawking,2026-07-31 17:07:58,1.09,12,hungryhawking
694,16728559,jiaqi zhu,2026-08-22 00:46:15,1.09,3,user82699026
695,16747862,Sixian Deng,2026-08-20 10:40:32,1.09,1,sixiandeng
696,16666852,[Deleted] f2f8deaf-b3c2-4404-8dc4-80949e37c482,2026-08-05 23:23:29,1.09,1,del=3d4e77c735b4fb0e
697,16233589,gosu.Kouts,2026-07-23 15:06:53,1.09,14,gosukouts
698,15491099,chinnum97,2026-08-07 14:59:58,1.09,6,madarshbb
699,15504550,kishizaki-sci,2026-08-29 00:04:18,1.09,9,superstringdev
700,15497682,jorge fabian avila,2026-08-23 00:33:22,1.08,3,jorgefabianavila
701,16414058,wenyuan Guo,2026-07-06 07:56:15,1.08,6,gwey1025
702,15499946,DarkPhoenix,2026-07-12 07:33:47,1.08,30,darkphoenix2077
703,16729922,Aarush Kute,2026-08-21 03:13:26,1.08,6,aarushkute
704,15641620,Rachid Caich,2026-08-29 15:04:08,1.08,2,rachidcaich
705,16562449,Praj Koduri,2026-07-20 02:21:05,1.08,2,"gregorydaley,prajkoduri"
706,16234547,Mikhail Bovt,2026-08-27 12:33:47,1.08,15,mikhailsovab
707,16256714,table spoonful,2026-07-13 05:03:52,1.08,11,tablespoonful
708,16268784,TUC,2026-07-13 09:03:38,1.08,7,tobiassesterhenn
709,16283854,Vu Tran Hoang,2026-08-03 06:51:00,1.07,4,hoangvux
710,15549873,WQing_Z,2026-07-11 21:29:21,1.07,8,wqingz
711,15929872,Ashad Alam,2026-07-30 12:15:30,1.07,2,ashad8949
712,16783641,Xsophie H,2026-08-29 08:18:52,1.07,2,xsophieh
713,15486953,Sangram Patil,2026-08-02 06:12:15,1.07,18,sangrampatil5150
714,15511462,Ali Haydar Özdağ,2026-08-02 00:01:51,1.07,28,ahoirg
715,15511931,Zhehan,2026-08-10 04:03:48,1.07,7,cyberzzhhss
716,16472209,[Deleted] 4c436f13-5592-4c03-b39e-5c69e95e5294,2026-07-19 11:02:30,1.07,6,del=a8f3af9aeaa6ae2f
717,15488304,panterlab,2026-07-25 09:39:51,1.07,13,hweowe
718,16275978,lkevincc,2026-07-15 11:39:50,1.07,7,jjsdfd22
719,15645087,Shankha Suvro Mullick,2026-08-20 13:20:21,1.06,6,shankhasuvromullick
720,16555957,studious students,2026-07-30 03:24:53,1.06,10,"asiansnextdoor,djerok116"
721,16409969,Dante Lok,2026-07-19 06:24:56,1.06,1,dantelok
722,15494269,Patrik Pivoda,2026-07-02 07:28:05,1.06,17,patrikpivoda
723,16466598,Mohammed Maqsood L,2026-08-15 03:29:21,1.06,3,mohammedmaqsoodl
724,16275272,ByteSized,2026-08-13 16:26:01,1.06,10,"amit24f1002112,prishagupta97"
725,16768775,Kris Kilgroe,2026-08-25 05:45:40,1.06,1,kriskilgroe
726,15536350,arman1o1,2026-07-25 04:21:14,1.06,7,arman1o1
727,16497431,Matthew Huang,2026-08-01 23:19:12,1.06,7,matthewwh
728,16535094,HongYuNeil,2026-08-11 03:53:07,1.06,24,hongyuneil
729,16483685,jmatsukuma,2026-07-25 00:08:19,1.06,10,jmatsukuma
730,15522372,Thiago Munhoz da Nóbrega,2026-07-24 05:34:51,1.05,16,thiagommtmn
731,16296710,Kapilraj R,2026-07-31 11:08:51,1.05,8,kapilrajr
732,16672421,NIHAR RANJAN PANDA,2026-08-06 06:40:43,1.05,1,niharrpanda
733,16410428,DataLover,2026-07-31 18:59:11,1.05,12,paulknidler
734,15512064,soso,2026-07-03 03:21:19,1.05,17,"koesnuj,suminshim"
735,15508705,Giovanni Marco Dall'Olio,2026-07-27 21:35:16,1.05,1,dalloliogm
736,16599559,Ismail Mabrouki,2026-07-28 18:52:11,1.04,2,ismailmabrouki
737,16599963,shuto,2026-07-29 00:21:34,1.04,4,kisigan
738,16742759,Dharaniraj Lakshmanan,2026-08-21 05:53:43,1.04,1,dharanirajlakshmanan
739,15487261,Giba,2026-08-09 10:55:31,1.04,12,titericz
740,15490575,Nf4d1l,2026-08-10 06:45:25,1.04,5,nf4d1l
741,16059932,wkdrbwnd1,2026-08-17 00:03:38,1.04,6,wkdrbwnd1
742,16566144,Yiko01,2026-08-01 08:14:51,1.04,3,yiko01
743,15494543,THIRUPATHI KANNAN K,2026-08-01 10:58:51,1.04,8,thirupathikannank
744,16263464,khj1222,2026-07-06 08:58:05,1.04,16,khj1222
745,16585824,htatsumi,2026-07-29 13:55:03,1.04,4,tatsumihasebe
746,15615332,ColmOBrien1234,2026-08-19 18:29:07,1.04,20,colmobrien1234
747,15703192,ADARSH REDDY B,2026-07-21 03:22:45,1.03,3,adarshreddyb
748,16557082,Arjun Sharma,2026-07-30 01:32:11,1.03,2,arjundsharma
749,15509841,Ant,2026-08-02 21:08:36,1.03,8,anthonytrevino
750,15633586,Nikita #2,2026-08-11 06:03:55,1.03,3,nikitagajbhiye30
751,16670917,Ikeda0516,2026-08-12 16:15:11,1.03,1,ikeda0516
752,16649433,lxmjlove1,2026-08-04 01:34:36,1.03,1,lxmjlove1
753,16603860,Aadi Joshi,2026-07-27 04:53:13,1.03,1,aadijoshi19
754,15512938,hjw10086,2026-08-29 12:07:53,1.02,7,"fanglimo,hjw10086"
755,15777740,lemTree,2026-07-31 14:30:39,1.02,8,lemtree
756,16361627,MinJaeChoics,2026-07-27 13:09:44,1.02,2,minjaechoics
757,16484775,Jiajia Dawang,2026-07-19 02:27:04,1.02,1,jiajiadawang
758,16768256,DarkMatterNet,2026-08-25 00:27:53,1.02,2,darkmatternet
759,15487488,Richard Beauchamp,2026-07-28 23:20:58,1.02,37,rbeauchamp
760,16696545,Nikhil00718,2026-08-11 07:58:13,1.02,2,nikhil00718
761,15578475,Santiago Maniches,2026-08-04 13:53:17,1.02,26,santmani
762,16612903,DeineBossin,2026-07-31 00:05:54,1.02,3,deinebossin
763,15590953,k.mas,2026-08-06 06:41:43,1.01,1,kgethimas
764,15730169,Veeramuthu Babu,2026-07-07 06:20:54,1.01,3,veeramuthu
765,16093130,Team Name*,2026-07-20 09:24:30,1.01,3,jiaruicao7
766,15821658,Keven Li,2026-07-18 18:56:38,1.01,6,kevin250304
767,16263662,joicygiore,2026-07-07 03:23:11,1.01,11,joicygiore
768,15650271,yellowleaf,2026-07-26 11:21:24,1.01,10,wcqyfly
769,16584226,Ebi,2026-08-29 10:10:09,1.01,2,ebinan92
770,16592865,zbbw,2026-08-15 21:15:06,1.01,6,rakizbw
771,16500185,Lovlace、,2026-07-10 01:28:50,1.01,4,"irisis,lovlace"
772,15531997,Jordan Franklyn McCann,2026-08-06 01:56:44,1.00,30,jordanfranklynmccann
773,16272917,Ni123456&,2026-07-28 15:09:29,1.00,22,bingdongni
774,15495491,Mohammed Abdullah,2026-08-14 18:20:59,1.00,1,curiousmohammed
775,16683244,Yiğit Virdil,2026-08-07 08:11:53,1.00,1,yigitvirdil
776,16764633,yutaka arase,2026-08-25 00:02:24,1.00,2,yutakaarase
777,15493761,george yazaji1234556,2026-08-15 20:55:27,1.00,8,georgeyazaji1234556
778,15487960,Stephen Kaskin,2026-08-29 16:25:09,1.00,13,stephenkaskin
779,15532510,Mohamed IDRISSI GHALMI,2026-08-10 22:39:45,1.00,4,mohamedidrissighalmi
780,16678314,Melisakman,2026-08-07 02:04:40,1.00,2,melisakman
781,16416921,Andrey Kulakov,2026-07-01 08:29:47,1.00,3,jex398
782,16703813,Ayça Güler,2026-08-24 15:20:36,0.99,13,ayagler
783,16368858,Shivam Sharma,2026-08-24 02:31:39,0.99,19,jxm222
784,16508566,Harshank Matkar,2026-07-08 15:19:17,0.99,1,harshankmatkar
785,15493851,VasanAust,2026-08-11 04:37:24,0.99,2,vasanaust
786,16611553,Fidel Escalona,2026-08-16 23:12:30,0.99,4,fbescalo
787,16439222,Zhang.ZJ,2026-07-26 17:38:39,0.99,1,evilyevihut
788,16620772,kagglejohn15,2026-08-25 16:16:51,0.99,11,kagglejohn15
789,16282858,Schroll🇧🇷,2026-07-04 17:17:59,0.99,6,andrefernand
790,16723801,Satoshi Nguyen,2026-08-26 11:00:27,0.99,8,satoshinguyenai
791,16556855,Theo Serieys,2026-07-31 23:35:41,0.98,3,theoserieys
792,16566829,Mikey Marszewski,2026-07-25 05:59:48,0.98,2,mikeymarszewski
793,16493630,AI super coder,2026-07-12 07:12:10,0.98,6,aisupercoder
794,16691651,Abhiraj Singh,2026-08-16 00:17:02,0.98,3,cyberdrago
795,16428606,ダルシャン・キラリ,2026-07-26 06:17:34,0.98,1,darshankilari
796,15488816,Quadruped,2026-08-13 13:50:46,0.98,12,jaclyndeem
797,16286208,kutenk,2026-08-16 23:48:38,0.98,3,"guxianzhan,kalilon,kalonme,kutenk,meqikat"
798,16417375,Mogja J,2026-07-21 03:34:11,0.97,6,mogjaj
799,16348686,carpe diemviva,2026-07-15 06:36:41,0.97,10,carpediemviva
800,15503225,Luo,2026-07-06 09:19:44,0.97,13,chaoqiluo7
801,16700076,JOSHUA EDWIN JACOB V 24F,2026-08-14 13:50:26,0.97,3,joshuaedwinjacobv24f
802,15581107,AGI RL,2026-08-08 02:09:16,0.97,18,fondrose
803,15604096,Bazinga!,2026-07-11 18:29:56,0.97,17,"damndeepesh,swapisticated"
804,15515601,xsong2020,2026-07-18 21:58:23,0.96,6,xstargate
805,15486998,Will,2026-07-27 07:17:35,0.96,3,wguesdon
806,16466675,nmst,2026-08-14 23:40:22,0.96,8,nmstopen
807,16652540,Kreytorn,2026-08-06 00:32:30,0.96,4,kuzeytorlak
808,16327552,srgmsowmya,2026-07-09 04:55:14,0.96,12,srgmsowmya
809,15594996,Brothers of Creations,2026-07-21 20:34:19,0.96,2,rahulrathnavel
810,15990012,islet,2026-07-06 03:05:03,0.96,4,kojimar
811,15590844,ghatotkachh,2026-07-08 06:29:02,0.96,1,ghatotkachh
812,16543278,tim chen,2026-07-22 05:21:53,0.96,5,tim310579
813,16623594,alireza zarei,2026-08-08 21:20:30,0.96,3,arzarei
814,16742448,castermoanah,2026-08-19 10:51:30,0.96,1,castermoanah
815,16280739,Hafida Belayd,2026-08-14 10:08:11,0.95,5,hafidabelayd
816,15921900,Saúl Delgado ,2026-07-03 16:25:17,0.95,2,saul369delgado
817,16599829,venks,2026-07-26 01:05:30,0.95,1,vterli
818,15921682,Mathemortician,2026-08-08 22:32:19,0.95,8,mathemortician
819,15497542,Cosmin Budeanu,2026-08-29 21:44:06,0.95,14,cosmicbe
820,15491011,Smart Manoj,2026-07-04 05:59:47,0.95,8,smartmanoj
821,15494842,Aman Atar,2026-08-29 06:08:03,0.94,43,amanatar
822,15885954,Zhuravlev Viktor,2026-08-11 08:33:51,0.94,1,zhuravlevviktor
823,16256464,LosOrange,2026-07-21 02:33:35,0.94,1,losorange
824,16578102,三天,2026-08-12 01:18:30,0.94,2,gggggggxy
825,15487887,Mohammad Albaddawi,2026-07-01 11:31:35,0.94,2,m7mdalbaddawi
826,16730655,MrPro1357,2026-08-19 01:29:06,0.94,3,meghdesai03
827,15488032,MagicBeatMagic,2026-08-27 09:02:15,0.94,63,"del=3ef421aac96c6cd5,del=e7869adb695afcf7,jiahaohuang0711,zhengxuyu"
828,15553513,TaKi,2026-08-04 04:13:14,0.94,13,jinjieqiu
829,16673702,wasp01,2026-08-07 00:02:03,0.94,2,wasp01
830,16668219,MIKE DAN7,2026-08-29 01:16:44,0.94,5,mikedan7
831,15506671,Pilkwang Kim,2026-08-05 11:07:41,0.93,19,pilkwang
832,16593977,SYC,2026-07-29 05:25:50,0.93,2,yichengs
833,16727198,blurrylogic,2026-08-26 18:42:36,0.93,11,"jainam213,ningshanma"
834,16424695,준환,2026-07-20 06:05:18,0.93,5,paulguilbert
835,16661138,Demir Durbakayım,2026-08-23 14:08:00,0.93,2,sixcode
836,16594767,"HE, Jiayou",2026-07-27 05:30:18,0.93,2,hejiayou
837,15494444,Ifeoluwa Adewumi,2026-07-24 08:52:50,0.93,5,ifeadewumi
838,16585942,Vlad Kochetov,2026-07-25 16:58:29,0.93,1,vladkochetov07
839,16567569,t-enstar,2026-07-26 02:52:38,0.93,5,tstustatama
840,16603057,Jason Matthew Suhari,2026-07-27 08:43:21,0.92,2,jasonmatthewsuhari
841,15488731,Johnson Chishimba,2026-08-12 23:32:08,0.91,22,johnsonchishimba
842,16679257,Lamine Yamal,2026-08-06 22:26:05,0.91,1,ermanman
843,16517287,pAIoneers,2026-07-19 18:56:31,0.91,8,"jahansinghisdagoat,noahrauch"
844,15494921,Tagir Analyzes,2026-07-26 08:05:29,0.91,1,tagirkhairutdinov
845,16544283,Alison Moura,2026-07-20 11:15:02,0.91,3,mouraalison
846,15692916,Matthew Blake Ward,2026-08-30 01:01:30,0.91,42,matthewblakeward
847,16655146,Benjamin H Pepper,2026-08-15 17:19:41,0.91,1,bhpepper
848,15919665,Nam Nguyen,2026-07-08 20:19:42,0.91,32,namthanhnguyen2001
849,15556286,joaopedrotocantins,2026-07-24 00:06:15,0.91,5,joaopedrotocantins
850,16690379,NMZP,2026-08-23 05:43:52,0.90,3,numsap
851,16740682,whm8016,2026-08-28 00:01:34,0.90,6,whm8016
852,15532157,DanielGuy,2026-08-04 03:19:58,0.90,11,danielguy111
853,15518885,Pawan Rama Mali,2026-08-07 04:06:41,0.90,8,pawanmali
854,16484458,interneuron,2026-07-18 03:23:36,0.90,3,interneuron
855,16646937,shelbe41,2026-08-10 14:56:10,0.90,7,shelbe41
856,15789987,q zh,2026-07-02 08:53:34,0.89,11,hrbzhq
857,16633862,pushkin05,2026-08-01 01:01:12,0.89,1,pushkin05
858,16445972,DummyIndex,2026-07-23 21:48:51,0.89,10,dummyindex
859,16580350,Musa Tur Farazi,2026-07-21 13:00:43,0.89,1,musaturfarazi
860,16371120,sam,2026-07-30 03:21:31,0.89,4,samgreen2046
861,16549662,Mark Grayson,2026-07-15 11:53:27,0.89,1,flyingsinclair
862,15989721,nptd,2026-07-19 12:01:37,0.89,1,hitheone
863,16697910,Nolin Nguyen,2026-08-13 23:37:06,0.89,2,nolinnguyen
864,16452307,Dalton Omondi,2026-07-08 11:58:05,0.89,4,daltongabrielomondi
865,16719295,Phan Thanh Trung,2026-08-27 00:27:24,0.89,3,primeexcalibur
866,16047765,pensukesan,2026-07-29 23:30:15,0.89,12,pensukesan
867,15497364,Cuda Musume,2026-08-28 06:34:35,0.88,4,"chakrabhuanavdeva,gerryweber"
868,16711456,HarijsPoters,2026-08-12 16:30:59,0.88,1,harijspoters
869,15492017,Nabil Alagi,2026-07-01 03:00:57,0.88,33,nabilalagi
870,16086026,not-overfitting,2026-07-06 21:15:49,0.88,6,zidan2020
871,16135652,Izukia,2026-07-08 01:48:23,0.88,6,"accelra,izukia,tendenho"
872,16732495,Weisong Kuang,2026-08-19 02:31:55,0.88,2,weisongkuang
873,16370290,Rishav Utkarsh,2026-07-27 10:16:22,0.88,4,"nehak76044,rishavutkarsh"
874,16663762,🔥🦫📿🗽,2026-08-09 13:51:26,0.88,2,datafad
875,16560062,caspian,2026-07-21 06:21:02,0.88,5,haivan11
876,16535806,James Iffen,2026-08-18 15:33:57,0.88,1,jamesiffen
877,16486164,Siva Voleti,2026-07-10 19:10:15,0.88,1,sivavoleti
878,15554031,YOUSSOUF KAMAGATE,2026-08-06 23:46:05,0.87,1,youssoufkamagate
879,16603419,hh h,2026-07-27 01:48:21,0.87,1,hhhcqy
880,15504137,Tariku Mehdi,2026-08-13 03:03:39,0.87,6,tarikumehdi
881,16590347,G!vIOne,2026-07-24 18:46:46,0.87,2,gvione
882,16491432,ll,2026-07-06 23:21:18,0.87,1,sergeevii123
883,16492717,たかゆき,2026-07-08 00:07:30,0.87,3,takayuki0127
884,15553784,skjazz,2026-07-09 19:12:30,0.87,4,skjazz
885,16669635,Prajwal Rawoorkar,2026-08-28 19:55:56,0.87,10,"kunaltilaganji,prajwalrawoorkar"
886,16664378,Dimitri ZABRE,2026-08-05 11:25:42,0.87,1,dimitrizabre
887,15526403,BhargavaAbhi,2026-07-02 12:40:01,0.87,14,bhargavaabhi
888,16679298,Ozan AKMAN,2026-08-07 02:04:44,0.87,2,ozanakman
889,16388372,Nat,2026-07-17 04:19:50,0.86,15,natgurlain
890,16471727,FasterYouChase FasterIRun,2026-07-08 12:19:30,0.86,5,icoguser
891,15772533,⸻AgentZZ ⸻,2026-07-30 21:07:45,0.86,4,agentzz
892,16698118,Suman Nandamury,2026-08-28 00:10:07,0.86,19,nandamury
893,16629364,Aishik Rakshit,2026-08-12 19:58:05,0.86,2,aishikai
894,16328387,atila vahedian,2026-07-28 02:14:06,0.86,8,atilavahedian
895,16437247,Mimic Mohsin,2026-08-02 14:01:04,0.85,3,mimicmohsin
896,16670567,Suavemango,2026-08-17 01:01:51,0.85,4,suavemango
897,16611103,myab07,2026-07-30 14:25:21,0.85,1,myab07
898,16419023,Jacky Lin,2026-07-21 12:32:41,0.85,1,jackylin047
899,15510923,Ravi Ramakrishnan,2026-08-16 08:29:59,0.85,14,ravi20076
900,16551776,WUHAOZHE618,2026-08-22 00:00:50,0.85,4,wuhaozhe618
901,15526518,Andreas Bisiadis,2026-08-12 11:17:24,0.84,16,andreasbis
902,16535086,Hyunsik Park,2026-08-14 03:59:32,0.84,3,hyunsikpark
903,16499873,Harish K,2026-08-10 13:46:27,0.84,2,harishk2209
904,16658228,Deniz Mucur,2026-08-07 04:18:40,0.84,3,denizmucur
905,16652475,i efe Yeşildağ,2026-08-03 12:13:58,0.83,1,iefeyeilda
906,15833545,lp,2026-07-07 03:03:56,0.83,10,lihu6666
907,16759600,Rustam Bazarbayev,2026-08-22 17:06:08,0.83,1,rustambazarbayev
908,16431554,Pirate-Emperor,2026-07-05 17:23:37,0.83,2,piratekingrahul
909,16681401,Ada Sarp KIRIK,2026-08-07 04:57:55,0.83,1,adasarpkirik
910,16500424,bihrain,2026-07-16 17:42:00,0.83,3,bihrain
911,15660503,weiyang,2026-08-09 12:04:49,0.83,4,weiyangeliu
912,15513955,Light&Thunder,2026-07-16 07:41:01,0.83,3,yerne39
913,15490682,fenger001,2026-07-04 00:04:33,0.83,2,fenger001
914,16696612,Shishkov Vladislav,2026-08-11 08:01:16,0.82,2,timetoti
915,15996264,RameshG888,2026-07-24 18:17:30,0.82,18,ramesh888
916,16726847,Mina Gayid,2026-08-16 00:04:24,0.82,1,minagayid
917,15646085,ASGModels,2026-08-05 05:20:03,0.81,2,mkjhfghfgh
918,16543687,Coen Hewes,2026-08-02 05:32:23,0.81,3,coenhewes
919,16444749,Henry CKW,2026-08-02 01:02:43,0.80,12,kinwochan
920,16673306,Sarp Öztürk,2026-08-07 06:36:38,0.80,1,sarpztrk
921,16668629,Giwrgos Savvidhs,2026-08-05 15:29:17,0.80,1,gsavvidhs
922,16428454,letanhm,2026-07-10 06:40:18,0.80,6,letanhm
923,16679281,oguzaydin.72,2026-08-07 00:06:09,0.80,2,oguzaydin72
924,15488163,Berkay,2026-07-13 18:20:17,0.80,50,stormchaser
925,15487124,Anthony Nwafor,2026-07-08 22:46:56,0.80,3,anthonynnagbo
926,16693391,Jacob Davis,2026-08-30 04:05:02,0.79,22,jacobtdavis
927,16605252,borro1980,2026-07-30 22:54:45,0.79,1,borro1980
928,16673942,Seongsoo Park,2026-08-06 09:18:49,0.79,1,pssupkaggle
929,16722143,Devraj Singh,2026-08-18 08:42:05,0.79,4,devrajsinghk
930,16303618,Isaac Menard,2026-07-18 17:52:21,0.79,3,isaacmenard
931,15487089,Rafaël Labbé,2026-07-01 01:44:08,0.79,4,hashpanda
932,15494211,Zulqar,2026-08-06 12:54:22,0.78,1,johndoe2011
933,15488435,Artem Goncharov,2026-08-10 14:02:17,0.78,4,artemgoncarov
934,15545901,CHENGQI ZHENG,2026-08-17 12:13:32,0.78,10,chengqizheng
935,16632186,Chang Sue,2026-08-10 00:13:18,0.78,4,sc2005
936,16516797,Lea Longepierre,2026-08-03 18:03:56,0.78,2,lealongepierre
937,16651393,Doruk Kaan Kaptan,2026-08-07 07:04:40,0.77,1,dorukkaankaptan
938,15587430,Akira Hirohashi,2026-07-03 13:44:04,0.77,6,akirahirohashi
939,15562926,Oluyinka Oginni,2026-07-13 03:56:19,0.77,8,"datatemple,olugbemioginni"
940,16717315,Arda Ceylan,2026-08-14 11:13:39,0.77,1,ardacey
941,16696783,maximo lorenzo y losada,2026-08-13 01:42:30,0.76,1,maximolorenzoylosada
942,16487140,Huilei Wang,2026-07-04 18:22:50,0.76,1,gracewang011026
943,16762134,evazhan,2026-08-23 12:31:38,0.76,1,batcheval
944,16725521,Ding Ding,2026-08-18 06:41:17,0.76,4,ddddir
945,16552724,Jahan Kazimi,2026-07-23 11:37:32,0.76,2,jahankazimi
946,16620509,joequant3,2026-08-01 01:41:22,0.76,2,joequant3
947,16218547,Jiachen Li,2026-08-11 03:02:04,0.75,4,llccqq624
948,16566656,62326368,2026-07-19 01:35:59,0.75,1,mooniim
949,16740456,Tianyi HE,2026-08-28 06:42:23,0.75,7,uu1002
950,16661285,Basheer Marzoog,2026-08-04 19:22:04,0.75,1,basheermarzoog
951,16497948,Vaibhav Arduino,2026-07-07 06:25:54,0.75,1,vaibhavarduino
952,16710666,Pengyi Peng1,2026-08-17 13:12:07,0.74,4,pengyipeng1
953,16554652,Paweł Jankiewicz,2026-07-19 19:22:21,0.74,1,paweljankiewicz
954,15677791,Rayan Chakib Idris,2026-08-14 20:53:28,0.73,3,rayanchakibidris
955,16584442,juricek chen,2026-07-22 07:34:41,0.72,1,juricekchen
956,15917525,Chris Paul Walker,2026-07-11 03:37:17,0.72,28,chrispaulwalker
957,16486428,Matěj Kopecký,2026-07-04 18:01:49,0.72,1,matjkopeck
958,16269683,Mathieu W,2026-07-31 12:41:03,0.72,3,mathieuw
959,16494808,MiHu,2026-07-06 12:16:33,0.71,1,chenboluo
960,16021367,the last dance,2026-08-29 23:25:10,0.71,38,"dwellement0baser,fses91,gklambauer,lukasaichberger"
961,16575052,Кирилл Алешин,2026-07-20 19:33:54,0.70,1,kirneo
962,16132261,face-of-agi,2026-07-08 21:05:14,0.70,33,"cmechevalier,richardcsaky"
963,15620054,bueno,2026-08-01 14:42:50,0.70,8,"marynaborovska,yuriygreben"
964,16679963,uzair,2026-08-07 06:04:14,0.69,1,quantumcurator
965,16481141,Dajai Stewart,2026-08-09 06:15:55,0.69,2,dajaistewart
966,15660677,Udit Jain,2026-07-07 18:09:47,0.69,1,uditjain13
967,15707928,Michael Poluektov,2026-07-31 15:40:51,0.69,1,michaelpoluektov
968,15600061,adakoda,2026-08-01 00:38:22,0.69,51,adakoda
969,16454096,1tracksystem,2026-07-13 10:24:23,0.68,14,onetracksystem
970,15513545,Redfield Rentals,2026-04-17 04:11:30,0.68,20,niyatisingla
971,16723217,Jinx JK,2026-08-15 05:03:53,0.67,1,jinxjk
972,16292356,Scrattle,2026-08-29 23:15:45,0.67,37,scrattle
973,16323563,ym_xqm121,2026-07-18 12:28:33,0.67,4,ymxqm121
974,16599650,prvsiyan,2026-07-28 17:08:23,0.67,2,prvsiyan
975,16688319,kid william,2026-08-14 09:29:11,0.66,1,kidwilliam
976,15545043,Wild Star217,2026-08-17 15:20:37,0.66,35,wildstar217
977,16756315,Oleg Smirnov,2026-08-26 00:10:54,0.66,2,smirnolegov
978,16652771,EmirKaanozdemr,2026-08-06 20:55:08,0.65,3,emirkaanozdemr
979,16668517,Toprak Gundogdu #2,2026-08-07 00:13:14,0.65,3,toprakgundogdu123
980,16663634,Grayskull,2026-08-18 10:38:44,0.65,13,maciejbrzeski
981,15494399,SVG,2026-04-16 06:23:59,0.65,21,sandeepgoyal1980
982,15519082,Akmal Azzam o'g'li,2026-08-29 16:23:55,0.65,11,akmalmir
983,16705639,JungHwan,2026-08-13 00:12:01,0.65,3,najunghwan
984,15892305,moeuuu,2026-07-15 07:50:40,0.64,2,moeuuu
985,15495380,AnpAn_Men,2026-07-03 17:57:26,0.64,4,anpanmen
986,15504761,Matthew Philip Poetker,2026-06-30 12:28:06,0.64,19,mattpoetker
987,15513542,[a-z A-Z] [1-9],2026-04-16 06:23:27,0.63,19,sumanb1985
988,16475680,hydrogenbonds,2026-08-12 09:49:15,0.63,18,jeffreyntse
989,16462946,YouKnoWho,2026-07-11 10:39:50,0.63,4,darksoul026
990,16448505,Mando,2026-07-24 14:30:33,0.62,1,chesteryuan
991,16448608,goose goose duck,2026-07-03 14:12:23,0.62,5,"deniseguo,jiexusheng20bz"
992,16128418,woihexi,2026-07-05 17:48:44,0.62,1,"woihexi,xzw9178"
993,15513536,Kamado Tanjiro,2026-04-17 05:42:48,0.61,20,parthg0106
994,16612413,Mike Lee,2026-08-20 11:55:27,0.60,19,mikejlee
995,16500512,Joseph Adamski,2026-07-21 19:04:31,0.60,13,josephadamski91
996,16436012,yxy,2026-07-01 11:32:13,0.60,4,yingxuanyang
997,15513547,"Winner Winner, BBQ Dinner",2026-04-17 05:43:08,0.59,20,manavsingla2005
998,15568397,neeraj b,2026-04-17 05:17:58,0.59,11,neerajb2000
999,15486688,Thomas Yiu,2026-08-29 18:10:56,0.59,1,thomasyiu2
1000,15942555,Abraham,2026-07-14 22:23:11,0.59,17,abram007
1001,15513538,Dhanashree Chavan,2026-04-17 04:09:23,0.58,20,dhanashreechavan2000
1002,15531976,Sanjay Dutt,2026-04-16 06:23:47,0.58,16,sanjaygoyal1982
1003,16683236,engiemin,2026-08-07 08:11:13,0.57,1,engiemin
1004,16598196,Andrei Chulkov,2026-08-27 14:44:23,0.56,5,andreichulkov
1005,15486706,AGgIes,2026-07-12 02:49:59,0.56,4,"bhavyanukapotula,flash36,shahidaamirsheikh,spark8433"
1006,16458923,Tareq,2026-07-09 07:06:04,0.55,3,talkhaldi
1007,16416577,Chandu Lakkimsetti,2026-07-22 07:25:26,0.55,2,chandulakkimsetti
1008,16459523,hahastone,2026-07-02 20:41:04,0.54,3,hahastone
1009,16276663,Qiwei,2026-07-04 08:11:41,0.53,5,qiweiyin
1010,16387842,Ruxiao Qian,2026-07-31 14:12:17,0.53,7,ruxiaoqian
1011,15907021,Huangxin14,2026-07-17 02:46:17,0.52,4,huangxin14
1012,16402997,Vedant Gupta,2026-07-12 18:44:21,0.52,1,vedantgupta070
1013,15488639,[Deleted] 31dcedba-a700-4b00-9079-1d3195779db2,2026-06-10 09:01:08,0.51,66,del=795a5bc1dd2cd32b
1014,16466739,Zhecho Mitev,2026-07-01 14:21:35,0.51,1,zhechomitev
1015,15494057,Sergei Fironov,2026-04-03 10:51:19,0.50,5,sergeifironov
1016,16658256,Emrullah Söyler,2026-08-05 13:17:51,0.50,2,emrullahsyler
1017,16537624,Student,2026-07-20 17:23:23,0.50,3,jonahm
1018,16387036,Jens Lehmann,2026-08-23 20:02:37,0.50,12,jenslehmann
1019,15494779,accforantigravity1,2026-04-06 04:59:47,0.49,9,accforantigravity1
1020,16393597,Tahsin Arafat,2026-06-30 17:37:17,0.48,1,tahsinarafat
1021,16485287,Haily_mary,2026-07-05 15:25:24,0.48,2,hailymary
1022,15552958,최강 필립,2026-05-23 19:49:01,0.48,29,hakgyuhong
1023,15486661,theredbluepill,2026-06-21 15:18:26,0.47,67,"del=fccf4a7a35741c78,poonszesen"
1024,16348978,Son Tran,2026-07-12 09:12:04,0.47,9,s27813
1025,15940553,Quinn,2026-05-21 03:56:20,0.47,7,fooboy
1026,15513541,Pg0106,2026-04-03 05:21:56,0.46,6,pg0106
1027,15517097,IC2,2026-06-05 09:20:02,0.46,10,jonathanchan
1028,15531140,HongyuChen123321,2026-07-03 03:50:13,0.46,8,hongyuchen123321
1029,15500383,Sumit Pandey,2026-04-06 04:08:05,0.46,3,itsyoursumit
1030,16679156,Seniha Dal,2026-08-07 04:23:38,0.45,2,senihadal
1031,15659990,动物朋友,2026-04-26 13:25:50,0.45,3,"breadkaggle,chenyixu2004"
1032,16444733,Lamsiu,2026-07-01 00:23:28,0.45,2,samzliu
1033,15520587,Sweety Seelam,2026-08-03 20:29:07,0.44,65,sweetyseelam
1034,16424567,Samuel Xu,2026-07-14 17:39:42,0.44,15,samuelzxu
1035,16302564,Cameron Warrennn,2026-06-22 13:07:41,0.44,8,cameronwarrennn
1036,15513551,PAG0106,2026-04-03 05:22:52,0.44,6,pag0106
1037,15500528,Sonnia AI,2026-06-30 23:52:40,0.44,6,drozza
1038,16432576,Mario Gemoll,2026-07-03 20:26:55,0.43,8,mariogemoll
1039,16421960,Gopal Krishna Gundumalla,2026-07-25 15:25:20,0.43,13,gopalkrishnag
1040,15491953,Umer Haddii,2026-06-08 10:16:55,0.43,25,umerhaddii
1041,15540497,PyJa,2026-06-26 10:31:43,0.43,10,pixiux
1042,15635434,Gabriel Mirea,2026-06-30 10:15:17,0.42,10,gabrielmirea
1043,15731261,Genki,2026-07-01 02:22:21,0.42,30,genkiwatanabe
1044,15543640,李闯,2026-05-26 01:17:24,0.42,45,deyiao
1045,15564597,Bogdan Kovenko,2026-08-27 14:05:50,0.42,19,bogdan355
1046,15510096,Beyond Logic,2026-08-08 21:27:26,0.42,15,"beyondlogic,mazharie,turag10"
1047,16574175,Ohmikawa,2026-08-16 00:31:19,0.42,1,koheiomikawa
1048,15905450,Ngoc Nguyen Tuan,2026-07-05 05:23:57,0.42,18,ngocnguyentuan
1049,15509312,zorojuro,2026-06-30 08:15:22,0.42,58,vyankteshdwivedi
1050,16246061,Jingjing,2026-08-24 03:00:43,0.41,9,imppie
1051,16694368,easonyanyan,2026-08-30 00:37:53,0.41,9,easonyanyan
1052,15501006,Jan Disselhoff,2026-07-12 00:07:51,0.41,23,insanitycheck
1053,15495944,Chenyu Wang,2026-05-06 16:21:09,0.41,8,ataraxyyeah
1054,15494694,Makarr,2026-06-26 04:26:47,0.41,51,makarrogovik
1055,16298652,yuru1yang,2026-06-30 03:09:23,0.40,10,yuru1yang
1056,16024999,JiSung,2026-06-13 15:50:31,0.40,5,jisungreal
1057,16639352,John Artzi,2026-08-01 22:26:58,0.40,1,johnartzi
1058,16645880,HΣM ΔKΔRΔPU,2026-08-06 00:11:04,0.40,4,hemakarapu
1059,16023573,PRAVIN_SJCE,2026-06-07 16:50:20,0.40,6,pravinkannan18
1060,16431170,lxh unbound,2026-06-29 11:23:44,0.40,2,lxhunbound
1061,15511978,Adam Rudd,2026-08-29 14:01:16,0.39,133,rudddy
1062,15571729,omar zoloev,2026-06-03 21:06:27,0.39,44,tsebaka
1063,15522769,Anyang Su,2026-06-29 09:16:19,0.39,6,anyangsu
1064,16310005,Ehab Ibrahim Khalil Mohamed,2026-06-29 06:32:00,0.39,4,ehabkhalil0
1065,15742001,Kaustav Banerjee,2026-06-23 09:28:22,0.39,19,gitkaustav1996
1066,16377858,Prateik Sinha,2026-07-01 02:43:38,0.39,7,prateiksinha
1067,16286664,Ayodeji Akinola,2026-08-30 04:04:34,0.39,19,ayodejiakinola
1068,15518338,Eslam Elokpy,2026-05-05 19:12:00,0.39,7,eslamelokpy
1069,15643154,chrv,2026-08-29 07:21:02,0.38,6,chrv23
1070,15639195,Facundo Olcese,2026-07-13 18:39:51,0.38,23,facundoolcese
1071,15707799,Kun Zhang,2026-08-13 19:41:58,0.38,99,beicicc
1072,15486999,Kamal Das,2026-05-09 18:23:24,0.38,6,kmldas
1073,15490521,MUHAMMAD SAMEER TARIQ,2026-06-18 03:10:54,0.38,5,muhammadsameertariq
1074,15880404,Ahmad Fakhar,2026-06-16 08:30:59,0.38,1,ahmadfakhar
1075,15487029,vialactea,2026-05-30 12:04:51,0.38,39,vialactea
1076,15563995,Artem Nazemtsev,2026-05-03 14:16:07,0.37,3,artemnazemtsev
1077,15824014,KimMun,2026-07-10 15:02:09,0.37,22,munhyeong
1078,16100940,Pranesh,2026-07-03 02:25:38,0.37,24,praneshsaha
1079,15489635,aha_Yann Zhenxuan,2026-06-16 08:49:38,0.37,2,yannzhenxuan
1080,16259498,AlexJoseph12312,2026-06-19 10:43:59,0.37,6,alexjoseph12312
1081,15491441,Vitor Hugo Barbedo,2026-07-24 00:04:39,0.37,21,vitorhugobarbedo
1082,15914947,Sid_AI_Engineer,2026-05-20 03:35:59,0.36,1,sidaiengineer
1083,15504594,Hibachi Fried Rice,2026-05-09 05:56:54,0.36,18,samvalladares
1084,15788942,JustRadr,2026-05-02 09:48:47,0.36,2,justradr
1085,15579683,Elvis Bui,2026-05-05 19:23:28,0.36,16,elvisbui
1086,16110416,Artem Gorokhov,2026-06-30 19:00:05,0.36,1,ga5534
1087,15504828,Ryan Adams,2026-07-14 12:02:53,0.36,34,ryanadamsai
1088,15705374,rahul singh nsec,2026-06-10 04:07:05,0.36,17,rahulsinghnsec
1089,16441059,Rohit Kumar Sahoo,2026-06-29 18:32:32,0.36,1,rohit4118
1090,16095073,Gaurav Kushwaha,2026-06-30 06:47:51,0.36,3,fridaycode
1091,16311340,Tim Krige,2026-07-14 20:55:38,0.36,3,timkrige
1092,16087024,primal,2026-06-24 21:59:11,0.36,3,primalhost
1093,15496181,Rui Costa,2026-04-20 01:53:33,0.36,7,ruicos
1094,16594029,Martin Balla,2026-08-04 20:20:05,0.36,5,martinballa
1095,16556956,Stefan Reinmann,2026-07-21 08:43:53,0.36,2,stefanreinmann
1096,16594426,Aaryan Pawar,2026-08-24 16:26:53,0.36,12,aaryanpawar16
1097,15502834,LongHuL,2026-07-04 13:22:58,0.36,13,longhul
1098,16780579,bjstan Xiao,2026-08-29 00:31:31,0.35,2,bjstanxiao
1099,16429321,OctoByte,2026-06-28 17:49:14,0.35,4,octobyte
1100,15526661,Gena,2026-04-02 08:06:54,0.35,3,gdonchyts
1101,15620751,AnonymousTorchCat,2026-04-15 09:14:41,0.35,1,anonymoustorchcat
1102,15496986,Marek Nurzynski,2026-05-07 13:44:05,0.35,12,marek3000
1103,15495023,Heminator,2026-04-03 00:04:08,0.35,3,heminator
1104,15494449,Ahmed Wez,2026-05-05 10:58:59,0.35,19,ahmedwez
1105,16158545,yp011235,2026-07-28 21:54:11,0.35,18,yp011235
1106,15540981,Quintilis Academy,2026-08-30 02:30:42,0.35,61,"paulgrenci,quintilisacademy,sarthakpatnaik1998"
1107,15721993,naveen11@12,2026-05-14 08:27:34,0.35,15,naveen1112
1108,16161345,VibeMesh Labs,2026-07-17 17:45:15,0.35,23,toverly
1109,16730066,Emek Can Doğru,2026-08-30 00:06:15,0.35,11,emekcandoru
1110,15493035,NamVIDIA,2026-04-21 06:10:39,0.35,18,"alexsandaer,del=37a64735fd4afda1,kevinnqt,vanngothanh"
1111,15598296,Marek Wyborski,2026-04-21 11:12:51,0.34,3,marekwyborski
1112,16306699,shunsuke240117,2026-06-17 07:39:34,0.34,3,shunsuke240117
1113,15733920,S. Jason Prohaska,2026-07-30 07:51:37,0.34,46,sjasonprohaska
1114,15499056,David Martin,2026-07-16 15:54:03,0.34,20,databasecsv555
1115,15506165,Nine1Eight,2026-08-26 22:49:00,0.34,47,wethepeople918
1116,15518410,耶✌,2026-07-13 15:03:39,0.34,23,qifeihhh666
1117,15697214,L1a0JH,2026-07-06 07:37:16,0.34,2,coolkid14122
1118,15626455,Young,2026-05-06 02:53:55,0.34,15,christie
1119,15998500,Kazi Aishikuzzaman,2026-08-29 03:18:27,0.34,12,kaziaishikuzzaman
1120,16105765,ali.bhji,2026-07-05 02:02:54,0.34,2,alicomtec
1121,15605359,Dmitry Kozlov,2026-05-06 00:01:39,0.34,16,dkozlov
1122,15489507,Arnaldo Pereira,2026-06-16 00:12:54,0.34,2,arnaldoapp
1123,16042212,HARIDOSS24,2026-05-21 13:20:36,0.34,1,haridoss31
1124,16426329,Santiago Mota,2026-06-24 08:51:55,0.33,1,santiagomota
1125,15618765,zaka26019,2026-06-25 17:21:53,0.33,9,zaka26019
1126,15490455,MuChat007,2026-05-09 00:06:29,0.33,20,muchat007
1127,16362930,Hafiz Atif Ali,2026-06-28 01:32:11,0.33,2,dingolingo
1128,15490245,tdeshpan,2026-05-22 03:14:21,0.33,21,tdeshpan
1129,15740088,subbarao pothineni,2026-05-07 20:45:40,0.33,9,subbaraopothineni
1130,16250440,Neeraj,2026-06-13 11:43:34,0.33,8,nee404
1131,15529479,JarvisMaker,2026-04-08 07:07:08,0.33,4,piuati
1132,15632995,Cnueua,2026-04-16 17:50:42,0.33,1,cnueua
1133,15504124,UEFO-PRO,2026-04-02 15:22:47,0.33,3,adejumobidaniel
1134,15785736,Konstantin Kuzmichev,2026-04-29 19:12:15,0.33,1,konstantinkuzmichev
1135,16764521,JunWenZhu_1314,2026-08-25 17:05:24,0.33,1,junwenzhu1314
1136,15643108,shivansh patel4354,2026-07-03 22:39:38,0.33,13,"ishanbojja,shivanshpatel4354,vihaandashputre"
1137,15632280,zzllusa,2026-05-11 01:02:15,0.33,18,zzllusa
1138,16098518,Leifson1337,2026-07-08 16:07:43,0.33,18,leifson1337
1139,15534003,yukanglimofficial,2026-06-30 14:29:31,0.33,11,yukanglimofficial
1140,16603382,Carlos Ponce,2026-08-19 18:39:59,0.33,5,carlosoponce
1141,15748091,Karnakbayev Artur,2026-05-08 19:44:19,0.33,9,karnakbaevarthur
1142,15966733,Brain is all you need,2026-06-21 17:34:07,0.32,20,yaroslavkholmirzayev
1143,16292160,Nandakishor Convai,2026-06-26 05:01:39,0.32,15,nandakishorconvai
1144,16162778,Igor V,2026-08-30 05:49:09,0.32,4,rostigor
1145,16654262,Liesvy Valladares,2026-08-04 01:07:43,0.32,1,liesvyvalladares
1146,16253774,Søren Ravn Andersen,2026-06-27 07:14:33,0.32,18,sorenravn
1147,15552236,Adarsh,2026-06-29 10:34:45,0.32,5,adarsh2626
1148,15542241,"NICOLAS B. QUIROZ, MD",2026-04-30 18:52:03,0.32,12,quirozmd2010
1149,15488651,没落者,2026-06-02 01:07:50,0.32,40,needless090
1150,15486911,Dhavan Shah,2026-08-05 22:52:56,0.32,4,dhavanshah99
1151,15561509,RickyCOrozco,2026-04-21 02:01:49,0.32,6,rickycorozco
1152,15570121,Priyanshu Sharma,2026-04-07 09:31:00,0.32,1,priyanshujiiii
1153,15497526,shafiullah,2026-06-03 05:03:30,0.32,21,bigdataanalysis1
1154,15902343,Peter_P77,2026-05-11 01:50:11,0.32,4,peterp77
1155,15749242,ccccccy q,2026-05-07 12:40:33,0.32,3,ccccccyq
1156,16594301,ArnavGr0ver,2026-08-17 19:45:43,0.32,10,arnavgr0ver
1157,15830194,Mariglen Allushi,2026-05-06 06:36:12,0.32,4,gucci1337
1158,16026169,Tkhanna96,2026-06-11 23:21:54,0.32,14,tkhanna96
1159,16393169,Aditya Gupta,2026-06-23 11:20:31,0.32,1,shadowmonarc95
1160,15495155,Marco Ledda,2026-04-15 10:26:44,0.32,5,marcoledda29
1161,15771264,Manav Trivedi,2026-06-13 05:08:13,0.32,12,manavtrivedi
1162,16430313,Leszcz,2026-07-19 23:16:55,0.32,6,franciszekpiechocki
1163,15586866,AEONICAL LAB,2026-08-03 06:52:15,0.32,9,kudzaiking
1164,15491937,Imaad Mahmood,2026-05-16 17:11:54,0.32,23,imaadmahmood
1165,16299461,ksjksj,2026-07-02 13:39:45,0.32,4,ksjksj
1166,15494935,Mattpelor,2026-04-17 08:49:03,0.31,22,mattpelor
1167,16560494,victor,2026-08-07 03:01:34,0.31,11,vicmcorrea
1168,15733342,warriorjod,2026-06-29 05:19:00,0.31,7,warriorjod
1169,15624195,Zerabyte_X,2026-06-04 11:56:09,0.31,4,zerabytex
1170,16532032,Takao Morita,2026-08-17 05:49:13,0.31,20,takaomori
1171,16150014,Banwait_13,2026-08-15 10:07:50,0.31,11,banwait13
1172,15486743,Yash Marathe,2026-06-28 17:08:44,0.31,2,maratheyash
1173,15702803,Yiding Wang,2026-06-19 08:50:54,0.31,11,"jalenchang,yidingwangwill"
1174,15596779,Vandit,2026-06-16 08:09:02,0.31,43,vandittyagi0909
1175,16390772,Abid Ali Awan,2026-06-18 18:54:08,0.31,1,kingabzpro
1176,15533115,P3069,2026-04-01 19:23:16,0.31,1,pietrocol
1177,16269931,Trueis,2026-08-24 12:39:07,0.31,8,"trueis,vaibhavkovela"
1178,16371167,TG_Aetheryx,2026-07-11 00:59:51,0.31,24,subzerin
1179,15557566,Petitgen,2026-08-30 00:28:47,0.31,13,negtitep
1180,15858349,Leave Blank,2026-05-14 04:52:42,0.31,6,ai4funnwp
1181,15562202,Daris Dzakwan Hoesien,2026-04-06 02:41:49,0.31,1,darisdzakwanhoesien2
1182,15858927,Mehul Mathodia,2026-06-05 11:41:22,0.31,16,mehulmathodia
1183,15546253,Digitally Demented,2026-06-03 17:40:16,0.31,40,digitallydemented
1184,15883736,kusui26,2026-05-27 01:27:36,0.31,8,kusui26
1185,16082260,Saptak Banerjee,2026-05-26 10:48:40,0.31,1,saptakbanerjee123
1186,15488017,AMD,2026-05-06 14:56:50,0.31,10,amadesouki
1187,16153444,Jeffan Chen,2026-06-16 03:34:00,0.31,11,jeffanc
1188,15489579,Kiki,2026-06-04 11:30:12,0.31,4,rouiou
1189,15496864,Alper Ugurcan,2026-05-31 12:52:03,0.31,16,alperugurca
1190,16260267,blackseashark@gcvt,2026-08-24 07:20:35,0.31,10,"blackseasharkgcvt,morsmanipulus,shreyjauhari,sidheshmishra,trushti"
1191,15819155,yi-yang,2026-06-05 06:08:40,0.31,14,yihsiuyang
1192,16234131,Tyler Hughes,2026-08-29 17:41:03,0.31,65,tylerbrianhughes
1193,15511390,NinjaNick,2026-04-03 00:31:54,0.31,6,ninjanick
1194,16261636,dan 0438,2026-06-26 02:02:19,0.31,10,dan0438
1195,16678752,GB1105,2026-08-07 09:23:26,0.30,2,gb1105
1196,15561790,sillyveh,2026-04-20 12:17:26,0.30,7,sillyveh
1197,15503127,TARUN8808,2026-05-07 18:32:47,0.30,15,tarun8808
1198,16261586,ahmet akyurt,2026-06-30 08:01:47,0.30,16,ahmetakyurt
1199,16380819,jdysjg,2026-07-11 01:00:00,0.30,19,tgmath
1200,15506605,Troyxxf,2026-04-29 05:07:09,0.30,25,troyxxf
1201,15490684,Mansour A. S. Ataa,2026-08-28 02:15:37,0.30,15,profmansoor
1202,16254990,Peter Kim,2026-06-07 15:51:05,0.30,1,petekiam27
1203,15504827,Yeshua,2026-06-07 14:42:30,0.30,33,mosesjoshuacoker
1204,15557388,Ttkuma,2026-06-27 03:15:33,0.30,4,ttkuma
1205,16205244,HaochenShi,2026-07-04 02:44:17,0.30,3,haochenshi
1206,16778151,Tushar Sharma,2026-08-29 07:02:50,0.30,3,tusharhsharma
1207,15770611,Ayaka Kirima,2026-06-24 13:57:25,0.30,1,ayakakirima
1208,15508564,Marius Heuser,2026-06-30 20:36:28,0.30,44,mariusheuser
1209,15541601,Shhn,2026-04-04 00:19:56,0.30,3,shahinkh
1210,16701499,ZHUO ZIJIE,2026-08-18 00:00:48,0.30,5,zhuozijie
1211,15861414,Mario Santorelli,2026-05-10 00:20:07,0.30,5,mariosantorelli
1212,15502772,Ameya Tanikella,2026-04-18 15:02:10,0.30,1,axizcc
1213,16095139,Apex,2026-06-15 22:46:01,0.30,10,brendank1ng
1214,16059142,TheLightIs,2026-06-06 22:06:31,0.30,3,thelightis
1215,15601708,Liew Keong Han,2026-07-01 00:17:32,0.30,7,farmountain
1216,16534180,ShadowJutszu,2026-07-31 07:11:15,0.30,12,gshadow
1217,15495259,geolearnerr,2026-06-11 03:49:27,0.30,1,geokocha
1218,15865894,fengren,2026-05-06 02:20:22,0.30,2,fengrenyang
1219,15569757,Jules,2026-07-15 11:25:02,0.30,8,julesvanligtenberg
1220,15628830,Pz,2026-05-14 13:47:03,0.30,9,phillipvz
1221,15491130,christopher athans crow,2026-07-20 03:29:42,0.30,13,cchrisaa
1222,15509337,Daniel Cooper,2026-04-05 14:06:03,0.30,9,habrt03
1223,16530739,陈星余csu,2026-07-14 05:12:32,0.29,3,csucxy
1224,15549790,Md Feroz Ahmed,2026-04-03 17:56:59,0.29,1,mdferozahmedafm
1225,15552744,Gwho,2026-04-24 14:18:08,0.29,14,gwhoxd
1226,16438896,pilipala,2026-06-27 06:32:13,0.29,2,nianshi
1227,15607045,ChenZiang,2026-05-13 02:20:12,0.29,3,leoziangchen
1228,15488321,khalwaniev,2026-05-07 08:05:20,0.29,5,khalwaniev
1229,16191729,Pruden,2026-06-11 05:53:36,0.29,2,mohammedm0iz
1230,16685374,Tirenioluwa_K,2026-08-27 11:25:47,0.29,4,tirenioluwak
1231,16432466,ne Artem Savchenko,2026-06-29 08:05:25,0.29,3,neartemsavchenko
1232,15526600,iheb2023 ,2026-04-02 12:56:12,0.29,2,iheb2023
1233,16012003,AdamBelniak,2026-05-19 09:29:17,0.29,1,adamos581
1234,16785406,Danial Zakaria,2026-08-29 17:34:50,0.29,1,nartaa
1235,15486978,Lennart Haupts,2026-04-08 14:52:11,0.29,1,lennarthaupts
1236,15500416,Aditya Krishnan Mohan,2026-05-01 07:16:27,0.29,4,adityakrishnanmohan
1237,15582918,colt,2026-06-30 00:39:05,0.29,6,xiaomaguo
1238,16475988,Vishnu R Mohan,2026-07-20 03:50:39,0.29,12,vishnurmohan
1239,15548641,hiromi maeo,2026-05-08 09:31:57,0.29,34,hiromimaeo
1240,16541906,Kethan Sai,2026-08-29 07:55:13,0.29,6,kethansaikoneru
1241,15588843,Nilesh kumar yadav,2026-04-11 18:12:53,0.29,1,nileshyadavme
1242,15932748,Paulo Pinto,2026-05-14 13:09:43,0.29,1,paulorzp
1243,16017546,Shiva,2026-06-09 19:42:54,0.29,3,shivasai77
1244,15545902,bailh1,2026-04-03 10:05:26,0.29,1,bailh1
1245,16095200,Derek Earnhart,2026-08-30 00:04:10,0.29,9,derekearnhart
1246,15521649,Thangtm,2026-04-06 02:48:08,0.29,1,theaiboy
1247,16774176,Anay Garodia,2026-08-29 00:05:10,0.29,4,anaygarodia
1248,16262158,Shlok Sah,2026-07-04 00:20:01,0.29,9,shloksah
1249,16754235,AI Frontier,2026-08-30 01:54:41,0.29,5,spoortim
1250,15622692,Ralf,2026-06-08 07:33:50,0.29,22,ralfffhs
1251,16305354,dan0437,2026-06-30 05:44:41,0.29,8,nishitdashputre
1252,15622290,minghao mei,2026-04-16 05:36:00,0.29,2,minghaomei
1253,15558459,Chek,2026-06-16 02:48:06,0.29,23,"lnmson,mncuchiinhuttt"
1254,15815046,Panagiotis Katsakioris,2026-06-14 09:10:52,0.29,2,panagiotiskat
1255,16089303,13-Strings,2026-06-21 06:02:13,0.28,24,thirteenstrings
1256,16701377,Rafał Wiktorowicz,2026-08-25 19:11:38,0.28,15,"budzajantoni,rafawiktorowicz"
1257,16014477,Mandel,2026-06-05 12:46:46,0.28,5,mandelxu
1258,16724287,Shyshca,2026-08-27 07:53:58,0.28,7,shyshca
1259,15504932,Soymilk,2026-04-21 16:54:39,0.28,2,gap123
1260,15789748,oQoXOdK6,2026-04-30 03:34:38,0.28,1,oqoxodk6
1261,15584520,Nadine Squires,2026-04-15 11:11:56,0.28,7,nadinesquires
1262,15993194,Jonas von Kobylinski2,2026-06-23 01:03:19,0.28,4,jonasvonkobylinski2
1263,16278339,Kyriakos Tsourekas,2026-06-20 10:47:34,0.28,6,kyriakostsourekas
1264,16767988,pranjal99999,2026-08-25 05:47:00,0.28,2,pranjal99999
1265,15780213,Justin Arndt,2026-08-27 19:08:35,0.28,9,justinarndt
1266,15486959,The Loose Goose,2026-07-27 23:46:05,0.28,41,konradbhopenottaken
1267,15501420,SIVA S,2026-08-30 06:41:22,0.28,153,codingmaster24
1268,15497723,[Deleted] 5dfc4429-6f3c-47d1-ba2d-0ac9055a8eaa,2026-04-22 05:12:50,0.28,18,josefedwards
1269,15575054,yuri-ao,2026-05-20 04:02:44,0.28,8,yuriao
1270,16371227,Anand Kumar,2026-07-06 04:48:05,0.28,5,anandkg22
1271,16001833,Yield Smarter,2026-06-10 14:24:49,0.28,5,yieldsmarter
1272,16266590,liuweiqing147,2026-06-26 01:40:56,0.28,11,liuweiq
1273,16779319,Ari Nakos,2026-08-29 18:04:31,0.28,3,aristides
1274,16248093,EddieSong08,2026-06-21 06:39:27,0.28,6,eddiesong08
1275,15703826,shwesh,2026-04-28 04:08:30,0.28,3,shwesh
1276,16721325,Limidet Pro,2026-08-21 18:37:50,0.28,3,limidetpro
1277,15507995,Manish Swami,2026-04-06 15:43:45,0.28,4,manish756
1278,15487588,Benjamin Storck,2026-04-21 07:31:12,0.28,12,benjaminstorck
1279,16298976,AnSuSu,2026-06-25 20:25:36,0.28,3,asusu
1280,15623247,Kujaomega,2026-04-15 16:25:26,0.28,1,kujaomega
1281,15821468,royvivasi,2026-05-07 20:27:51,0.28,5,royvivasi
1282,16426243,tsdocode,2026-06-29 05:37:56,0.28,6,tsdocode
1283,16733268,Prometheus,2026-08-24 00:43:17,0.28,5,luisignaciomoreno
1284,15917281,Ansel,2026-05-17 02:58:38,0.28,6,sitaochou
1285,16715087,Karl Ambrosius 2020,2026-08-21 00:18:26,0.28,8,karlambrosius2020
1286,15525116,Jack,2026-04-10 21:24:23,0.28,5,jackvd
1287,16674916,مشعل العتيبي,2026-08-22 19:16:56,0.28,9,vexsz71
1288,16600353,Tom Yim,2026-08-10 04:12:10,0.28,2,tomyim
1289,15931624,Jaksen,2026-05-29 19:51:39,0.28,12,jaksencharles
1290,15493869,Anh Khoa Đoàn Nguyễn,2026-06-30 05:19:32,0.27,40,anhkhoaonnguyn
1291,16573365,Vadim Soin,2026-08-09 04:19:25,0.27,5,vvsoin
1292,15785849,ARC 3,2026-05-13 03:50:53,0.27,7,pinkrahnanaofosuhene
1293,15553625,schanitater,2026-04-09 08:14:00,0.27,2,schanitater
1294,16549764,undergrad is all you need,2026-08-25 07:12:27,0.27,2,hidude562
1295,16053147,Zie Chan,2026-06-25 07:32:05,0.27,1,ziechan
1296,16097064,PYK0409,2026-07-06 09:49:56,0.27,10,pyk0409
1297,15573480,Carlos Henrique C. Matos,2026-04-08 12:43:56,0.27,2,carlosmatos97
1298,16030817,medkhalil hawachi,2026-07-01 13:19:55,0.27,6,medkhalilhawachi
1299,16057217,Zhou Canyu,2026-07-01 04:03:57,0.27,26,zhoucanyu
1300,15785832,Benjamin Woodson,2026-04-29 19:38:25,0.27,1,benjaminwoodson
1301,15488011,dataWr3cker,2026-04-07 12:40:29,0.27,11,gourabr0y555
1302,16317238,Nandakishor,2026-06-27 10:16:36,0.27,1,nandukuttan
1303,15559270,ommo007,2026-04-13 07:06:51,0.27,6,ommo0047
1304,16275076,Gloria_Leille,2026-06-12 04:37:24,0.27,4,mathemagicianbb
1305,15549819,kawaii,2026-04-15 07:55:46,0.27,4,vrshyamsunder
1306,16320397,Demirhan1,2026-08-10 01:06:24,0.27,10,demirhan1
1307,16209449,Ajay_Rao_43,2026-06-28 07:59:21,0.27,2,ajayrao43
1308,15657107,Inexperienced Me,2026-07-31 08:58:04,0.27,10,inexperiencedme
1309,15495088,Albert Wang,2026-06-26 22:24:47,0.27,3,mianwang1024
1310,15522913,[Deleted] 7ce58550-6ceb-4cf7-a465-8262efdf1126,2026-04-08 06:55:01,0.27,2,del=98bb24a0882b539e
1311,15629139,vishnuvardhan33,2026-04-16 09:47:01,0.27,1,vishnuvardhan33
1312,15904528,Jihang Li,2026-05-15 00:00:58,0.27,7,jihangli1121
1313,15493240,Abdul wahab Khan,2026-04-06 07:55:22,0.27,3,abdulwahab2321
1314,15554292,Yang Lv,2026-04-06 03:52:34,0.27,2,lvyang199888
1315,15493727,Taurowl,2026-06-16 07:48:19,0.27,2,lnminh
1316,16535729,Soft,2026-08-27 18:06:08,0.27,14,fabienwaitzenegger
1317,15607879,Gijs Schenk,2026-07-07 00:03:25,0.27,18,gijsschenk
1318,15616560,Raja T,2026-06-15 14:39:13,0.27,3,rajathiagaraj
1319,15582875,stunningvn,2026-04-23 03:06:15,0.27,13,dedquoc
1320,15909953,Quang Anh Đặng,2026-06-24 07:14:14,0.27,1,quanganh27th
1321,15487443,Ravi Annaswamy,2026-04-27 00:48:07,0.27,9,raviannaswamy
1322,15676875,TmDofi,2026-06-27 18:38:01,0.27,2,tmdofi
1323,15533773,Bo Peng,2026-04-09 13:01:48,0.27,4,bopengiowa
1324,15645555,Luke Stafford,2026-05-02 15:11:19,0.27,13,luketstafford
1325,15785836,Joycelyn Adjekum,2026-04-30 00:06:58,0.27,2,adjekumjoycelyn
1326,16510962,Adrien Thomas,2026-08-30 05:53:53,0.27,18,adrienthomas
1327,16018267,NotWhatYouThink,2026-06-05 07:55:13,0.27,12,notwhatyouthink
1328,15633641,Froggy McFrogson,2026-07-03 03:27:36,0.27,14,aidetective
1329,16315646,Shrike,2026-06-30 14:41:11,0.27,3,h0zier
1330,15499385,Scenery SunFireInk,2026-05-23 12:37:52,0.27,10,scenerysunfireink
1331,16750349,Bader alotaibi -,2026-08-29 02:20:43,0.27,10,baderalotaibi11
1332,15734440,Teitlax,2026-05-06 15:05:11,0.27,10,teitlax
1333,16403751,Md. Faisal Sheikh,2026-07-02 19:50:01,0.27,1,mdfaisalsheikh
1334,15584321,Nikolay Bogatikov,2026-05-07 04:34:25,0.27,16,nikbgv
1335,15650626,sidney niu,2026-06-25 13:34:55,0.27,12,sidneyniu
1336,15504646,claudius codexius 🐾,2026-06-27 05:21:55,0.27,30,lucyellu
1337,16733480,cogitAI,2026-08-26 00:03:27,0.27,4,jefersoncollutte
1338,15604365,derealt,2026-04-12 21:40:17,0.26,1,derealt
1339,15592269,sun xiaotang,2026-05-05 07:43:13,0.26,5,sunxiaotang
1340,15495734,dia,2026-04-15 05:14:30,0.26,4,adkasd
1341,16302886,Samuel Bartlett,2026-06-17 08:31:59,0.26,1,samuelbartlett1
1342,16019513,rivzzzzz,2026-05-26 08:10:23,0.26,7,rivuletnriver
1343,15538144,Dhruv Bansal,2026-04-06 22:02:46,0.26,1,dhruvb2028
1344,15846957,JISHNU CHAUHAN,2026-05-05 18:35:13,0.26,2,jishnuchauhan1
1345,15499301,SANNNNN,2026-04-11 18:48:06,0.26,5,zuhairsan
1346,16701218,huang shiyao 111,2026-08-30 00:10:05,0.26,16,huangshiyao111
1347,15487910,Ova,2026-03-29 13:33:43,0.26,1,overvalueawareness
1348,15584272,rndmprsn7,2026-05-08 12:31:20,0.26,6,rndmprsn7
1349,15487988,Jason Yoon,2026-04-05 02:22:01,0.26,8,jasongyoon
1350,15585956,Jason-Oh,2026-08-11 00:57:46,0.26,4,dossantoss
1351,15493499,Thomas Ferraz,2026-07-01 19:10:33,0.26,4,thomasferraz
1352,15527662,JinchengZhang1,2026-04-16 06:06:54,0.26,2,jinchengzhang1
1353,16762175,Дворкин Евгений Владимирович,2026-08-27 15:53:20,0.26,2,evgendvorkin
1354,15499396,everythingisnew,2026-04-05 07:54:09,0.26,2,everythingisnew
1355,15758349,Yuke_jpn,2026-06-02 04:26:38,0.26,2,yukejpn
1356,15975675,bbarclay6,2026-07-07 13:04:44,0.26,7,bbarclay6
1357,16609684,Mary Dun,2026-08-16 21:08:02,0.26,9,mukdal
1358,15526849,SkittlesGod,2026-05-07 01:38:17,0.26,5,svanikkolli
1359,15991890,sakshigoswami335,2026-06-11 06:02:37,0.26,7,sakshigoswami335
1360,16369299,Furina,2026-06-29 05:48:12,0.26,1,dfgtde
1361,15834133,Amrita_Singh1011,2026-05-09 03:20:12,0.26,7,amritasingh1011
1362,16599278,Chandram Dutta,2026-08-17 17:31:51,0.26,3,chandramdutta
1363,15989051,Ömer,2026-06-07 12:44:06,0.26,5,otaskaya
1364,16238028,_imerdell,2026-06-08 12:29:44,0.26,2,imderdell
1365,15560998,Reza Azami,2026-04-05 19:35:43,0.26,1,rezaazami
1366,16253766,@s3werst,2026-06-06 19:11:47,0.26,1,mellamoa
1367,16144889,Aleksandr Nikolich,2026-06-13 00:19:11,0.26,12,alexwortega
1368,15603524,Shamim Kabir Kazim,2026-04-23 12:10:37,0.26,5,shamimkabirkazim
1369,15567100,Yash Rathod,2026-08-12 16:37:48,0.26,5,yash02102
1370,15573272,Engram,2026-05-02 00:01:12,0.26,18,engram
1371,16444395,Saumya Jagishbhai Shah,2026-06-28 17:56:27,0.26,2,saumyajagishbhaishah
1372,16702239,Kensei Furuya,2026-08-16 13:10:17,0.26,3,furuken0527
1373,16717944,rayofc,2026-08-29 09:12:41,0.26,8,rayofc
1374,15991895,Terry,2026-06-30 08:21:10,0.26,13,terrywongvip
1375,15634401,IAI,2026-04-30 16:14:29,0.26,3,fuyu1304
1376,16593937,Adaption State,2026-07-06 13:59:55,0.25,12,"aurorcys,micmlmodels"
1377,16417738,cwdcca,2026-06-24 00:46:42,0.25,2,cwdcca
1378,16530489,Yaroslav Hryhorenko,2026-08-07 10:37:13,0.25,10,yaroslavhryhorenko13
1379,15489992,songling,2026-06-02 04:36:38,0.25,4,"lvbingrong,miguelhu,oralia"
1380,16151241,Ivan Tretyakov,2026-06-02 01:46:33,0.25,1,hopeofchange
1381,15488208,BROSKI,2026-04-01 13:17:34,0.25,2,nacefmbarek
1382,16758783,zjukop1,2026-08-25 01:18:10,0.25,2,zjukop1
0,15485224,Stochastic Goose,2026-03-25 00:34:10,0.25,1,
1383,16745114,Viktor Korsun,2026-08-30 00:06:06,0.25,9,viktorkorsun
1384,16301639,killf,2026-06-12 05:32:44,0.25,1,killf2019
1385,16300712,Krishna Harish,2026-06-16 09:15:14,0.25,1,krishnaharish
1386,15503925,Leandro,2026-04-30 12:21:24,0.25,22,leandro357
1387,16432610,Qubic Nxon Vivancos & Sanchez,2026-08-29 06:11:02,0.25,62,davidvivancos
1388,16755194,Shubham Tibrewal,2026-08-28 07:28:47,0.25,3,researchai2026
1389,15988957,wd13ca,2026-06-22 01:44:26,0.25,12,wd13ca
1390,16743796,ROHAN Exploit,2026-08-27 08:11:06,0.25,8,rohanexploit
1391,16200283,Gowri G,2026-06-25 05:46:52,0.25,2,sarg99
1392,15501430,kcy4,2026-04-22 07:57:17,0.25,5,cy4ego
1393,15660900,Hammad Farooq,2026-06-04 02:00:35,0.25,5,hammadfarooq470
1394,15646919,MASAAKI HAYASHI,2026-04-30 10:17:33,0.25,4,masaakihayashi
1395,16580779,Darkhan Nurakhmetov,2026-07-30 04:13:24,0.25,9,hoogleraar
1396,15879901,Ruby Nguyen,2026-05-07 23:00:24,0.25,2,nguyenthianhngoc
1397,16617725,Y10x17,2026-07-31 14:48:01,0.25,2,y10x17
1398,15493721,Zejun_,2026-04-13 10:28:44,0.25,7,zejunfool
1399,15615868,Parsa,2026-06-15 09:26:00,0.25,6,parsahriri
1400,15940415,ganapathi ekambaram,2026-07-13 02:01:28,0.25,11,vivekgana
1401,15576315,IGpig1226,2026-06-16 12:28:20,0.25,5,"igpig1226,quanruili"
1402,15516474,Esabelle Chen,2026-04-05 07:12:47,0.25,5,esabellechen
1403,15493522,Suneet Saini,2026-05-24 20:49:40,0.25,5,suneetsaini
1404,15750948,Suprivi,2026-04-27 15:13:05,0.25,1,suprivi
1405,15516659,john,2026-06-01 10:49:43,0.25,13,jaejohn
1406,15557086,Guus Bouwens,2026-04-05 04:17:51,0.25,1,guusbouwens
1407,16237585,humble_some1,2026-06-06 18:25:48,0.25,2,some123e23
1408,15586166,hiroto funasaki,2026-05-19 22:45:53,0.25,40,hirotofunasaki
1409,15631567,Hiryu,2026-06-17 04:12:21,0.25,2,kusurizuke
1410,16340437,Pilferer,2026-07-04 09:41:16,0.25,4,pilferer
1411,15584000,Muhammad Firdaus,2026-04-24 01:35:30,0.25,4,ldausl
1412,16540105,Fourteeny,2026-08-29 09:38:31,0.25,14,fourteeny
1413,15495756,Corentin Lespagnol,2026-04-20 14:07:38,0.25,3,lespagnolcorentin
1414,16410979,Zoooom,2026-07-15 08:08:45,0.25,12,zoooom
1415,15556399,Eric Stone,2026-04-26 21:59:37,0.25,11,ericstone92
1416,16213488,Laljith Legend,2026-06-08 03:13:23,0.25,3,laljithlegend
1417,15493283,Falling Entropy,2026-05-16 06:32:03,0.25,1,jasongsloan
1418,16012288,lee,2026-07-08 06:16:00,0.25,14,kannanlee
1419,15803277,Md Mahfuz Sumon,2026-05-01 14:09:12,0.24,2,mdmahfuzsumon
1420,15670669,Rohanrk1813,2026-04-25 09:29:14,0.24,1,rohanrk1813
1421,16444046,ChaiHuacan,2026-07-01 10:51:25,0.24,4,chaihuacan
1422,15486758,Chen,2026-06-17 23:59:54,0.24,11,chenku
1423,15499412,JRSSKumarD,2026-06-05 14:34:32,0.24,4,jrsskumard
1424,16194970,Hanif Noer Rofiq,2026-06-03 11:07:21,0.24,1,hanifnoerrofiq
1425,15875904,CODE AZE,2026-05-31 08:19:25,0.24,5,codeaze
1426,16384033,UnknownNull,2026-06-24 05:20:24,0.24,7,unknownnull
1427,15516538,GarlicToday,2026-04-02 06:25:17,0.24,4,garlictoday
1428,15610405,Victor Merckle,2026-04-22 06:59:22,0.24,6,vmerckle
1429,15585110,niub_hihi,2026-04-09 16:18:45,0.24,1,niubhaihai
1430,16039638,Nithin Nivhar,2026-05-23 07:16:32,0.24,2,nithinnivhar
1431,15487794,janeodum,2026-04-03 17:16:05,0.24,6,janeodum
1432,16406609,Prabhjot Singh,2026-06-29 14:14:42,0.24,3,issajatt
1433,15743130,senileFelines,2026-04-26 11:16:49,0.24,1,digantabhattacharya
1434,16157287,mywind,2026-06-02 11:12:40,0.24,1,mywind
1435,16760421,Jason Liu,2026-08-24 04:15:54,0.24,2,jasonliuyiming
1436,15569794,AMATEUR,2026-04-10 08:02:30,0.24,2,lxx0114
1437,15517687,bouganvillea,2026-04-05 10:09:54,0.24,1,bouganvillea
1438,15745821,II,2026-05-22 05:10:18,0.24,20,kravets
1439,15496330,Amin Haidar,2026-06-04 16:48:49,0.24,14,aminhaidar
1440,16612534,Ayaz Ahmed Kazi,2026-08-30 08:55:35,0.24,1,ayazahmedkazi
1441,15621355,Hong Dae Kim,2026-07-18 07:55:28,0.24,13,hongdaekim
1442,15529411,mt,2026-07-30 12:37:43,0.24,1,mtanakaslgfreak
1443,15800355,betterme12345,2026-05-19 14:19:25,0.24,2,betterme12345
1444,16610821,Shashwat Bajpai,2026-08-24 05:52:05,0.24,18,shashwat1729
1445,16743039,Leo Vesin,2026-08-23 15:24:09,0.24,4,leovesin
1446,15668277,Saad Sharif Ahmed,2026-04-23 00:44:53,0.24,3,zeon01
1447,15612479,capyun007,2026-04-14 03:06:00,0.24,1,capyun007
1448,15693630,lon guo,2026-05-06 01:50:10,0.24,2,longuo
1449,16418442,SK,2026-07-04 03:06:14,0.24,6,sheronkoshy
1450,16532564,Chris Eldho Varghese,2026-07-11 19:54:43,0.24,1,chriseldhovarghese
1451,15655305,Fernandosr85,2026-05-21 03:38:18,0.24,8,fernandosr85
1452,16004449,Justin Tang,2026-05-17 16:50:37,0.24,1,justin2009
1453,16277739,Harshit Shakya,2026-06-17 10:33:06,0.24,8,harsh707
1454,15493639,Ivan Zdravkov,2026-04-25 05:15:42,0.24,7,ivanzdravkov
1455,16561363,Seanwang,2026-07-27 21:21:27,0.24,4,seanwang0215
1456,15501113,DAYDREAMER,2026-06-23 04:40:44,0.24,6,annsnow
1457,15566563,Asan Ashirov,2026-06-03 05:12:40,0.24,2,asanashirov
1458,15812290,がっちむち♂,2026-08-03 07:58:07,0.24,3,tecchannn
1459,16049416,rahul ji indian,2026-07-18 05:55:44,0.24,3,rahuljiindian
1460,15773862,Mayank Bhaskar,2026-05-22 16:04:03,0.24,15,cataluna84
1461,15565341,Brad7161,2026-04-17 04:19:38,0.24,3,brad7161
1462,15651728,Stella Nova,2026-04-19 14:54:05,0.24,1,ponlawatk
1463,16306541,1J SHEN,2026-06-20 07:03:04,0.24,8,yijieshen123
1464,15859241,Randomhandsomeguy,2026-05-08 22:25:57,0.23,1,rayyen216
1465,15517983,Zack Hlongwane,2026-08-09 00:01:37,0.23,4,zackhlongwane
1466,15656668,Putra Pribowo,2026-06-03 02:42:07,0.23,28,putrapribowo
1467,15569310,titanascended,2026-06-24 15:04:50,0.23,4,itsyuvrajsharma
1468,16402409,SingularityML,2026-08-30 00:07:57,0.23,28,dnaftalovich
1469,15487431,epigene,2026-04-20 17:00:25,0.23,4,nadhu59648
1470,15511692,Riku,2026-04-02 00:07:08,0.23,4,riku443
1471,16539872,RiBenWanDuZi,2026-08-02 11:39:02,0.23,2,ribenwanduzi
1472,15489085,Rithvik Redrouthu,2026-06-18 00:12:48,0.23,6,rithvikredrouthu
1473,15860627,Yassir Acharki,2026-06-11 14:42:54,0.23,4,yacharki
1474,15519725,RJThompson,2026-06-06 00:18:25,0.23,8,rjthompson
1475,15490758,Jean-Louis Roy,2026-04-13 00:30:16,0.23,8,jeanjean111
1476,15909598,Matianyuu,2026-05-09 11:38:11,0.23,1,matianyuu
1477,15513766,Arnav Ashank,2026-04-11 22:43:56,0.23,1,ashank19
1478,16497884,KevinST,2026-07-13 00:06:13,0.23,2,keisukesaito
1479,16339698,Alexey Samosadov,2026-06-24 14:48:06,0.23,5,alexeysamosadov
1480,15550219,Kanishk Paul,2026-08-28 02:14:26,0.23,6,kanishkpaul
1481,15500702,Yuxuan-Wang,2026-04-14 12:26:23,0.23,4,linkinin
1482,16559294,Curious_Crumb,2026-08-17 20:35:45,0.23,15,nouryassir101
1483,15498454,Auravana,2026-04-25 03:09:29,0.23,22,fountainheadle
1484,15551895,Fabian Henning,2026-06-15 09:17:32,0.23,1,crustacean
1485,15510267,zacsho,2026-03-31 05:43:59,0.23,2,zacsho
1486,15738224,kokinnwakashuu,2026-06-22 10:33:55,0.23,5,kokinnwakashuu
1487,16706947,Antonio,2026-08-16 12:34:41,0.23,4,heyang993
1488,15580888,yiheagicom,2026-07-08 07:43:30,0.23,46,yiheagicom
1489,15756664,Chase Bonfiglio,2026-06-20 21:48:15,0.23,27,chasebonfiglio
1490,16230355,secret_society,2026-06-29 20:17:17,0.23,6,"abusafwanmdfarhan,iftekharmohammed,kmmehrabhossain,zihadulislamtasin"
1491,15924651,Minh Ky,2026-06-05 07:49:16,0.23,5,phamminhky
1492,15865282,[Deleted] 382a8fa2-3d67-4ed9-9dc8-6f828d5e8ded,2026-07-02 05:14:27,0.23,19,del=d11a993744c492c4
1493,16003022,Vengeful,2026-07-23 19:42:05,0.23,49,vengeful
1494,15532771,Yousef Turk,2026-07-09 13:34:07,0.23,2,yousefturk
1495,16392203,Samuel Lippert,2026-06-30 23:59:16,0.23,3,samuellippert
1496,16712466,A.P.R.I.L,2026-08-15 03:15:16,0.23,4,puneeth333
1497,15502192,Santhana,2026-08-27 09:54:21,0.23,11,santhanalekshmic
1498,15583795,imranyaishaik,2026-04-10 05:05:29,0.23,2,imranyaishaik
1499,15602587,Martin Mbalkam,2026-05-31 13:53:07,0.23,3,martinmbalkam
1500,15631257,K.THARUN KUMAR,2026-08-30 00:05:47,0.23,14,tharunkumar369
1501,15489961,Chirapathleo Saelim,2026-05-17 10:20:57,0.23,8,chirapathleosaelim
1502,15537216,[Novosibirsk] Nikita Kuznetsov,2026-04-26 12:30:06,0.23,3,nikitakuznetsof
1503,16329511,xinhao642,2026-06-22 18:29:02,0.23,5,xinhao642
1504,15775532,insuperabilehart,2026-05-08 19:48:58,0.23,2,insuperabile
1505,15756739,Ajay Caxzen,2026-04-27 22:19:13,0.23,1,caxzen
1506,16415999,Harsh Yadav,2026-07-18 10:02:52,0.23,5,swiftcoderharsh
1507,16614304,Brent,2026-08-04 03:29:41,0.23,7,brentwoodard
1508,15625936,nendo0325,2026-04-16 02:13:45,0.23,1,nendo0325
1509,16654483,Anirudh Negi,2026-08-17 15:11:54,0.23,7,anirudhnegi24
1510,15947042,skyhuang233,2026-05-16 10:19:03,0.23,4,skyhuang233
1511,15868357,Youssef Yacoup,2026-05-19 15:00:40,0.23,3,youssefyacoup
1512,16097946,harmo-miu,2026-05-29 03:18:16,0.23,2,harmomiu
1513,15512325,Vivswan,2026-05-18 00:06:00,0.23,23,vivs2904
1514,15514585,Cade Hall,2026-04-07 11:29:16,0.23,5,cadehall
1515,15486656,Isaiah Nwukor,2026-07-10 02:14:25,0.22,66,thezetaproject
1516,15520730,Saeyohn,2026-07-10 00:07:53,0.22,10,mahendransaeyohnn
1517,16298352,Martin Kolar #2,2026-07-02 21:14:43,0.22,9,pi2caefeithoh0ciephe
1518,16692578,Rohit Bhar,2026-08-21 00:06:23,0.22,6,rohitbhart
1519,15493216,Don,2026-06-29 09:32:43,0.22,12,edonisraci
1520,16146361,Vladislav Miheev,2026-06-09 21:50:48,0.22,5,vladislavmiheev
1521,16312641,Michal Z Gow,2026-06-30 07:21:34,0.22,7,michalzgow
1522,15939706,sladwet,2026-05-16 12:24:29,0.22,5,sladwet
1523,16199408,Bhargav .T,2026-07-01 02:42:30,0.22,13,kotabhargavt
1524,16537516,Sunny Kumar,2026-08-26 15:46:17,0.22,11,sunnykumar6203
1525,15985475,z84415624,2026-06-30 16:00:30,0.22,5,z84415624
1526,16468545,Yo,2026-07-04 00:07:02,0.22,4,goyeahia
1527,15987797,JowinJ3,2026-08-19 20:54:28,0.22,2,jowinj3
1528,15491887,Uday Bhatia,2026-05-12 15:36:01,0.22,2,udaybhatia
1529,16304922,MattOwen42,2026-06-30 17:42:36,0.22,4,mattowen42
1530,15487233,Андрей Ганин,2026-06-29 14:37:10,0.22,4,qwertyyyy769492
1531,15487998,TriviaTroy,2026-05-16 22:48:51,0.22,7,troyjfields
1532,15486898,THUNDER THUNDER,2026-04-05 06:05:34,0.22,1,thunderthunder
1533,15495425,Ra'uf Fauzan Rambe,2026-05-28 03:03:55,0.22,5,rauffauzanrambe
1534,16605331,Pedro Lirón de Robles,2026-07-29 11:25:51,0.22,2,pedrolirnderobles
1535,16703900,玉田リサーチ,2026-08-30 03:03:24,0.22,3,tamadaresearch
1536,15493311,Shun_PI,2026-04-16 05:58:54,0.22,3,shunrcn
1537,15523710,Ayan Bashir Sheikh,2026-04-20 13:02:17,0.22,7,ayanbashirsheikh
1538,16473675,Samuel David Egwu,2026-07-29 16:28:48,0.22,2,samuelegwu
1539,16283369,wentixiaogege,2026-06-12 01:56:54,0.22,3,wentixiaogege
1540,15569188,xianxu qiu,2026-06-16 08:53:32,0.22,2,xianxuqiu
1541,16452844,Vignesh A,2026-06-30 16:44:06,0.22,2,vignesha1
1542,16319847,Anubhav,2026-06-28 04:54:03,0.22,2,anubhav27
1543,16450166,Jayden Jeswin Raj,2026-06-29 08:47:41,0.22,1,richardmaddox
1544,16048012,JasonZeng,2026-06-29 09:45:17,0.22,1,jasonzeng
1545,16374717,YangAoTian,2026-07-07 07:34:43,0.22,4,yangaotian
1546,15584738,Freedomfighter1290,2026-04-09 17:27:39,0.22,1,freedomfighter1290
1547,16143282,Talyxion,2026-06-02 02:58:06,0.22,1,"hoangle2003,nhatloidinh,thnhnguyn2001"
1548,15524866,Ragesh Thangaraj,2026-08-27 16:19:50,0.22,6,rageshthangaraj
1549,15922813,BeanApologist,2026-05-29 04:12:03,0.22,5,sarahmarin
1550,15590428,AQiDA19,2026-07-27 00:05:03,0.22,2,aqida19
1551,15748929,Imed Magroune,2026-08-24 04:30:30,0.22,31,imedmagroune
1552,15555738,Taylan Soydan,2026-04-06 09:43:56,0.22,3,taylansoydan
1553,15574747,Master Teo,2026-04-08 04:38:39,0.22,1,sirteo
1554,16744519,Jun AKita,2026-08-19 19:29:36,0.22,1,junakita
1555,16348203,Asiru Akeem Adekunle,2026-06-27 00:44:56,0.22,8,asiruakeemadekunle
1556,15556994,seoewoo,2026-04-05 03:36:04,0.22,1,henrymessiiyt
1557,15813223,Jaswanth7722,2026-05-17 09:03:59,0.22,9,jaswanth7722
1558,16318615,JOKER-C2,2026-08-03 11:37:35,0.22,22,manuelcoletta
1559,15627203,Syed Saad Hasan Emad,2026-07-28 07:21:47,0.22,1,syedsaadhasanemad
1560,15488187,jerryv69,2026-06-09 02:34:51,0.22,3,jerryv69
1561,16320138,Anton Kalabukhov,2026-06-30 00:46:05,0.22,8,synlabs
1562,16481633,wmotte,2026-07-11 07:11:35,0.22,2,wmotte
1563,16570484,lingheng,2026-07-20 01:25:34,0.22,1,"lingheng,xianhaolin6077"
1564,16228820,SSV,2026-06-05 17:14:29,0.22,2,vigneshirtt
1565,15827295,Kaihong Deng,2026-05-22 02:47:40,0.22,16,kaihongdeng
1566,16713778,Abi_e,2026-08-29 10:10:22,0.22,10,abidjacquelineanadi
1567,16434290,Manan Bansal,2026-07-20 05:10:06,0.22,10,mananpbansal
1568,15616194,赵云龙,2026-04-24 06:52:31,0.22,1,zhao1122
1569,16761739,IndependentPilot,2026-08-24 03:57:32,0.21,2,redshift51
1570,15488756,Muhammad Ibrahim Qasmi,2026-06-19 21:41:54,0.21,1,ibrahimqasimi
1571,15947052,Kaiser #2,2026-05-13 09:33:38,0.21,1,snnguynvnk19hl
1572,15513901,Meenal Sinha,2026-05-10 15:34:32,0.21,2,meenalsinha
1573,15490511,Smilyai-is-cool-gubby,2026-04-20 02:47:55,0.21,1,smilyaiiscoolgubby
1574,16680060,Joseph Franck,2026-08-24 17:13:12,0.21,9,josephfranck
1575,15519262,Devansh Rajput,2026-04-03 20:07:42,0.21,3,devansh66
1576,15528446,Yasin Baykal,2026-04-01 13:01:08,0.21,1,godmethium
1577,16675032,EonCrux,2026-08-20 19:55:21,0.21,7,"dhairyapratapsolanki,itsmepooja,jainp1508,mansisingh2072,sapnajain115"
1578,15534060,pzarczynski,2026-04-02 19:52:48,0.21,1,piotrzarc
1579,16779601,malcarol,2026-08-29 13:48:25,0.21,1,songzhang2
1580,15581639,cjen07,2026-04-10 07:21:05,0.21,2,cjen07
1581,16645459,Joseph W Benson,2026-08-07 04:28:12,0.21,3,josephwbenson
1582,15604360,youssef abukhalifa,2026-04-17 20:42:27,0.21,3,youssefmo942009
1583,16723014,Dev Kancheti,2026-08-24 00:01:29,0.21,11,devkancheti
1584,15520642,Jack Al-Kahwati,2026-04-03 00:38:09,0.21,3,jackalkahwati
1585,15568017,Aevion-Labs,2026-07-12 02:10:54,0.21,8,aevionlabs
1586,15526002,Shivam Mittal,2026-04-01 08:17:29,0.21,2,shivammittal274
1587,15487262,bianfu,2026-06-17 13:11:34,0.21,2,bianfu
1588,15636115,Aditya Priya,2026-08-19 14:59:07,0.21,2,"adityapriya2,judychung2028"
1589,15522048,秘偶agi,2026-06-18 04:08:30,0.21,21,miouagi
1590,15489989,DUSN,2026-03-31 03:53:28,0.21,1,laochennn
1591,15491086,ianwulalala,2026-07-12 04:09:55,0.21,5,ianwulalala
1592,15558577,MIke Stang,2026-04-18 23:46:17,0.21,9,howdybigmike
1593,15539625,Sarmentor,2026-08-10 00:41:53,0.21,6,sarmentor
1594,16450243,ltnhung,2026-06-29 09:05:40,0.21,1,ltnhung
1595,15839529,summerer3,2026-05-04 07:05:58,0.21,1,summerer3
1596,15493205,Conan2,2026-04-06 17:29:34,0.21,6,jaehyeonsim
1597,15759726,Yanpu Zheng,2026-06-06 04:10:21,0.21,3,yanpuzheng
1598,15761915,JK-Piece,2026-05-27 13:54:09,0.21,7,jeannkouagou
1599,16550408,Harsimar Singh,2026-08-26 04:12:22,0.21,10,harsimarsingh23
1600,15618703,Alan Scott Encinas,2026-06-01 01:44:48,0.21,4,encinas88
1601,15731424,Kangdaxia,2026-04-29 00:09:21,0.21,5,kangdaxia
1602,15496351,InTelliGI,2026-05-02 08:12:44,0.21,4,hichamtelli
1603,15515217,sepcnt,2026-04-22 12:05:56,0.21,2,sepcnt
1604,16058181,Divyasree@0318,2026-05-25 18:18:39,0.21,2,divyasree0318
1605,16149622,Alexander Dickbauer,2026-06-01 23:09:08,0.21,1,alexanderdickbauer
1606,16726871,Alex Martinez,2026-08-16 17:27:47,0.21,1,alexmartinez75
1607,16516539,Raed Alharbi,2026-08-11 12:08:02,0.21,2,raed04
1608,15495973,pom,2026-04-07 14:20:26,0.21,5,tatsukisato
1609,16739877,James Y,2026-08-30 04:18:11,0.21,3,redoctopusk
1610,16089141,Yuta Tadokoro,2026-06-19 00:33:41,0.21,13,yutatadokoro
1611,15516425,Steven,2026-05-06 08:27:43,0.21,1,sg1020
1612,16430850,Derek Peng,2026-06-29 01:43:59,0.20,3,littlebull
1613,15491291,Koka,2026-04-01 13:12:25,0.20,2,kokatrn
1614,16346595,ลิงจั๊กๆ,2026-06-24 00:01:08,0.20,11,phittayanan
1615,16268877,Sargis Arzumanyan,2026-06-26 10:23:39,0.20,10,sargisarzumanyan
1616,16403249,Pro400,2026-06-30 23:01:25,0.20,5,pro400
1617,16773017,XT006-kaggle,2026-08-29 01:56:32,0.20,3,jingyangtu
1618,16449178,Jon Smirl,2026-08-12 15:47:16,0.20,14,"connorsmirl,jonsmirl"
1619,16781119,ooooooooooooooooo,2026-08-29 09:23:48,0.20,2,ooooooooooooooooo
1620,16108720,Choruru,2026-06-05 00:50:43,0.20,5,choruru
1621,16301827,Fabio Cabral,2026-08-26 13:57:25,0.20,7,fabiocabral
1622,16262491,Pranesh Jayasundar,2026-06-19 03:39:30,0.20,4,praneshjayasundar
1623,15537362,Forrest,2026-04-07 13:21:58,0.20,3,yinxiaogang
1624,16551372,valentino ray isabell,2026-08-23 18:47:39,0.20,5,valentinorayisabell
1625,15501746,George Odhiambo07,2026-04-16 05:42:24,0.20,5,georgeodhiambo07
1626,15513991,Camacho,2026-04-30 00:21:55,0.20,18,"acamachodepass,acamachog,joseandrescamacho"
1627,15834690,yuanlao153,2026-05-07 08:29:26,0.20,1,yuanlao153
1628,15841851,dennis palatov,2026-08-30 00:41:09,0.20,37,dennispalatov
1629,16209749,tianxianbaobao,2026-06-13 03:34:13,0.20,4,tianxianbaobao
1630,15553695,SUPERadonai,2026-04-04 10:25:38,0.20,1,trumpadonai
1631,15511713,Niranjan Nakkala,2026-06-11 06:16:35,0.20,1,niranjanmudhiraj
1632,15562510,Roua,2026-04-18 14:18:16,0.20,8,roua91
1633,16326571,Gabteni Mouhamed,2026-06-24 23:54:22,0.20,7,gabtenimouhamed
1634,16072837,Carol Wang,2026-05-26 06:00:46,0.20,3,"ilanwang,suethe"
1635,15621389,Zhang Songxin,2026-04-15 10:17:29,0.20,1,zhangsongxin
1636,16434582,Gladstone025,2026-06-30 11:28:23,0.20,1,pierreterrier
1637,15624428,Erfan Mirhosseini,2026-04-29 19:26:52,0.20,4,erfanmirhosseini
1638,15558367,Pushkar Ambastha,2026-04-09 15:40:22,0.20,2,pushkar007
1639,16230150,Ailurophile,2026-06-04 17:01:10,0.20,1,veeralakrishna
1640,15614488,KARANAMMADHAVARAO,2026-06-19 15:39:18,0.20,3,karanam12345
1641,16425878,Hyun-woo Kim,2026-06-24 07:25:21,0.20,1,hwkims
1642,15785821,Harmony Guercio,2026-04-29 19:18:50,0.20,1,harmonyguercio
1643,16449800,JH,2026-08-26 03:24:29,0.20,4,jaehyukhyun
1644,16216379,Kawchar Husain,2026-06-06 16:16:04,0.20,2,kawchar85
1645,15550054,[Deleted] f6652baa-7a8b-4888-98a1-e6bcc1a2d4d2,2026-04-24 06:27:28,0.20,20,del=42419dd56391ecc7
1646,16368018,Sohangkumar Patel,2026-08-14 04:50:06,0.20,2,samsamurai
1647,16633894,Wale Bashir,2026-08-22 11:52:04,0.20,2,digitaldrreamer
1648,16129415,natema,2026-05-31 16:05:16,0.20,1,natema
1649,16052392,cyberia,2026-05-22 21:39:35,0.20,1,cyberia
1650,15833277,Noritake Kodama,2026-05-06 05:57:11,0.20,2,noritakekodama
1651,15570805,[Deleted] d1b4272c-c441-4c8a-ae29-693b84c040dd,2026-04-20 11:57:28,0.20,2,del=47107fb6b7d3ce01
1652,16640872,MinjeKang,2026-08-29 07:14:10,0.20,18,minjek
1653,15564282,Sankalp,2026-04-08 04:01:10,0.20,3,sankalp
1654,16275525,bullycat9,2026-06-12 17:45:35,0.19,3,bullycat9
1655,15874708,TrDung22,2026-05-28 07:39:35,0.19,9,trdung22
1656,16471124,Paul720810,2026-08-08 01:01:12,0.19,35,paul720810
1657,16410825,Myckel Uribe,2026-07-10 00:17:03,0.19,2,myckeluribe
1658,15518771,Bridgeport,2026-04-28 17:27:37,0.19,4,bridgeport
1659,16203912,Founry,2026-06-15 04:13:31,0.19,8,"algema,lundypang"
1660,16142510,gagaga tgaga,2026-06-14 00:40:38,0.19,5,gagagagagt
1661,16121579,Samuel Matsuo Harris,2026-05-30 19:11:42,0.19,1,samuelmatsuoharris
1662,15487566,Mohamed Roshdy,2026-03-29 10:14:24,0.19,2,mohamedwez
1663,16116426,abdelwaheb miled,2026-06-15 08:27:55,0.19,1,amiled19
1664,15489134,Xiaolei Lian,2026-06-24 10:46:52,0.19,6,xiaoleilian
1665,15530786,Felipe Cataneo,2026-04-30 09:07:41,0.19,5,felipecataneo
1666,15757849,zhaozilong,2026-08-13 15:05:39,0.19,3,zzl0112
1667,16417581,Gary Kump,2026-08-16 04:19:56,0.19,20,garykump
1668,16750589,XiangtaoWang,2026-08-29 13:08:31,0.19,4,xiangtaowong
1669,16302337,MariusMyburg,2026-06-16 00:21:12,0.19,5,mariusm
1670,15487905,ISAKA Tsuyoshi,2026-04-20 07:54:26,0.19,2,isakatsuyoshi
1671,15491330,horsepurve,2026-03-30 06:39:44,0.19,3,horsepurve
1672,15842248,Roger Terrazas,2026-05-04 03:50:24,0.19,1,rogaterr
1673,15658341,Kesav sivakumar,2026-06-15 14:43:46,0.19,1,"deepakrajd,kesavsivakumar"
1674,15495860,Andrei Trandafira,2026-06-30 23:56:29,0.19,1,andreitrandafira
1675,16652233,Amit Kumar,2026-08-06 05:14:24,0.19,3,anmitkumar
1676,15833315,Hyun,2026-05-19 03:41:03,0.19,3,kimhyeonwook3465
1677,16442450,LosiSt,2026-06-29 01:11:25,0.19,3,losist
1678,16490760,Jokrasa,2026-07-19 02:43:17,0.19,3,jonaskreutz
1679,16402421,rinov321,2026-06-24 00:01:09,0.19,4,rinov321
1680,15841747,Divij Chawla,2026-05-23 07:03:51,0.19,6,divijchawla7
1681,15884233,Chayon Kumar Das,2026-06-21 16:18:33,0.19,2,chayondas
1682,15758188,Dimas Pasha Akrilian,2026-04-30 03:32:28,0.19,2,dimaspashaakrilian
1683,15786670,Onur Fidaner,2026-05-12 00:47:29,0.19,3,ofidaner
1684,16317943,Eslam Elzamkan,2026-06-20 00:11:59,0.19,3,eslamelzamkan
1685,15940726,juandag97,2026-06-01 01:03:43,0.19,3,juandag97
1686,16673674,Samuel Sundararaman ,2026-08-06 22:28:37,0.19,1,neopok919
1687,15562229,ÆR3iS,2026-05-22 16:35:15,0.19,11,aer3is
1688,16344652,Rimsha Kanwal,2026-07-18 18:51:26,0.19,2,rimsha234
1689,16096168,Bhavya Dhingra,2026-05-31 23:32:33,0.19,2,"bhavyadhingra00020,frostnt"
1690,15572042,C R Suthikshn Kumar,2026-04-07 15:21:07,0.19,1,crsuthikshnkumar
1691,16360163,TestingAccount67,2026-08-24 10:45:52,0.19,11,testingaccount67
1692,15493210,Valentin Kalinin,2026-07-24 16:49:27,0.19,1,tdesc88
1693,15556097,Bensalah Yassine,2026-04-14 00:12:58,0.19,5,bensalahyassine213
1694,15537133,gugugaga,2026-05-15 00:19:53,0.19,13,mori42
1695,15871316,biubiubiu~,2026-05-06 06:42:19,0.19,1,mengvision
1696,15504821,Precious Mansaray,2026-04-28 01:58:47,0.19,1,preciousmansaray
1697,16065765,Chinaza Okereke,2026-05-25 02:53:40,0.19,2,chinazaokereke
1698,16687494,HopeToDie,2026-08-13 16:50:06,0.18,3,omerozb
1699,16754037,Narenthira Balaji,2026-08-24 05:27:53,0.18,1,narenthirabalaji
1700,15785875,Sujan Adhikari,2026-04-29 19:12:25,0.18,1,sujanadh07
1701,15543832,Elohabci,2026-04-03 04:19:10,0.18,1,temizkan
1702,15598423,taoti_orange,2026-05-19 14:43:41,0.18,2,taotiorange
1703,15603600,RITTWIK BHOWMICK,2026-05-06 04:24:35,0.18,3,rittwikbhowmick
1704,15581162,Vedic Mukherjee,2026-04-09 03:05:30,0.18,1,vedicmukherjee
1705,16605137,Pchan,2026-07-27 16:30:51,0.18,1,"kokonokatoka,pchan1111"
1706,16285919,aotiandragon,2026-06-12 03:14:41,0.18,2,aotiandragon
1707,16035800,Yummna aljasem,2026-05-20 18:21:28,0.18,1,yummnaaljasem
1708,16187519,Kole Vamsi Krishna,2026-06-17 05:45:18,0.18,5,kolevamsikrishna
1709,16716178,Inform Lai,2026-08-14 01:34:17,0.18,1,informlai
1710,15744055,dongzishuo111,2026-05-27 04:46:00,0.18,16,dongzishuo111
1711,16440729,William Hau,2026-06-27 00:15:18,0.18,1,williamhau
1712,16485366,Rishidar D,2026-07-12 03:43:18,0.18,1,rishidard
1713,16406590,felly10,2026-07-17 18:39:29,0.18,1,felly10
1714,16202759,магистр клоунов,2026-06-05 14:38:20,0.18,2,switchfeed
1715,16394961,Maksim Silchenko,2026-06-23 00:02:02,0.18,5,maksimsilchenko
1716,16512747,Troy-EVO,2026-07-20 07:15:55,0.18,1,troyevo
1717,15975054,Vivek Pandey,2026-05-21 02:52:28,0.18,1,thevivekpandey
1718,15531211,Varstern 6037,2026-04-30 14:26:16,0.18,7,"shiyuhe25,varstern6037"
1719,16398268,jacksongsong,2026-08-08 03:32:56,0.18,5,jacksongsong
1720,16471898,Editor Jugnu AI,2026-07-14 04:51:22,0.18,2,editorjugnuai
1721,16053668,Restu Anggoro Kasih,2026-06-06 18:52:56,0.18,1,restuanggorokasih
1722,16306368,firefly2006,2026-06-27 14:46:34,0.18,1,firefly2006
1723,16358057,Alubokho Ashioya,2026-06-16 09:38:04,0.18,1,ashioya
1724,15492079,nxank4,2026-03-31 13:44:12,0.18,4,anmatngu
1725,16369373,sierra1.0,2026-07-21 15:43:40,0.18,2,"na18b032,nihalshahpeediackal"
1726,16322216,Tamim,2026-06-17 05:38:19,0.18,1,tamim03
1727,15513943,Abdul Raheem,2026-05-07 08:04:39,0.18,17,abdulraheem09
1728,16090768,Zhouhy,2026-06-01 03:56:26,0.18,4,bhzhouhy
1729,15785858,Sanskar Adhikari,2026-04-29 19:11:09,0.18,1,snskr30
1730,16025623,Toot Toot Engineering,2026-06-24 00:01:35,0.18,25,"danxray,gregblacketter"
1731,15876693,Nam Phan Van Hai,2026-05-27 04:39:33,0.18,3,namphanvanhai
1732,15567988,Joseph Xiao,2026-04-15 02:04:00,0.18,2,joxiao
1733,16643470,Md. Rifat Al Hassan,2026-08-22 19:52:37,0.18,4,mdrifatalhassan
1734,16496076,Jeffrey Haines,2026-07-23 14:32:36,0.18,7,jeffreyhaines
1735,15496866,jacekwl,2026-03-27 11:45:57,0.17,1,jacekwl
1736,15504427,Adam Snodgrass,2026-03-31 04:54:45,0.17,1,overra
1737,16269220,KawaiiSelphine,2026-06-09 09:30:01,0.17,1,kawaiiselphine
1738,16244970,Praveen Ponnugupati,2026-06-05 20:31:21,0.17,1,praveenponnugupati
1739,16410850,Thiago Cunha,2026-07-27 21:23:47,0.17,7,thiagobcunha
1740,15493932,CHRISTOPHER CRILLY,2026-05-15 11:30:46,0.17,12,christophercrilly
1741,15539411,LORD DREGS,2026-06-26 14:48:32,0.17,3,lorddregs
1742,16677724,Tom Jeong,2026-08-10 04:22:48,0.17,3,tomjeongmts
1743,16593868,chutianqiu,2026-08-14 18:09:39,0.17,2,chutianqiu
1744,15713159,Francis Banda,2026-04-23 12:14:12,0.17,1,francisbanda
1745,16299477,Mao Mao,2026-06-16 13:11:49,0.17,1,maomaoai
1746,15999227,swordsman,2026-05-18 07:50:16,0.17,1,liuyanfeng
1747,16060337,Quixotik,2026-08-23 02:17:36,0.17,3,xiaokangqin
1748,15545843,Jacco Jurg,2026-06-14 11:46:07,0.17,1,jaccojurg
1749,15786171,ringusTheImp,2026-04-29 20:00:42,0.17,1,ringustheimp
1750,15985612,kara,2026-05-15 14:12:36,0.17,1,drchenb
1751,15571858,chaojiwudiwujie,2026-04-08 00:56:09,0.17,2,chaojiwudiwujie
1752,16449495,Philosophy Inclined,2026-07-02 06:22:39,0.17,1,"adrianradillo,mozhaq"
1753,16059743,soul,2026-05-24 13:45:15,0.17,1,soul80
1754,16016593,David Mensah-Gbekor,2026-06-13 20:21:36,0.17,4,ravdave
1755,16307909,Eigen 4D,2026-06-27 07:04:24,0.17,11,"patsornsangkloy,wittawatj"
1756,15839799,Abdullah Fasih,2026-05-04 17:33:00,0.17,2,abdullahfasih
1757,16076068,IamDiganta.7,2026-05-26 02:45:13,0.17,2,iamdiganta7
1758,16456352,AlbertZhaoYB,2026-06-30 04:58:38,0.17,1,albertzhaoyb
1759,15653751,fle3n,2026-06-11 00:00:03,0.17,3,fleongg
1760,15510778,Claudia Barbie,2026-04-09 20:31:25,0.17,5,clabarb
1761,16586110,emirhan_32,2026-07-25 08:14:05,0.17,3,emirhan3223
1762,16745716,AGI_Pipeline,2026-08-23 05:04:38,0.17,2,taryncampbell
1763,15552972,Knight,2026-05-09 15:19:55,0.17,1,dreamer4
1764,16227203,Vuttinun,2026-06-04 17:00:10,0.17,1,vuttinun
1765,16705503,Kevin Li,2026-08-17 05:47:35,0.17,3,kevinli82
1766,16381569,Kazumi Sakamoto,2026-06-17 12:55:54,0.17,1,maehwa
1767,16670410,TumblingDice23,2026-08-27 16:45:45,0.17,3,tumblingdice23
1768,16751673,Sidharth Hulyalkar,2026-08-26 21:47:08,0.17,2,sidharthhulyalkar21
1769,15488241,charyeezy,2026-08-22 12:20:56,0.17,11,charyeezy
1770,15498109,Helik Thacker,2026-04-14 13:43:18,0.17,3,hellhacker
1771,15628929,WAMYA,2026-04-20 08:47:01,0.17,4,wangmyang
1772,15493061,Panos,2026-04-14 08:04:29,0.17,3,panosc
1773,15544125,Vldmr338,2026-04-03 06:29:24,0.17,1,vldmr338
1774,15511689,Andy Penrose,2026-04-14 17:55:44,0.17,3,andypenrose
1775,15672847,Shreyas,2026-05-28 13:06:34,0.17,12,shreyasvathul
1776,16435464,Hans Simmons,2026-07-28 23:21:01,0.17,7,hansleestahl
1777,15970468,Vladimir Yakunin,2026-08-14 01:28:16,0.17,45,vladimiryakunin
1778,16589625,King-damon,2026-08-07 07:03:41,0.17,5,kingdamon
1779,16571708,Lliama,2026-08-07 23:54:59,0.17,6,lliama
1780,15488310,xCalibrr,2026-08-04 03:01:40,0.17,5,pranshubahadur
1781,16662291,MiguelS,2026-08-15 18:47:39,0.17,9,lordm758
1782,16778854,TRIO513,2026-08-29 07:01:30,0.17,20,"lukman513,rizaldicky,safrizal"
1783,16634633,Akanbi Oluwajuwon Mayomi,2026-08-30 05:49:42,0.17,19,akanom
1784,16404154,Boh,2026-08-30 00:02:05,0.17,10,bijiumi
1785,16397179,ARCAINION PRIME,2026-08-13 08:57:09,0.17,6,arcainionprime
1786,16545242,Alex Oranov,2026-07-14 18:32:10,0.17,1,aoranov
1787,15500046,Tingjia InFuture,2026-04-01 05:39:33,0.17,4,tingjiainfuture
1788,15510271,Shiv Satyam,2026-06-12 13:17:31,0.17,3,shivsatyam
1789,15490618,Skye Loitz,2026-08-21 00:05:23,0.17,19,skyeloitz
1790,15543825,taojiekai,2026-04-08 11:35:33,0.17,3,taojiekai
1791,15548118,George yazaji222299 ,2026-04-05 08:41:29,0.17,3,georgeyazaji222299
1792,16777399,CodeNova × Jovian Game Studios,2026-08-28 00:43:13,0.17,2,scottmahony
1793,16546687,Gopi,2026-08-04 00:03:14,0.17,4,gopigogineni
1794,15488458,OmniOne,2026-08-18 11:26:52,0.17,4,MultiEgo
1795,16441640,UncleBumblebeer,2026-07-17 22:35:12,0.17,13,unclebumblebeer
1796,15558515,Ameya Srivastava,2026-05-19 06:03:08,0.17,1,ameyasr1308
1797,16685068,Youssef EL MSIYAH,2026-08-07 13:06:47,0.17,1,youssefelmsiyah
1798,15563039,Yidhar,2026-04-15 00:04:08,0.17,4,yidhar
1799,16616531,Chengyu Huang,2026-07-30 02:25:21,0.17,1,johnsonice
1800,16098385,HAOHAN WU,2026-06-02 03:31:16,0.17,5,zawdcxsw
1801,16540282,kangqinyao,2026-07-14 01:47:19,0.16,2,kangqinyao
1802,15671470,Baran Dindar,2026-05-13 13:45:05,0.16,10,barandindar
1803,16548253,Zhanpeng.W,2026-07-31 04:18:30,0.16,4,zhanpengw
1804,16553194,Unicorn,2026-07-28 00:13:57,0.16,5,scutxuanyu
1805,16747880,Alfonso Rianna,2026-08-29 10:49:27,0.16,3,"alfonsorianna,mattialusian"
1806,16031015,Andrea Bonomi,2026-06-15 13:43:37,0.16,5,andreabonomi
1807,16735062,Marcelo,2026-08-24 05:55:53,0.16,5,marcelomata
1808,15981400,Sai Aaron,2026-05-15 11:42:18,0.16,1,saiaaron
1809,16085020,smallrole,2026-05-27 02:56:46,0.16,1,smallrole
1810,15488812,Minal kharat123,2026-07-31 22:26:16,0.16,12,minalkharat123
1811,16255254,TTConsulting,2026-06-16 13:22:51,0.16,6,ttconsulting
1812,16709282,Saikot Das,2026-08-12 05:41:58,0.16,1,saikotse
1813,15523045,Pranav Malhotra,2026-04-19 18:08:35,0.16,7,pranav9874
1814,15664415,koppen9029,2026-04-24 04:23:07,0.16,3,koppen9029
1815,15493534,Addicted Tribes,2026-04-04 05:22:18,0.16,8,"anhlquctrn,haaminh"
1816,16560614,Eishaan Khatri,2026-07-17 18:37:02,0.16,1,eishaankhatri
1817,15595273,The Spectral Shaman,2026-04-13 06:45:55,0.16,2,ryancardwell
1818,16238336,Abdulhamid Sonaike,2026-06-07 06:45:45,0.16,3,abdulhamidsonaike
1819,16754041,darkun1c0rn,2026-08-29 20:48:35,0.16,5,darkun1c0rn
1820,16393610,Arashi133,2026-06-19 09:00:09,0.16,1,arashi133
1821,16256846,Ricky #2,2026-06-12 00:09:03,0.16,4,rickyds97
1822,16451496,Ritchel Akwali,2026-07-16 12:50:50,0.16,5,ritchelakwali
1823,16250468,Rupesh Kumar,2026-06-08 14:17:05,0.16,3,rupeshrk3
1824,16396847,SAITEJA DASARI,2026-06-21 03:09:39,0.16,3,saitejadasari129
1825,16552727,Dylon Tsai,2026-07-20 08:07:11,0.16,1,dylonwilliam
1826,15487374,Taha Kaya,2026-08-05 05:39:16,0.16,5,tahakaya1
1827,16511370,kelin hf,2026-07-28 07:26:45,0.16,1,kelinhf
1828,16632050,HyperARC,2026-08-28 08:22:16,0.16,15,shadowell888
1829,16508568,Thomas Stausberg,2026-08-24 11:49:26,0.16,12,tstausberg
1830,16623184,TheFusionCube,2026-08-27 00:03:51,0.16,4,thefusioncube
1831,16475295,JosephMontana,2026-07-14 00:17:06,0.16,6,josephmontana
1832,15577570,Umeshkumar Pal,2026-04-10 17:48:05,0.16,1,umeshkumarpal
1833,16508577,betülay Kaba,2026-07-19 06:29:45,0.16,6,betlaykaba
1834,16500409,anteater,2026-08-29 08:38:05,0.16,20,"chaehyunlim2,roha2i"
1835,16405186,Vanya SSS,2026-07-05 11:53:45,0.16,5,vvv228
1836,15518450,Kuldeep Mishra,2026-04-03 05:49:02,0.16,1,kmish980
1837,16456154,Juan Lavieri Goiri,2026-07-01 01:18:29,0.16,2,juanlavierigoiri
1838,15487138,Ravikash Gupta,2026-03-27 02:31:56,0.16,2,ravikaash
1839,15499023,Prashant Kikani,2026-03-27 03:14:56,0.16,1,prashantkikani
1840,15488002,Nick Vecchioni,2026-04-04 07:28:18,0.16,7,nickvecchioni
1841,16439746,zhengmiao95,2026-06-30 23:31:58,0.16,3,zhengmiao95
1842,16785423,Aditya #3,2026-08-28 18:51:20,0.16,1,aditya1220
1843,16630430,Aleks Lviv,2026-08-25 16:11:15,0.15,2,alekslviv
1844,16048884,Luca Beridze,2026-06-17 17:25:12,0.15,2,lucakrahe
1845,16112223,cwxcai,2026-05-29 16:46:25,0.15,1,cwxcai
1846,16721902,Tom.,2026-08-14 11:38:56,0.15,1,tikutiku
1847,15487633,Ritwika Kancharla,2026-03-26 02:56:57,0.15,1,ritwikakancharla
1848,16189442,Takahashi,2026-06-05 01:20:44,0.15,2,tea0925ds
1849,16268040,galaxy2025,2026-06-09 01:07:09,0.15,2,galaxy2025
1850,16300366,Galkin Danil,2026-06-11 11:16:29,0.15,1,galkindanil
1851,15486930,Nischay Dhankhar,2026-04-02 04:20:59,0.15,2,nischaydnk
1852,15529608,Sergei Miller,2026-04-01 15:07:42,0.15,1,sergmiller
1853,15989666,fxhrer,2026-05-19 02:18:38,0.15,1,fxhrer
1854,15491980,Nguyễn Giáp,2026-03-27 01:24:02,0.15,2,nguyngip
1855,16245190,eggsyyyy,2026-06-15 06:09:11,0.15,5,eggsyyyy
1856,16160900,RenitaX,2026-06-15 08:47:08,0.15,5,renitax
1857,15740169,Chandu Chitikam,2026-08-12 05:14:48,0.15,8,chanduchitikam
1858,16702809,raikhan,2026-08-11 20:12:41,0.15,2,raikhan17
1859,16370398,Muhammad Ahsan Talal,2026-07-07 14:52:34,0.15,5,muhammadahsantalal
1860,15830034,Ziaul Hasan,2026-05-24 11:32:31,0.15,3,mzhasan00
1861,15527110,Neha Yadav,2026-04-02 12:22:56,0.15,1,yadavneha5001
1862,16479655,Raiyana Rufaida,2026-07-04 10:38:53,0.15,2,shes1r
1863,16368853,Simon Peter Makobi,2026-06-24 05:52:39,0.15,5,simonpetermakobi
1864,16211260,mdashraful16,2026-06-22 02:31:08,0.15,11,mdashraful16
1865,16590463,weizhou liu,2026-07-26 01:23:21,0.15,4,weizhouliu
1866,15643066,Sơn Nguyễn,2026-04-23 21:46:16,0.15,2,sonnguyen10
1867,16591270,Yansı Evre Yüksel,2026-07-29 10:51:41,0.15,3,yanevyuk
1868,16397318,[Deleted] 0175b662-161d-4ca5-8a06-00bdc5fe0218,2026-07-17 04:50:04,0.15,5,del=c96551b45189e94a
1869,15500752,Kiran Vitly,2026-06-27 06:48:27,0.15,2,kiranvitly
1870,16555984,Jeffery Jerome Harris,2026-07-27 18:27:25,0.15,5,jefferyjeromeharris
1871,16331029,JawaZero,2026-07-02 04:07:55,0.15,7,therealjabaadams
1872,16603574,Paul L,2026-07-27 02:46:55,0.15,1,paull274996
1873,16378658,tokawa2997,2026-06-18 03:38:48,0.15,2,tokawa2997
1874,15916571,wood_zhao,2026-05-17 00:00:31,0.15,3,catenterzhao
1875,15619262,Deenadayalan Kuravar,2026-06-23 11:33:23,0.15,1,deenadayalandms
1876,16374287,404 Not Found,2026-07-04 09:24:15,0.15,13,"gayathrirajeev77,nishanthrajandev"
1877,16473273,Motohiro Okaya,2026-07-04 04:43:42,0.15,3,moroqq82
1878,16357275,Unbrowse AI,2026-07-03 00:46:05,0.15,8,lewistham
1879,16311216,Andro Faryna,2026-06-12 14:18:49,0.15,1,androfaryna
1880,16753669,Amit Kumar Gupta,2026-08-23 12:52:48,0.15,3,eramitg
1881,16564841,Jaydon J P,2026-07-19 11:52:40,0.15,2,jaydonjp
1882,16414311,ruuu,2026-07-12 13:46:26,0.15,5,kyoichiroyanada
1883,16002691,Hiroshi Murakami,2026-05-24 11:05:44,0.15,2,pirozhiki
1884,15495033,ARC winners,2026-05-17 22:28:00,0.15,10,"samitmyaka,srihaasakaryampudi"
1885,15575636,kura19,2026-04-14 00:42:07,0.15,1,kura19
1886,16789492,Richard Jacob,2026-08-29 09:23:01,0.15,1,"jacobrichard312,richardjacob3012"
1887,16301142,Ryan Barrett,2026-06-11 12:48:06,0.15,1,agifrfr
1888,16368639,Steven #2,2026-06-16 01:58:02,0.15,1,stevenpp
1889,16278637,Pietro,2026-06-11 09:25:26,0.15,2,pietro002
1890,15908291,yanghong2025,2026-06-29 02:17:21,0.15,16,yanghong2025
1891,16303976,Daniel Cecim,2026-06-18 09:50:32,0.15,5,danielcecim
1892,15601261,Yurii Liashchuk,2026-04-13 15:51:30,0.15,1,yuralia88
1893,16530767,Alexsandro135jg,2026-07-12 01:59:59,0.15,2,alexsandro135jg
1894,16716223,jason87216,2026-08-14 02:43:18,0.15,2,jason87216
1895,16716126,BessHsu,2026-08-14 01:30:07,0.15,1,besshsu
1896,16785350,Maziyar Abyari,2026-08-29 15:00:41,0.15,1,maziyarabyari
1897,15526904,EastonB,2026-04-15 06:36:36,0.15,3,eastonb
1898,15881965,JEP,2026-06-02 01:10:32,0.15,9,jaeeon2020
1899,16101972,Andy Barta,2026-05-28 18:09:12,0.15,1,andybarta
1900,15494415,Sabreen Elkamash,2026-06-06 06:57:50,0.15,14,sabreenelkamash
1901,16254867,Peng Wang,2026-06-08 04:36:49,0.15,1,pengwang91
1902,16411245,huang akai,2026-08-16 12:00:48,0.15,4,huangakai
1903,16415172,jangjunmin,2026-06-22 15:51:21,0.15,1,jangjunmin
1904,16271667,snailst21 dr,2026-06-24 06:27:05,0.15,2,snailst21dr
1905,15734432,Dexter,2026-08-04 16:11:39,0.15,3,dexterawoyemi
1906,16463140,xcadet,2026-07-02 01:30:39,0.15,1,xcadet
1907,16614927,Kanwar Sekhon,2026-07-29 20:20:07,0.15,1,kanwarmehtabsekhon
1908,16614658,zaheer abbas,2026-07-31 14:20:28,0.15,1,zaheerabbasorakzai
1909,16643024,DY0123,2026-08-03 00:37:18,0.15,1,dy0123
1910,16719242,yulenchen,2026-08-14 01:33:33,0.15,1,yulenchen
1911,16725192,Masataka Suzuki,2026-08-17 04:48:51,0.15,2,masatakasuzuki
1912,16724865,Md.Mahfujul Karim,2026-08-29 11:44:30,0.15,4,mdmahfujulkarim
1913,16771576,AllenCheng329,2026-08-25 16:27:50,0.15,1,allencheng329
1914,16776964,Kristin Strecker,2026-08-28 18:23:34,0.15,3,kristinstrecker
1915,16753824,Mosamosa,2026-08-29 00:15:11,0.15,1,mosamosa
1916,15654070,Greg Kamradt,2026-06-16 15:52:31,0.15,8,gregkamradt
1917,16783293,Calpa Liu,2026-08-29 00:03:09,0.15,2,hokyiuliu
1918,16108111,Willwinma,2026-05-29 08:04:26,0.15,1,"jingmikun,jinkunhu"
1919,16553009,nijigasaki,2026-07-16 04:34:14,0.15,1,nijigasaki
1920,15539198,ModelNaut,2026-04-03 07:12:36,0.15,2,modelnaut
1921,15486876,PIXMELT,2026-03-26 10:22:27,0.15,1,pixmeltpro
1922,16368161,Nandu Ari,2026-06-20 21:35:14,0.14,2,nanduari
1923,16766812,ERS,2026-08-29 02:02:56,0.14,6,shingo257
1924,15680357,Andre Ruiz Loera,2026-05-28 02:36:19,0.14,2,andreruizloera
1925,16661652,zhhong6662,2026-08-07 00:09:41,0.14,2,zhhong6662
1926,16560191,Wang X.Y.,2026-07-21 13:27:00,0.14,4,xiangyangwang
1927,15579854,BirdyLiu1023647,2026-06-25 12:19:42,0.14,2,birdyliu1023647
1928,15901663,Purple Slurpees,2026-05-13 14:39:39,0.14,2,purpleslurpees
1929,15859982,SoraDaCroi,2026-05-10 17:00:50,0.14,3,soradacroi
1930,15486691,Pramod Chilakalapudi,2026-04-01 15:08:40,0.14,2,pramodchilakalapudi
1931,15843647,Mauricio Maroto,2026-05-13 02:49:20,0.14,1,maulberto3
1932,15488070,ASetiawan,2026-05-06 00:27:29,0.14,8,aderiannovito
1933,15501456,reyvan14,2026-03-30 11:36:16,0.14,3,reyvan14
1934,16702755,Cristiano Sacramento,2026-08-26 02:21:01,0.14,6,cristianosacramento
1935,15552950,Adi Kusuma,2026-08-05 00:38:30,0.14,8,adikusum4
1936,16712545,Jay Salvi,2026-08-29 04:16:39,0.14,4,jaysalvi
1937,16197549,Irabala,2026-08-05 06:07:42,0.14,13,irabala1
1938,16482226,Maher el Ouahabi,2026-07-11 01:18:08,0.14,6,maherelouahabi
1939,16599867,sota1111,2026-08-03 14:34:32,0.14,6,sota1111
1940,16609488,灵境EtherealRealm‑Solo,2026-08-27 02:09:02,0.14,1,"jihuiquan,liaojiaxuan,meegox,seasongod,wangausx"
1941,16704495,Enzo Lherisson,2026-08-15 04:05:13,0.14,3,enzolherisson
1942,16768912,Jon Pelchat,2026-08-26 00:43:37,0.14,2,jonpelchat
1943,16535438,Medalist,2026-08-12 06:55:17,0.14,4,"ks0307,reiyas"
1944,15508050,rsn-opencode,2026-05-17 16:58:35,0.14,2,human01
1945,15513094,Jafar Banar,2026-05-06 17:23:20,0.14,5,jafarbanar
1946,16616763,SGY2512,2026-08-20 15:40:35,0.14,5,sgy2512
1947,16756055,Thomas,2026-08-29 01:56:22,0.14,6,tommurakami
1948,16784926,Isaac,2026-08-29 16:39:17,0.14,2,huangjunqiang
1949,16660830,4Solver,2026-08-08 00:02:02,0.14,3,"cristianoesilva,msfbiolinhares"
1950,16376849,Garrett Gecewicz,2026-07-03 05:05:34,0.14,11,garrettgecewicz
1951,15929779,xxarjun,2026-05-15 11:24:08,0.14,3,xxarjun
1952,16278450,Gururaj Shahapurmath,2026-06-16 02:10:46,0.14,2,gururajshahapurmath
1953,16448969,adam555adam7,2026-07-15 09:59:25,0.14,2,adam555adam7
1954,16098220,TomoriKaho,2026-07-18 07:55:03,0.14,2,tomorikaho
1955,15568903,Luke Li,2026-04-07 08:52:15,0.14,1,infgeoax
1956,16608791,Shuhei Kuroiwa,2026-07-28 09:19:04,0.14,1,shuheikuroiwa
1957,15496466,Hassan Abedi,2026-03-26 19:26:52,0.14,1,habedi
1958,16296605,rumbling_b,2026-07-03 10:22:41,0.14,1,rumblingb
1959,16759045,Cody Whatley,2026-08-30 00:06:28,0.14,4,codywhatleymd
1960,16307369,Workiflow,2026-07-10 21:57:43,0.14,2,johnpaultheron
1961,15524800,Hafiz Muhammad Noor,2026-04-08 07:35:29,0.14,1,cmdhmn
1962,15486883,ffurkann,2026-07-22 20:01:39,0.14,11,fuego88
1963,16663749,Antoine Matemane Mahirwe,2026-08-11 01:38:39,0.14,6,antoinemah
1964,16612386,Rms387,2026-08-19 16:18:59,0.13,4,rms387
1965,16390777,Sebastien Andersson,2026-06-20 16:01:53,0.13,1,sebastienandersson
1966,16760592,Masashi Oohira,2026-08-26 09:44:10,0.13,1,masashioohira
1967,16463085,Archie Chaudhury,2026-07-06 00:50:17,0.13,5,archiechaudhury
1968,16368157,Shakil Mosharrof,2026-06-30 05:18:51,0.13,7,shakil19
1969,16601941,nk,2026-07-28 23:31:06,0.13,2,nagatakengo
1970,15875274,mathmonkeyliu,2026-05-06 13:32:00,0.13,1,"mathmonkeyliu,opfromthestart"
1971,16718169,Joyal,2026-08-14 10:04:27,0.13,1,joyalseejo
1972,16403849,TVK,2026-06-21 17:28:04,0.13,2,sarrveshwartme25b115
1973,16292156,Amant,2026-06-15 04:21:51,0.13,6,amantk
1974,15548877,Refound,2026-04-03 15:41:44,0.13,1,refound
1975,16420036,aureioo,2026-07-02 01:17:18,0.13,4,aureioo
1976,15615887,Anatolii Kandiuk,2026-05-29 20:46:30,0.13,7,"anatoliikandiuk,danieldan0"
1977,16553124,udi wijaya,2026-07-30 11:58:13,0.13,7,udiwijaya
1978,16443032,Pawit Sahare,2026-08-13 06:25:04,0.13,4,pawitky
1979,16707087,Melokuhle Sikhondze,2026-08-12 14:35:54,0.13,2,melokuhlesikhondze
1980,15609019,cha7ura,2026-05-23 07:07:10,0.13,3,cha7ura
1981,16630701,Justin CH123,2026-07-31 11:56:51,0.13,1,justinch123
1982,16657368,first_one_3322,2026-08-04 06:21:34,0.13,1,firstone3322
1983,15914096,Chengyi Liu,2026-05-18 13:36:33,0.13,3,cliu123456
1984,15771359,srujhans,2026-08-17 20:31:09,0.13,6,srujhans
1985,16684631,Mr6436,2026-08-09 20:39:17,0.13,1,mr6436
1986,16484900,YellwoJune083,2026-07-04 08:07:25,0.13,1,yellwojune083
1987,16751822,BillyBato,2026-08-28 06:50:16,0.13,3,billybato
1988,16719401,nicechun13,2026-08-14 02:55:58,0.13,1,nicechun13
1989,16375201,fyvguys,2026-06-29 00:33:47,0.13,10,nin417
1990,15520762,ArcWolf,2026-04-27 16:15:12,0.13,4,fenrirai
1991,16770584,ebisu_ya,2026-08-28 01:21:38,0.13,4,ebisuya
1992,15488866,Dhana Abhiraj,2026-03-29 03:54:46,0.13,1,dhanaabhiraj
1993,16406189,Adrián Pineda Moreno,2026-06-26 10:31:13,0.13,5,adrinpineda
1994,15523526,Muhammad Junaid,2026-04-22 16:04:39,0.13,3,junaid512
1995,15826792,Yixin Wang,2026-05-02 10:00:59,0.13,1,yixinwww
1996,15487368,alba,2026-03-29 10:55:01,0.12,3,itbert
1997,15486975,Suleiman Tawil,2026-06-30 19:04:49,0.12,2,suleimantawil
1998,16585165,zhangyues,2026-07-23 00:00:23,0.12,2,zhangyues
1999,16692708,ManasviSharma,2026-08-10 17:34:00,0.12,1,manasvi821
2000,16261270,alekh,2026-08-22 10:34:12,0.12,4,aleksanderhan
2001,16065243,bsenst,2026-05-25 08:27:49,0.12,2,bnzn261029
2002,16404236,Ansh Joshii,2026-06-20 20:48:41,0.12,1,anshjoshii
2003,16516860,Ali Mustafa Ali,2026-07-11 16:56:06,0.12,1,alimustafaali
2004,16617680,HE PEIYU,2026-08-12 10:22:26,0.12,5,hepeiyu004
2005,16366087,Rohan Thattampurath,2026-08-19 11:59:33,0.12,1,thealpha199
2006,15585056,Alek Lacoustete,2026-04-12 11:19:56,0.12,1,aleklacoustete
2007,16717434,IronLogic,2026-08-27 10:32:02,0.12,1,bernardboatey
2008,15611267,Leobertucci,2026-04-13 20:50:50,0.12,1,leobertucci
2009,15734831,Joshua Heidorn,2026-04-27 02:44:07,0.12,2,joshuaheidorn
2010,16251140,abhilash Manchala,2026-06-12 14:26:47,0.12,3,abhilashmanchala
2011,16318682,Raed Ennab,2026-07-13 04:48:16,0.12,4,raedennab
2012,15989494,Gunal Karthikeyan,2026-05-19 00:42:27,0.12,1,gunalkarthikeyan
2013,15488263,Karen,2026-06-12 02:12:32,0.12,5,karendavis
2014,15487585,Faihaj,2026-03-31 17:19:25,0.12,3,faihaj
2015,15940399,Roy_Wang925,2026-05-20 14:39:34,0.12,5,roywang925
2016,16040367,Ryosuke SHIMIZU,2026-05-23 03:28:06,0.12,3,tttgazerttt
2017,16445777,Nesime,2026-06-28 08:51:43,0.12,1,monkeybox
2018,16419773,霓裳-Museon,2026-07-06 00:46:14,0.12,6,zealchou
2019,16410916,yasuk,2026-08-20 14:39:55,0.12,1,yasunarik
2020,16769485,Tailee Kim_7,2026-08-26 04:42:47,0.12,2,emilykim01
2021,16652499,Yiğit Karadağ,2026-08-06 04:49:03,0.12,1,yiitkarada
2022,16570733,PankajGupta73,2026-07-24 01:35:27,0.12,1,pankajgupta73
2023,15752293,Guy Nachshon,2026-04-28 09:51:04,0.12,1,guynachshon
2024,16271923,Ian Blenke,2026-08-19 14:26:29,0.12,8,iancblenke
2025,16688028,Asher Tooley,2026-08-08 00:16:44,0.12,1,ashertooley
2026,15487309,Njabulo Bright,2026-03-29 05:25:52,0.12,4,njabulobright
0,15485225,Random Agent,2026-03-25 00:33:14,0.12,1,
2027,16501274,Samson Enoch,2026-07-08 02:01:03,0.12,2,samsonenoch
2028,16673415,Stijn,2026-08-23 05:35:18,0.12,5,stijnappelmoes
2029,15513411,nadirbekovnadir,2026-04-03 01:03:35,0.12,2,nadirbekovnadir
2030,16580355,Rick Gillespie,2026-07-21 10:29:44,0.12,1,bliztafree
2031,15636473,whflux,2026-05-12 10:39:38,0.11,6,whflux
2032,15492335,bobdobbob,2026-03-26 07:08:46,0.11,1,bobdobbob
2033,15492420,da_pond,2026-03-26 07:20:03,0.11,1,dapond
2034,15595610,georginio2000,2026-07-20 16:37:59,0.11,4,kouserisgeorgios
2035,16384499,Pranshu Sharma,2026-07-02 18:15:08,0.11,6,pranshusharmaa
2036,15503562,Mattias Nordstrand,2026-04-03 14:02:10,0.11,2,mattiasnordstrand
2037,15602825,ASHWINMSAD,2026-04-16 05:10:03,0.11,4,ashwinmsad
2038,16126100,Mukesh Patil,2026-08-17 05:27:30,0.11,8,speedforceyt
2039,16277881,Saif Bagmaru,2026-06-11 06:56:44,0.11,3,imsaif
2040,16723651,Ehsan Patel,2026-08-16 01:09:35,0.11,2,ehsansp
2041,16506426,i moichchi :sob:,2026-07-09 02:42:03,0.11,2,abdullahshafi2021
2042,15939268,Lucien de Rubempre,2026-05-13 05:32:15,0.11,2,lucienderubempre
2043,15671155,Ravi Makhija,2026-04-26 17:51:17,0.11,2,ravimakhija
2044,16321982,Zhongyuan Zhang,2026-07-05 12:56:39,0.11,1,z1493916656
2045,16025438,zohir benmalek,2026-05-19 16:38:19,0.11,1,zohirmalek
2046,16676389,Y. Kim,2026-08-21 17:50:40,0.11,5,ywkim22
2047,15640764,Sai Shreekar G,2026-05-15 03:27:00,0.11,2,saishreekarg
2048,15493593,waechter,2026-03-26 10:01:16,0.11,1,waechter
2049,16117471,Quetzali Ramírez Guillén,2026-05-31 03:31:13,0.11,2,coystan
2050,15494266,Tharaka Umayanga,2026-03-26 11:33:50,0.11,1,crazyfox001
2051,16733960,Rand Go,2026-08-17 19:36:59,0.11,1,randgo
2052,16249007,BlueFlame202,2026-06-13 19:10:34,0.11,2,aathreyakadambi
2053,16066658,Chia-Han Chen,2026-05-27 02:14:47,0.11,1,chiahanchen
2054,15504373,GanadorPlusUltra,2026-04-04 01:08:02,0.11,4,ganadorplusultra
2055,16368320,Kyrenic,2026-08-26 06:54:09,0.11,10,kyrenic
2056,15495078,Revanth Kodati,2026-03-26 19:10:15,0.11,1,kodatirevanth
2057,16357889,Gopokionel,2026-08-04 05:35:58,0.11,5,gopokionel
2058,15488392,Omar,2026-03-27 00:03:23,0.11,1,omarafik
2059,15584179,Klgv Klgv,2026-04-19 20:08:57,0.11,2,klgvklgv
2060,16458373,Pallavi R,2026-07-15 13:55:50,0.11,2,pallavi1407
2061,16754530,田口雄大,2026-08-23 05:14:52,0.11,2,"shiiin9,ydi102143"
2062,16594962,abdallah farouk,2026-07-31 00:34:32,0.11,1,farouk09
2063,16374045,Ethan Liu,2026-06-20 14:47:35,0.11,3,ethanl22
2064,15512002,Tom,2026-03-29 11:38:54,0.11,1,tomokisano
2065,15488557,TeamRED,2026-03-27 04:14:08,0.11,2,noproo
2066,16582387,kwonj0815@gmail.com,2026-07-21 16:44:51,0.11,1,kwonj0815gmailcom
2067,15503023,hetul patel,2026-07-18 18:21:59,0.11,3,hetul803
2068,15880333,Ninym06,2026-06-23 10:29:05,0.11,2,ninym06
2069,16716151,Hsu HH,2026-08-14 04:57:25,0.11,2,beatles1823
2070,16756317,Derrick Lace,2026-08-21 19:18:10,0.11,1,derricklace
2071,16770418,qiuqiu,2026-08-30 02:38:57,0.10,5,qiuqiuh
2072,16464853,guochangZhang,2026-07-05 03:18:23,0.10,1,guochangzhang
2073,16244857,Ben Jenkins,2026-06-07 22:03:12,0.10,2,benjenkins96
2074,15573392,Chitranjan Singh,2026-04-22 18:32:50,0.10,1,chitranjansingh
2075,15492306,H. Dewmal ,2026-08-09 17:10:07,0.10,1,dewmalnilanka
2076,15497023,rldoeswork,2026-08-13 01:58:12,0.10,1,maharishiva
2077,16541755,gugugaga!,2026-07-14 04:25:00,0.10,1,ccrcrcr
2078,16655317,Emin Gürbüz,2026-08-08 19:31:09,0.10,4,emingrbz0
2079,15834772,James Wilkins,2026-05-05 06:02:58,0.10,2,jameswilkins
2080,16674972,Noureddine Mohammedi,2026-08-12 11:31:54,0.10,4,noureddinemohammedi
2081,16760619,Sho Saga,2026-08-29 10:14:41,0.10,3,shosaga
2082,15828349,yang1911,2026-05-04 14:48:34,0.10,1,yang1911
2083,15998556,Kevin Shao,2026-05-27 08:26:54,0.10,2,kevinshao04
2084,16384154,Baris Yazici,2026-06-23 11:50:24,0.10,4,barisyazici30
2085,15573094,Hitchhiker2TheFuture,2026-06-09 01:28:50,0.10,8,hitchhiker2thefuture
2086,16688449,Vicwlau,2026-08-08 05:21:02,0.10,1,vicwlau
2087,16267486,reasonofmoon,2026-06-08 11:11:51,0.10,1,reasonofmoon
2088,15505322,Emiliano Gasparovic,2026-03-28 05:31:07,0.10,1,emilianogasparovic
2089,15499036,Jiwei Liu,2026-03-30 21:37:36,0.10,2,jiweiliu
2090,15509517,somebodyOnKaggle,2026-03-29 00:42:49,0.10,1,somebodyonkaggle
2091,16085896,Paul Joseph,2026-05-31 08:07:38,0.10,1,paultechm
2092,16739889,Ayush Arora,2026-08-20 00:29:54,0.10,2,ayuslharora
2093,16324926,Buzz shocker,2026-06-29 05:54:09,0.10,1,"buzzshocker,lordyashpratap"
2094,15609207,Alexander,2026-04-13 13:30:07,0.10,1,krugex
2095,16715965,AlanHsu_AI0116,2026-08-21 05:37:49,0.10,6,alanhsuai0116
2096,16266300,zzzzzzrc,2026-06-11 04:23:37,0.10,4,zzzzzzrc
2097,15487355,S,2026-04-02 21:22:29,0.10,3,carlostoppani
2098,15487103,Guanghan Ning,2026-06-19 18:45:08,0.10,5,guanghanning
2099,16430419,loadingAC,2026-06-25 08:31:18,0.10,1,loadingac
2100,15763912,Harry Zhao HY,2026-04-30 02:26:21,0.10,3,harryzhaohy
2101,15539171,GrootX,2026-04-03 21:51:16,0.10,1,grootx
2102,16792140,haiy_qq,2026-08-30 06:33:16,0.10,1,haiyqq
2103,16536460,Cont Gi,2026-07-14 02:31:46,0.10,2,contgi
2104,16716260,Phoenix,2026-08-14 01:33:09,0.10,1,phoenix189
2105,15786837,macleonjinkan@hotmail.com,2026-04-29 22:19:16,0.10,1,macleon
2106,15585605,pkms,2026-06-30 00:04:15,0.10,5,prakamyamishra
2107,16327509,fabio rovai,2026-06-19 08:57:57,0.10,4,fabiorovai
2108,15498286,Hira-X,2026-03-30 23:23:49,0.10,2,abdullahasoliman
2109,16726265,noxdarko,2026-08-15 18:56:08,0.10,1,noxdarko
2110,16717721,Sai Teja Bandaru,2026-08-28 20:31:03,0.10,3,saitejabandaruin
2111,16627226,JohnBaby,2026-08-02 17:17:04,0.10,1,junzhewong
2112,15536113,IjlalBaig,2026-04-05 16:51:20,0.10,1,ijlalbaig92
2113,16349882,Nikhil Pradhan,2026-08-06 18:58:34,0.10,6,nikhilpradhan1
2114,16444911,JShen,2026-07-04 12:32:37,0.10,1,qjshen
2115,15995392,Hiroyasu Okuno,2026-06-06 01:47:51,0.10,1,hiroyasuokuno
2116,16273359,JinXian Chen,2026-07-16 16:06:45,0.10,6,jinxianchen
2117,16100782,StevenKaseiyo,2026-05-28 13:03:29,0.10,1,stevenkaseiyo
2118,15943261,Raphael Gusmao,2026-05-25 22:49:08,0.10,5,raphaelgusmao
2119,15817057,Erich Bochenek,2026-05-12 10:04:22,0.10,5,erichbochenek
2120,16588811,GameAGI,2026-08-10 06:32:09,0.10,1,"mama5647,voidin,zhangruichen66"
2121,16054431,Tuna Xiao,2026-06-13 09:41:13,0.10,1,tunaxiao
2122,15489968,Haradi Bots,2026-03-27 03:22:10,0.10,2,haradibots
2123,15510259,[Deleted] 148fbb43-b531-4414-91bf-40351a0788aa,2026-03-29 04:06:37,0.09,1,del=358c10d722d32731
2124,16387375,Tanh2405,2026-06-19 07:44:34,0.09,1,tanh2405
2125,15513341,wolf,2026-04-15 00:30:41,0.09,1,naoufelelbachir
2126,16716148,liuhungyi,2026-08-14 00:21:22,0.09,1,liuhungyi
2127,16732429,Raoul Biagioni,2026-08-25 10:24:10,0.09,3,raoulbiagioni
2128,16717152,yesterdays_rebel,2026-08-13 12:09:43,0.09,1,irfanparaniya
2129,15506954,Rafay Shahid0,2026-03-31 02:15:53,0.09,1,rafayshahid0
2130,15708278,Huy Lôi Giang,2026-04-23 09:51:38,0.09,1,huyloi
2131,16750764,Patricia Purtill,2026-08-28 10:50:50,0.09,3,patriciapurtill
2132,16561130,DA willowtree,2026-07-17 21:29:39,0.09,1,dawillowtree
2133,15637997,the_coder,2026-07-23 07:27:50,0.09,2,samyukthahr
2134,15863749,don gunning,2026-08-11 19:33:27,0.09,11,dongunning
2135,16559107,Joan Bitutu,2026-07-17 11:27:51,0.09,1,joanbitutu
2136,16791947,Yonghwan,2026-08-30 04:42:57,0.09,1,yonghwan2161
2137,16722080,AJ Calica,2026-08-27 13:55:08,0.09,2,abduljabbarcalica
2138,15785831,Kamal Biswakarma,2026-04-29 21:24:18,0.09,1,kamalbiswakarma
2139,15522177,Arpit Singh,2026-05-20 04:42:35,0.09,5,arpitsingh8809
2140,16468343,SonuYadav889,2026-07-11 16:35:09,0.09,2,sonuyadav889
2141,16417945,Rajshekar,2026-06-23 07:52:30,0.09,1,mtech24m0793
2142,16687920,nabil,2026-08-08 11:47:10,0.09,1,marchworks
2143,16480484,phongtintruongg,2026-08-25 10:07:25,0.09,1,phongtintruongg
2144,16386238,Aditya Singh,2026-06-19 10:44:39,0.09,1,adityasingh157735
2145,15498152,Rohan Dekate,2026-03-27 00:24:40,0.09,1,rohandekate13
2146,15490043,Pranav A,2026-06-27 14:39:32,0.09,1,pranav47
2147,15519101,yanjixiang,2026-04-01 14:55:49,0.09,1,yanjixiang
2148,15528321,Mawra Musawar,2026-06-09 11:47:50,0.09,1,mawramusawwar
2149,15488213,little cat,2026-04-13 06:37:32,0.09,1,tangtang1999
2150,15498108,GrassClass2026,2026-06-13 16:21:44,0.09,1,oxjunhao
2151,16791861,Fabian Friedland - xBrain,2026-08-30 03:58:54,0.09,1,fabotelli
2152,16564309,Nadav Lederman,2026-08-02 12:53:40,0.09,4,nadavlederman
2153,16559560,wonofone,2026-08-08 06:50:14,0.09,1,wonofone
2154,15488412,[Deleted] 03f7a0e7-4358-4906-88ed-86eadf91a51c,2026-03-28 00:17:12,0.09,3,del=158dba91f520bef9
2155,15494572,namanbnsl,2026-08-22 08:06:35,0.09,1,namanbnsl
2156,15641659,Avery Scott,2026-04-19 19:27:51,0.09,1,solarusblank
2157,15732134,Ryan Ghorbandoost,2026-04-24 18:46:29,0.09,1,ryanghorbandoost
2158,16400248,G4br13l,2026-06-20 08:34:02,0.09,1,g3br13l
2159,15574032,KARLMAC,2026-07-21 14:54:44,0.09,5,karlmac
2160,15492342,Jerome Sieber,2026-06-29 09:06:09,0.09,1,jeromesieber
2161,16379780,Jahir Chowdhury,2026-06-17 09:01:24,0.09,1,jahirchowdhur
2162,16593808,RuiFSPinto,2026-07-28 07:07:04,0.09,5,ruifspinto
2163,16749470,Hetchy,2026-08-20 16:56:24,0.09,1,yukihet
2164,16498321,Matthew Childs,2026-07-08 00:01:12,0.09,2,varellium
2165,16475859,Sega Mega,2026-08-01 23:48:15,0.09,4,segamega
2166,16448948,Aur Shalev Merin,2026-07-03 18:10:27,0.09,4,aurshalevmerin
2167,15657134,WilsonFu,2026-05-28 05:12:13,0.09,1,willsonfu
2168,16697953,Macx Vasquez,2026-08-10 02:29:41,0.09,1,macxvasquez
2169,15985403,[Deleted] 2361894e-be69-404a-b6a8-928369b492a0,2026-06-24 00:16:53,0.09,2,del=5900c7ab80aef0b9
2170,15519186,Linda MacPhee-Cobb,2026-03-31 19:47:05,0.09,1,wrinkledtime
2171,16772989,Hieu AIO 2023,2026-08-27 08:27:48,0.09,1,hieuaio2023
2172,16683904,Void_Rune,2026-08-12 13:14:20,0.09,6,voidrune
2173,15668591,Longkun Shi (Candyman),2026-04-25 04:21:39,0.09,3,longkunshicandyman
2174,15807768,shigeria,2026-05-01 05:20:53,0.09,1,shigeria
2175,15756777,Aimar Haddadi,2026-05-31 10:30:46,0.09,2,aimar00
2176,16296118,kobayasi,2026-08-14 01:00:09,0.09,2,boomvector
2177,16006820,pop smoke fan,2026-05-18 12:47:17,0.09,1,bibisorobabydjon
2178,16482397,Matt Mazur,2026-07-03 17:24:38,0.09,1,mhmazur
2179,16333016,PRANAY MANE ,2026-06-28 03:40:11,0.09,7,mpranay53
2180,15491631,Cody Terry,2026-03-27 02:21:20,0.09,2,codyterry
2181,16785702,Mathias Kosinski,2026-08-30 08:14:59,0.09,2,mathiaskosinski
2182,16337443,yuji y,2026-08-21 02:28:17,0.09,2,yujiyyy
2183,15618050,Elisha777,2026-07-11 07:17:23,0.09,7,elisha777
2184,15496358,Saurabh Dasgupta,2026-07-09 14:15:37,0.09,1,dasgupsa500
2185,16483109,kaixinw6,2026-08-20 17:52:51,0.09,3,kaixinw6
2186,16083613,shotaro sakaguchi,2026-06-13 12:36:35,0.08,2,sakaguti1211
2187,16094088,çağrı okan,2026-06-07 10:52:02,0.08,2,cagrokan
2188,16241510,KunalKakade,2026-06-09 01:27:41,0.08,2,kunal808
2189,16644285,Pedro_Afonso2,2026-08-03 00:14:29,0.08,2,pedroafonso2
2190,16714366,sergiobuilds,2026-08-15 18:54:49,0.08,1,sergiobuilds
2191,15505309,laoshucike,2026-06-14 05:44:41,0.08,2,laoshucike
2192,16274295,Mitotic,2026-06-12 14:51:52,0.08,2,"bytemuneeb,clarkcarter,muzicodes"
2193,16116181,MakiMakiAi,2026-06-21 11:01:52,0.08,1,makimakiai
2194,15657776,ignace mutuza,2026-08-27 14:45:26,0.08,13,ignacemutuza
2195,15488399,ZhiruiLuo,2026-04-03 00:32:09,0.08,1,zhirluo
2196,16715388,LiuChen1350,2026-08-13 03:14:24,0.08,1,liuchen1350
2197,15554719,Hajar Besbassi,2026-04-10 17:04:03,0.08,1,jolizare
2198,15492759,jungwon Eom,2026-03-26 14:23:37,0.08,1,jungwoneom
2199,15496387,Patryk Wolny,2026-08-15 01:31:41,0.08,3,patrykwolny
2200,16638027,Randynho,2026-08-15 19:20:53,0.08,5,randynho
2201,16759482,64 Aashish Chaudhary,2026-08-24 15:06:44,0.08,1,trh2023
2202,15932596,Matt Davis,2026-05-24 02:02:34,0.08,3,matteius
2203,16613524,yoikoarmor,2026-07-31 23:33:59,0.08,2,yoikoarmor
2204,15626214,Mounika Kalamraju,2026-04-16 02:23:11,0.08,1,mounikakalamraju
2205,16096798,mark zhang,2026-06-01 15:46:50,0.08,1,markdaddy
2206,15643224,Rahul,2026-04-18 09:08:21,0.08,1,rahulatrkm
2207,16639249,Edgardo Lovell,2026-08-24 12:50:14,0.08,2,edgardolovell
2208,15699347,Oskar Seweryn,2026-05-08 07:23:06,0.08,2,oskarseweryn
2209,16551905,Vladislav Babichev,2026-07-18 01:16:41,0.08,1,vladislavbabichev
2210,15487386,Evan Pieser,2026-06-19 00:27:57,0.08,3,evanpieser
2211,15492339,せいき,2026-03-29 13:58:56,0.08,2,gzyztc
2212,15517835,pexoML,2026-04-04 09:11:34,0.08,3,pexoml
2213,15836656,Sutee,2026-05-10 08:28:46,0.08,2,lszlst
2214,15985981,YUXIANG0853,2026-05-26 13:27:20,0.08,3,yuxiang0853
2215,16102239,Abhay Gupta,2026-05-28 18:59:18,0.08,1,abhaygupta404
2216,15487749,fnhirwa,2026-06-04 11:30:45,0.08,3,fnhirwa
2217,16157279,Ahmed Sobeih,2026-06-05 02:19:29,0.08,2,ahmedsobeih
2218,16297653,satyamsingh5512,2026-06-15 06:23:52,0.08,4,satyamsingh5512
2219,15841376,Afro AI,2026-06-16 07:22:33,0.08,10,aosanya
2220,16103492,Rubens Sosa,2026-06-28 01:54:27,0.08,4,rubenssosa
2221,16428391,GoodRelax,2026-06-30 12:59:08,0.08,3,goodrelax
2222,15940100,JINGBO SHI,2026-06-30 05:20:47,0.08,1,sherlockucb
2223,16077130,Ghbmaster,2026-07-21 13:13:33,0.08,3,ghbmaster
2224,15549210,Sardor Razikov,2026-08-27 10:26:10,0.08,11,sardorrazikov
2225,16500691,Vyomakesh Dundigalla,2026-07-24 17:41:49,0.08,3,vyomakeshdundigalla
2226,16634065,kuangfeng,2026-08-02 01:08:13,0.08,2,kuangfeng
2227,16693920,Muheng,2026-08-16 09:06:24,0.08,2,muheng
2228,16722258,Nilutpal Pathak,2026-08-14 18:21:15,0.08,1,neel21yt
2229,16753475,Huiyun Hu,2026-08-21 16:54:50,0.08,1,huiyunhu
2230,16763880,KUKURI Project,2026-08-26 20:09:15,0.08,2,shotaazuma
2231,16773384,sxxazt,2026-08-26 06:53:02,0.08,1,zhitian
2232,16777692,Ricky #3,2026-08-29 04:45:45,0.08,3,suprasm
2233,16748595,Violet Notes,2026-08-30 08:14:51,0.08,2,dominicjamil
2234,16790423,chugarchugarr,2026-08-29 16:31:23,0.08,1,chugarchugarr
2235,16516843,Aditya Singh Kshatriya,2026-08-24 12:29:02,0.08,1,adityasinghkshatriya
2236,16268658,kiritohhhhh,2026-06-19 08:58:55,0.08,1,txdyhs
2237,16555623,Kent Takamatsu,2026-07-21 01:15:21,0.08,2,kenttakamatsu
2238,16269142,YYF,2026-08-26 14:06:24,0.08,1,yzyuan142857
2239,15487928,YERMES AMINE,2026-03-26 21:26:15,0.08,2,yermes
2240,16664821,Rishi_Lokesh07,2026-08-23 15:33:26,0.08,1,rishilokesh07
2241,15716261,John Taylor (AI),2026-08-19 20:00:40,0.08,24,johntaylorai
2242,16716052,yosi,2026-08-13 07:19:28,0.08,1,yositw3824
2243,16093040,Qianhao Yao,2026-06-13 11:55:44,0.08,2,yaoqianhao
2244,16086045,Praxis tools,2026-06-10 20:24:40,0.08,1,praxistools
2245,16607916,orangger,2026-07-28 07:18:41,0.08,1,orangger
2246,16714597,Cole Godfrey1,2026-08-13 02:05:25,0.08,1,colegodfrey1
2247,16582867,Lazyman,2026-08-10 02:45:00,0.08,1,lazyman
2248,16530791,Kyles Light,2026-07-11 05:11:23,0.08,1,kyleslight
2249,16292501,Chance Pickett,2026-06-10 21:37:07,0.08,1,chancepickett
2250,15504183,Luka Popovici,2026-03-27 23:39:49,0.08,1,lukapopovici
2251,16671699,sabari nathan,2026-08-08 08:02:10,0.08,3,sabarinathan
2252,16197314,Shubham Veer,2026-06-24 05:29:12,0.07,1,shubhamveer
2253,16422666,Sapiens Livre,2026-06-27 03:17:12,0.07,4,sapienslivre
2254,15930504,addi,2026-05-13 08:16:38,0.07,1,addi11
2255,15708044,[Deleted] a886bc33-8817-4775-a243-50321ef72a07,2026-04-26 19:52:12,0.07,2,del=b331b9c946b1b426
2256,15879401,LucyHe2,2026-05-06 22:27:42,0.07,1,lucyhe2
2257,16144803,MSG_Encrypted,2026-06-07 21:36:48,0.07,3,msghais
2258,16728570,Mimo,2026-08-17 09:40:02,0.07,2,architranjan29
2259,15551669,Mark Coffey,2026-06-15 05:15:14,0.07,1,sasquilly
2260,15528577,kagglewangtang,2026-06-15 06:01:06,0.07,2,kagglewangtang
2261,15501158,Arunkumar dsci,2026-04-15 09:43:16,0.07,2,arunkumardsci
2262,16564803,dongfangdaguo,2026-08-09 08:30:14,0.07,2,dongfangdaguo
2263,15996416,Trung Nghia,2026-08-10 15:19:19,0.07,1,trungnghia
2264,15566888,Arpit Singh Gautam,2026-04-08 21:45:42,0.07,1,arpitsinghgautam
2265,15833254,Poseidon,2026-05-07 23:14:06,0.07,3,posiedon
2266,16554964,clouds111,2026-07-29 07:27:27,0.07,1,clouds111
2267,16016320,Dengyi Liu,2026-05-20 03:20:47,0.07,1,dengyiliu
2268,15494712,Hasnaa Bennis,2026-04-24 15:50:33,0.07,2,hasnaabennis
2269,15655993,LarissaWF,2026-04-22 19:09:34,0.07,1,larissawf
2270,15496361,CheeseMaster,2026-03-26 16:55:43,0.07,1,timissosmart
2271,15889979,devomage,2026-06-19 01:36:51,0.07,8,devomage
2272,16562789,Preet,2026-07-25 18:14:19,0.07,1,hpkaur34
2273,16604162,LC-Swordsmen,2026-08-04 13:42:27,0.07,5,"jackylegends,ztcstudy"
2274,15505169,Deptrais1VN,2026-04-02 09:20:43,0.07,3,shiinehata
2275,16284941,Paul Piper,2026-06-11 11:33:29,0.07,1,paulmpiper
2276,16685812,Abasu,2026-08-10 00:46:23,0.07,2,abasu644
2277,16434341,Al Kibriar Hossain,2026-06-25 17:07:49,0.07,1,iamkhs
2278,16383087,Super Humanoid,2026-06-29 02:59:15,0.07,2,superhumanoid
2279,16143078,petkovacs,2026-06-01 13:10:14,0.07,1,petkovacs
2280,16483350,koyama_ryuji,2026-07-03 21:29:17,0.07,1,koyamaryuji
2281,15660025,arodmor,2026-07-13 18:04:10,0.07,1,arodmor
2282,16578050,ashsah,2026-07-21 02:06:59,0.07,1,ashsah
2283,16294943,Ömer Berkay Sarıgül,2026-06-11 01:52:00,0.07,1,omerberkaysarigul
2284,16729910,Christoffer Thimsen,2026-08-17 06:34:57,0.07,2,lowasitgoes
2285,16208382,weiyi,2026-06-05 01:03:19,0.07,2,txdywy
2286,16610154,Wodo888,2026-08-17 06:05:00,0.07,14,wodo888
2287,16278020,flyingfox,2026-06-27 14:45:47,0.07,1,harrysun2006
2288,16585180,Yuchen Liu,2026-07-25 08:28:46,0.07,2,lyc070510
2289,16593632,Neko Core,2026-07-24 12:24:41,0.06,1,holilihu
2290,16722023,Kevoh Mutwiri,2026-08-18 07:50:44,0.06,3,kevohmutwiri
2291,15542847,code4me2,2026-04-13 21:05:53,0.06,1,code4me2
2292,16724783,KANCHETi Devieswar,2026-08-20 00:00:47,0.06,2,kanchetidevieswar
2293,15984317,Zeref12344321,2026-05-20 19:04:39,0.06,6,zeref12344321
2294,16693067,Chandra Yakkali,2026-08-19 11:28:57,0.06,2,chandrayakkali
2295,16021260,Kushagra Bhushan,2026-05-19 11:27:26,0.06,1,kushagrabhushan
2296,16574597,c.e hsiao ,2026-07-21 07:44:40,0.06,1,cehsiao
2297,16779709,moyunyun ,2026-08-27 12:22:31,0.06,1,moyunyun
2298,16671409,Thiago Farya,2026-08-10 12:05:18,0.06,2,thiagofarya
2299,16157264,raywu918python,2026-06-04 01:33:14,0.06,3,raywu918python
2300,15951910,Jim Jardine,2026-07-23 00:22:58,0.06,1,jimjardine
2301,16662968,Rangga Figo Hidayat,2026-08-05 07:06:51,0.06,1,aproditzecaspersky
2302,15515989,jessie riggle,2026-07-04 22:44:16,0.06,2,lashagogilidze
2303,15501055,Omar Isbaitan,2026-05-01 14:47:31,0.06,2,omarisbaitan
2304,16735574,George_S_Thomas,2026-08-21 05:14:54,0.06,2,georgesthomas
2305,16599680,Michal Swietek,2026-07-25 20:38:52,0.06,1,michalswietek
2306,16744753,yashmathur777,2026-08-24 12:48:59,0.06,3,yashmathur777
2307,15661391,Anna Barbato,2026-05-20 01:05:04,0.06,3,annabarbato
2308,15812600,HomieDaddy,2026-07-02 10:41:32,0.06,8,homiedaddy
2309,15545278,Tra Crew,2026-04-03 08:18:43,0.06,1,tracrew
2310,15546133,roc,2026-04-05 19:01:22,0.06,1,roebius
2311,15493616,STARGA,2026-06-30 12:35:44,0.06,1,cputer
2312,15883359,adhithyan u,2026-05-20 15:52:42,0.06,1,adhithyanu03
2313,16536319,Jiantao Zhao,2026-07-17 13:44:15,0.06,2,gordan123
2314,16595314, simplicity,2026-07-27 21:01:23,0.06,3,simplicity
2315,16677330,fistyee,2026-08-15 04:15:55,0.06,1,fistyee
2316,16640841,tang yangzhou,2026-08-04 01:09:46,0.06,2,tangyangzhou
2317,15702712,Opoch,2026-04-25 12:31:40,0.06,1,dvcoolster
2318,15899313,elmwood,2026-06-25 02:35:19,0.06,2,mmarsh5528
2319,15538912,jmorales,2026-06-11 03:46:41,0.06,8,javiermoralesestevez
2320,16552856,Warren Faassen,2026-07-20 14:13:37,0.06,5,warrenfaassen
2321,15513259,Nicolae Pascal,2026-07-30 07:59:20,0.06,4,nicolaepascal78
2322,16716143,Ianwah,2026-08-14 01:07:59,0.06,1,ianwah
2323,15491261,Hiyato,2026-03-27 01:21:32,0.06,2,hiyato
2324,15503157,Shreas Labib,2026-03-28 23:20:01,0.06,2,shreaslabib
2325,15487036,JeffFosterUK,2026-03-28 18:50:19,0.06,1,jefffosteruk
2326,15516534,OneUpKiwi,2026-04-02 07:35:33,0.06,3,oneupkiwi
2327,15745740,gyindeu,2026-04-30 16:57:39,0.06,2,gyindeu
2328,15663369,Nobel16,2026-05-20 04:07:34,0.06,1,nobel16
2329,15629748,Felix,2026-05-28 05:51:58,0.06,1,accidentalbrain
2330,16233392,Ruirong Feng,2026-07-07 20:14:22,0.06,5,ruirongfeng
2331,15530697,sasaki,2026-07-13 11:41:44,0.06,2,rsasaki
2332,16678230,Holsoul,2026-08-07 05:27:47,0.06,1,holsoul
2333,16032816,David Hartmann,2026-08-21 23:58:45,0.06,23,"dvhrtm,sbrodehl"
2334,16748123,Cynthia Omovoiye,2026-08-22 11:25:13,0.06,2,cynthiaomovoiye
2335,16759321,Naichh,2026-08-22 18:35:01,0.06,1,naichh
2336,16765994,Jeen Palolikkal Narayanan,2026-08-27 04:34:56,0.06,3,pnjeen
2337,16532484,Alex Sehdeva,2026-08-29 02:22:26,0.06,42,alexsehdeva
2338,16742320,Garg Technical,2026-08-19 10:09:18,0.06,1,gargtechnical
2339,16400723,Vighnesh Deshpande,2026-06-20 08:55:24,0.06,1,deltaproxima
2340,16037188,Aastik Rajan15,2026-05-22 22:41:10,0.06,2,aastikrajan15
2341,16041599,AhmedberaT Ozer,2026-05-21 19:02:53,0.06,1,ahmedberatozer
2342,16538233,dozcat,2026-07-19 05:53:15,0.06,4,dozcat
2343,16698305,Takuma Kojima,2026-08-10 07:23:25,0.06,1,takumakojima
2344,16759142,y.y.y.1024,2026-08-23 12:55:00,0.06,1,yyy1024
2345,16783255,Jordi Corbilla,2026-08-29 05:52:09,0.06,2,jordicorbilla
2346,16781474,Alvaro Geppetto,2026-08-27 23:37:58,0.06,1,alvarogeppetto
2347,16691339,zhongtian,2026-08-08 14:15:12,0.06,1,kmtbang
0,15485223,Just Explore,2026-03-25 00:34:54,0.06,1,
2348,16690521,Aditya #2,2026-08-09 02:17:10,0.05,1,a0x1ab
2349,15652099,Mohaned Najar,2026-05-07 08:28:32,0.05,6,mohanednajar
2350,15822703,Cheesecake,2026-07-07 02:39:46,0.05,5,chelseaaurel
2351,16675756,enes1359,2026-08-06 16:19:25,0.05,1,enzeceb
2352,15494467,Blade Runner,2026-03-27 08:18:32,0.05,1,lonesomefish
2353,16301451,Sarfaraz Ahamed,2026-06-13 13:17:40,0.05,1,sarfarazahamed
2354,15493007,Imaad Fazal,2026-06-29 07:43:07,0.05,1,imaadfazal
2355,15748139,Hunter,2026-05-06 10:34:49,0.05,5,satishhanchinal
2356,16368288,Atom McCree,2026-06-22 12:41:45,0.05,2,atommccree
2357,16783542,sectoreffector,2026-08-28 08:10:44,0.05,1,sectoreffector
2358,15506544,Geby Jaff,2026-03-29 07:22:43,0.05,2,gebyjaff
2359,16693306,Hongxin Su,2026-08-09 07:54:33,0.05,1,hongxinsu
2360,16579795,tobeMob,2026-07-23 10:56:06,0.05,1,tobemob
2361,16536163,Team GI,2026-07-14 00:47:10,0.05,1,mortadhaali
2362,15738880,Sean McGee,2026-05-16 00:37:13,0.05,3,seanmcgee2025
2363,16115562,JackLX,2026-06-22 19:13:10,0.05,1,jacklx
2364,15718994,wzk1015,2026-04-23 13:26:45,0.05,1,wzk1015
2365,15495411,Jin Niu,2026-03-26 14:41:32,0.05,1,gufanmingmie
2366,15487848,sigmaborov,2026-03-25 21:33:18,0.05,1,sigmaborov
2367,15509754,Thomas Greissler,2026-03-29 00:22:16,0.05,1,thomasg22202020
2368,16691314,EricYang03,2026-08-09 00:03:00,0.05,2,ericyang03
2369,16377188,ddplay03,2026-06-27 09:15:59,0.05,1,ddplay03
2370,15525344,vividmind,2026-04-09 15:37:06,0.05,1,frozenorb
2371,16682521,Saber #2,2026-08-08 22:59:21,0.05,2,kagurakurage
2372,15625666,Mingeon Kim,2026-04-28 22:03:31,0.05,8,maeng31
2373,15743819,Abd-alrhman,2026-05-29 17:54:18,0.05,2,abdalrhman2212
2374,16713253,bsqaqovo,2026-08-13 01:54:25,0.05,1,bsqaqovo
2375,16448425,Dmytro Rakovskyi,2026-07-18 21:15:40,0.05,3,dmytrorakovskyi
2376,16719829,Mohammed Nomaan,2026-08-17 12:28:38,0.05,4,nomaanz
2377,15952276,David Li,2026-05-14 02:30:22,0.05,1,davidli2018
2378,15922138,Santiago D. J. V. G.,2026-06-15 20:31:37,0.05,1,seasthaalores
2379,15990682,pantrucas,2026-05-17 03:14:58,0.05,2,pantrucas
2380,16767590,Bug Bounty Hunter00,2026-08-25 05:19:30,0.05,1,bugbountyhunter00
2381,16482651,Roy Lampe,2026-07-05 21:06:21,0.05,1,roylampe
2382,16597608,Hecate-Hive-Swarm,2026-08-21 05:25:12,0.05,1,ezrakho
2383,16444597,bohemian3657,2026-06-27 22:23:44,0.04,1,bohemian3657
2384,15971997,Hem Viramgama,2026-05-14 13:45:11,0.04,1,hemviramgama
2385,15660252,Blazooka,2026-05-12 12:34:33,0.04,1,cucurbitaceum
2386,16766293,Tim Neale,2026-08-28 11:31:49,0.04,1,timothyjneale
2387,16777852,Luigi ishii,2026-08-28 16:19:42,0.04,2,luigiishii
2388,15524360,JunjieZhong,2026-04-02 08:58:27,0.04,1,zephyrchilly
2389,16255768,jakkkc,2026-06-07 05:15:05,0.04,1,jakkkc
2390,15614439,Yogesh Jadhav,2026-08-14 04:44:12,0.04,4,dynamo14324
2391,16729573,oNanachii,2026-08-16 20:20:55,0.04,1,madokaovo
2392,15565022,Sterna Lucas,2026-04-26 19:25:16,0.04,1,sternalucas
2393,16705241,Sima Yi,2026-08-20 10:01:49,0.04,4,aceplayer11
2394,16005913,Sheldon Henriques,2026-05-17 20:46:59,0.04,1,sheldonhenriques
2395,16408996,Wu You,2026-06-30 23:58:53,0.04,2,yoevergarden
2396,15504516,Francis Ndirangu,2026-06-30 00:21:22,0.04,2,frankkojee
2397,16212098,Dhirpal Shah,2026-06-04 18:40:44,0.04,1,dhirpalshah
2398,16213573,White Lee,2026-06-04 07:41:10,0.04,1,tokaiteio114514
2399,16716199,ShuShu0401,2026-08-14 05:03:42,0.04,1,shushu0401
2400,16481217,Giulio,2026-07-06 00:17:45,0.04,4,giudo85
2401,16597934,Nehemiah Balozi,2026-07-25 11:17:34,0.04,1,nehemiahbalozi
2402,16055721,spacekkk,2026-06-01 13:38:45,0.04,1,spacekkk
2403,16328524,kalisto theo willaey,2026-06-13 16:39:52,0.03,1,kalistotheowillaey
2404,16751502,Sam Reinehr,2026-08-27 20:21:33,0.03,2,"bowumines,samreinehr"
2405,16771105,Astra,2026-08-26 18:09:51,0.03,1,williamtheprince
2406,15946448,HKLucian,2026-05-13 08:38:43,0.03,1,hklucian
2407,16514055,Ollyhhhh,2026-07-10 00:23:49,0.03,1,ollyhhhh
2408,16451672,vinhdq17,2026-06-29 15:05:19,0.03,1,vinhdq17
2409,15912179,Dmitrii Gluzdov,2026-05-24 09:14:21,0.03,1,dmitriigluzdov
2410,15504738,AidenSong123,2026-03-29 01:14:19,0.03,1,aidensong123
2411,16710644,Arnav Mishra #2,2026-08-21 07:17:23,0.03,4,arnavmishra02
2412,16377136,stoneworld,2026-07-01 00:01:20,0.03,3,thestarsea
2413,15492601,Raffi Ardhi Naufal,2026-03-29 10:50:34,0.03,1,raffiardhi
2414,15505149,[Deleted] be3f9888-a2cf-43ea-8a87-65c9ec1342ea,2026-03-28 03:45:12,0.03,1,del=6caa06b6f93c8e87
2415,15508153,[Deleted] cfcf3a12-2595-4671-b4a5-b9cf2df743f6,2026-03-28 15:21:24,0.03,1,del=d08a8a2f3da206df
2416,16754652,Case Seller,2026-08-22 16:52:04,0.03,1,caseseller
2417,16410539,Toussaint,2026-06-29 14:41:56,0.03,1,captaindadja
2418,16459127,func-nano,2026-06-30 11:55:12,0.03,1,funcnano
2419,16745005,teslas,2026-08-20 00:11:18,0.03,1,teslas
2420,16581219,Shreeshail Bhatta,2026-07-28 06:51:45,0.03,1,"jasonl126,shreeshailbhatta"
2421,16678058,2hani2,2026-08-19 12:35:06,0.03,2,venisatellis
2422,15998137,AIOPSAI,2026-05-16 22:14:21,0.03,1,aiopsai
2423,15504774,[Deleted] dc0f7a78-0d32-4f41-9672-f10150e45e5f,2026-03-28 01:25:51,0.03,1,del=59b016eccf073c77
2424,15504870,[Deleted] 8d2f140f-89b5-4525-a951-ca5ff685ea9d,2026-03-28 02:21:26,0.03,1,del=b522e068b119bc0a
2425,16565686,TheGravityZero,2026-07-27 09:28:14,0.03,3,gaptulkhakov
2426,16639552,MD IBRAHIM,2026-08-29 08:36:34,0.03,19,plasmacoder210
2427,15988786,Ilakk manoharan,2026-08-29 17:28:18,0.03,68,ilakkmanoharan
2428,16219405,ultimatum_game,2026-06-08 06:22:02,0.03,1,ultimatumgame
2429,15831308,Abinav Chandar,2026-05-02 18:21:13,0.03,1,abinavchandar
2430,15514828,llllyz,2026-04-21 12:14:38,0.03,1,llllyz
2431,16455238,[Deleted] 3a47646f-6ceb-4a06-95db-7abf478e0f41,2026-06-30 23:47:51,0.03,1,del=6bcd409465dcfd3b
2432,16312438,Biao,2026-06-14 07:58:55,0.03,1,wubiaowindy
2433,15620908,Zafer Liu,2026-04-16 00:11:29,0.03,1,zaferliu
2434,15631522,Ram Janam Yadav,2026-04-16 14:22:22,0.03,1,ramjanamyadav
2435,16716152,JHkaggle2026,2026-08-14 01:26:11,0.02,1,jhkaggle2026
2436,16594698,沼里太誠,2026-07-25 01:52:19,0.02,1,numaritaisei
2437,16021600,Baihua Xie,2026-07-09 01:56:22,0.02,1,baihuaxie1123
2438,16638824,Madhur Shyam Maurya,2026-08-18 03:07:32,0.02,1,madhurmaurya
2439,15900482,Mianhua07,2026-05-18 20:57:45,0.02,1,mianhua07
2440,16730229,Amr Khaled Elkhamisy,2026-08-17 01:55:06,0.02,1,amrkhaledelkhamisy
2441,15610959,Volkan,2026-04-13 19:27:03,0.02,1,volkan97
2442,15773495,163231040-A2-MOCH. SHULTAN ALI S,2026-04-29 02:16:21,0.02,1,mochshultanalis
2443,16638255,Kushvinth Madhavan,2026-08-01 16:33:09,0.02,1,kushvinthmadhavan
2444,16683943,Sana Ben Driss,2026-08-07 09:57:51,0.02,1,sanabdriss
2445,16396357,Maryam Tahir,2026-07-04 03:28:28,0.02,2,maryamtahir09
2446,16714119,LiuZiyang1016,2026-08-20 00:17:47,0.02,3,liuziyang1016
2447,16369711,Rounak Mukherjee,2026-07-08 06:13:13,0.02,2,zade799
2448,16308848,Longfei Xing,2026-06-18 02:15:36,0.02,6,longfeix
2449,15904549,abcd,2026-06-17 06:06:18,0.02,1,tbmoon
2450,16483802,Zen dovid,2026-07-05 22:58:28,0.02,1,zendovid
2451,16769410,its_mrz,2026-08-29 13:24:55,0.02,1,itsmrz
2452,16326499,ershan23,2026-06-13 12:52:34,0.02,1,ershan23
2453,16046511,Pencil_Boxtime,2026-06-03 12:20:39,0.02,1,pencilboxtime
2454,15836123,Nick Lade,2026-05-03 17:09:14,0.02,1,nicklade
2455,16285734,zzgtylors,2026-07-23 03:18:07,0.02,1,zzgtylors
2456,16761248,James Hu,2026-08-23 09:49:34,0.02,1,cnjameshu
2457,16453621,chiehchang711,2026-08-11 12:22:23,0.02,1,chiehchang711
2458,16725890,Shel Horta,2026-08-18 15:38:19,0.02,1,shelhorta
2459,16281458,Lucas Lorenzo Savino,2026-06-10 00:00:32,0.02,2,lucaslorenzosavino
2460,16021605,QuchengG,2026-06-01 13:08:09,0.01,4,quchengg
2461,16088164,Rohan Alex Bimal,2026-05-27 03:13:40,0.01,1,rohanalexbimal
2462,16545610,awxlong,2026-08-18 16:13:02,0.01,3,awxlong
2463,15486757,Datrin,2026-03-25 17:55:24,0.01,1,datrin
2464,16228625,bami44,2026-06-08 14:15:19,0.01,1,bami44
2465,16614253,gautik,2026-07-30 09:47:04,0.01,1,crossgg
2466,16034145,Jyzzzzzzzzzz1,2026-05-20 15:34:57,0.01,1,jyzzzzzzzzzz1
2467,15584837,🫎.🍷,2026-04-08 14:34:28,0.01,1,"aweiqih,evelynhxy"
2468,15700798,ziom,2026-06-18 21:59:15,0.01,1,ziombski
2469,16557388,china LZU,2026-07-17 04:26:31,0.01,1,chinalzu
2470,16155138,VillanelleXY,2026-06-02 08:32:51,0.01,1,villanellexy
2471,16051675,Klenio Padilha,2026-06-23 07:09:50,0.01,2,kleniopadilha
2472,16672387,Li Dongyuan,2026-08-06 05:37:57,0.01,1,lidongyuan00
2473,16698216,Josh Philbrick,2026-08-30 00:00:50,0.01,9,joshphilbrick
2474,16497933,ni zhengqi,2026-07-07 03:34:21,0.01,1,nizhengi
2475,16561355,Kenny McCormick,2026-07-18 01:54:42,0.01,1,swishy
2476,15520477,Liviu Olos,2026-04-27 03:00:18,0.01,3,liviuolos
2477,16095411,Tuf Kookie,2026-06-12 05:42:33,0.01,2,bernubritz
2478,16418847,FRéeàíbrlghtO0óL Ho,2026-08-30 06:02:09,0.01,3,frebrlghto0lho
2479,15759421,Nico Burger,2026-06-12 12:04:45,0.01,1,nicoburger
2480,15523389,rickzai,2026-04-25 00:15:47,0.01,1,rickzai
2481,15522865,mingiJ,2026-04-03 06:53:28,0.01,1,mingij03
2482,15994024,Sirmos34,2026-05-20 02:24:06,0.01,3,sirmos34
2483,15545397,RODNEY MAWERO,2026-04-03 08:42:19,0.01,1,rodneymawero
2484,15486980,kryptmancer,2026-04-13 08:48:27,0.00,2,aryankafle004
2485,16692755,Shoko,2026-08-17 19:37:32,0.00,1,abreyton
2486,16578998,zly2377,2026-08-19 17:04:53,0.00,10,zly2377
2487,15512139,Jakob Schellenberg,2026-05-07 14:11:10,0.00,5,jakobschellenberg
2488,15741495,Aritra Mazumder,2026-04-26 04:33:20,0.00,1,aritramazumder
2489,16716147,Sam Huang,2026-08-15 12:20:43,0.00,1,samhuang1974
2490,16774231,Laiba Asmatullah,2026-08-27 15:04:31,0.00,2,laibaasmatullah
2491,16407725,sidd,2026-07-31 06:27:25,0.00,3,siddanth5
2492,16716164,Eric Lin,2026-08-14 00:32:02,0.00,1,ericlin900111
2493,16716179,吳炳輝Jacky0916086,2026-08-14 01:40:36,0.00,1,jacky0916086
2494,15998011,Leonardo Domingues,2026-06-24 20:44:52,0.00,2,leonardodomingues
2495,15495117,Memento,2026-04-10 13:51:52,0.00,1,yihangchen1
2496,16740411,Tim H,2026-08-19 02:41:54,0.00,1,timhartill
2497,15625348,Shigeru Kuroyanagi,2026-04-16 08:57:16,0.00,1,shiger
2498,15495643,Arnav Salkade,2026-05-13 03:32:14,0.00,4,arnavsalkade
2499,15511379,Himanshu Singh,2026-08-24 03:07:48,0.00,1,hsx007
2500,16351525,SERG4NT,2026-06-16 08:42:54,0.00,1,serg4nt
2501,16701908,jealoussoil,2026-08-11 23:29:36,0.00,1,jealoussoil
2502,15493435,indhiran ,2026-03-27 02:12:47,0.00,1,indhiran
2503,15817082,Niloy Deb Barma,2026-07-06 16:44:34,0.00,1,niloydebbarma
2504,16327205,Wilson Mugabo,2026-06-13 16:56:39,0.00,1,wmugabo
2505,16722269,Astraeus,2026-08-21 21:04:15,0.00,2,astraeusdotdev
2506,15570326,Junki Kanamori,2026-04-07 11:56:49,0.00,1,junkikanamori
2507,15994610,Muhammad Saeed Pak,2026-06-30 19:10:36,0.00,1,muhammadsaeedpak
2508,15494495,Preechanon Chatthai,2026-03-27 09:32:43,0.00,2,saouza007
2509,16583927,Rainbow,2026-07-22 04:38:51,0.00,1,visterbai
2510,16737246,wamenya sengo tancia,2026-08-18 10:40:21,0.00,1,wamenyasengotancia
2511,16338364,Sonam Eyden,2026-06-18 14:22:41,0.00,3,sonhujkjk
2512,15492056,PRIYANSHU PRAJAPATI,2026-06-10 14:00:41,0.00,2,pentesterpriyanshu
2513,16407537,RhAE,2026-06-21 12:02:11,0.00,1,michaelroust
2514,16040804,Rayen BEN ABDALLAH 88,2026-06-03 01:37:02,0.00,1,rayenbenabdallah88
2515,15583830,Mohit,2026-08-12 05:03:42,0.00,4,mohit98765
2516,16585027,BastiitsaB,2026-07-23 18:36:08,0.00,2,bastiitsab
2517,16380944,SONAM EYDEN,2026-06-18 04:18:25,0.00,2,sonameyden
2518,15490131,DECEM,2026-03-28 00:18:54,0.00,2,zy1343930734
2519,15496145,aurascoper,2026-03-28 02:53:18,0.00,1,aurascoper
2520,15502949,Markus.JM,2026-04-11 07:29:18,0.00,5,maiernator
2521,15516003,KDZZZZZZ,2026-04-01 04:01:27,0.00,1,kdzzzzzz
2522,15551551,Shusuke Hayashi,2026-04-05 19:33:49,0.00,2,shusukehayashi
2523,15532162,umineko_kirie,2026-04-07 17:39:21,0.00,2,uminekokirie
2524,15539529,Bifurcation Lab,2026-04-05 18:50:16,0.00,1,bifurcationlab
2525,15561389,David Swift,2026-04-05 23:36:57,0.00,1,davidswift0920
2526,15525370,ric,2026-04-08 08:49:01,0.00,1,ricardomrodrguez
2527,15566103,Shashank K C,2026-04-09 20:54:38,0.00,1,shashankkc
2528,15587207,Raunav Mendiratta,2026-04-10 01:08:53,0.00,1,raunavmendiratta
2529,15587555,Alx Spiker,2026-04-10 03:23:43,0.00,1,alxspiker
2530,15603705,Akash Kumar Barnwal,2026-04-12 16:14:35,0.00,1,sumeakash
2531,15509929,Beckett Dillon,2026-04-12 19:48:02,0.00,1,beckettdillon
2532,15496262,haseeb ahmad,2026-04-18 04:52:31,0.00,1,hasib007
2533,15642540,MAGMA COT,2026-04-18 05:44:59,0.00,1,magmacot
2534,15670977,skeey,2026-04-29 07:22:11,0.00,3,skeeyyann
2535,15672042,Aisha AL Mahmoud,2026-04-27 19:12:22,0.00,1,aishaalmahmoud
2536,15734660,NOBITA_7,2026-04-28 00:13:14,0.00,1,nobita7
2537,15515403,Gainulla Yeraly [dsmlkz],2026-04-28 03:37:05,0.00,1,eralygainulla
2538,15633520,Nikodim Svetlichnyi,2026-06-13 15:27:06,0.00,2,nikodimsvetlichnyi
2539,15842949,Shin7jp,2026-05-06 13:20:46,0.00,2,shin7jp
2540,15732123,Virgile86,2026-05-06 12:35:04,0.00,2,virgile86
2541,15869490,Sushanth,2026-05-08 21:03:24,0.00,2,sushanthmoole
2542,15827410,Anurag Sati6476,2026-05-09 14:36:18,0.00,1,anuragsati6476
2543,15513830,Joep van Opdorp,2026-05-10 19:54:49,0.00,1,joepvanopdorp
2544,15943252,Fred Wieser,2026-05-13 01:25:53,0.00,1,fredwieser
2545,15904529,Quantumized,2026-05-14 02:11:33,0.00,1,quantumized
2546,15988814,Malps,2026-05-15 22:48:28,0.00,1,riccardomalps2000
2547,16027629,Xin Xiang_000,2026-05-20 04:33:43,0.00,1,xinxiang000
2548,15639490,Marta Reinhardt - RS,2026-05-21 10:14:36,0.00,2,martareinhardtrs
2549,15741523,Tim Haserjian,2026-05-22 00:00:59,0.00,1,timhaserjian
2550,15582869,Yu-Yang Chen,2026-05-24 15:23:44,0.00,3,chen195
2551,16029284,Nikoo Yu,2026-05-22 07:17:29,0.00,1,nikooyu
2552,16053363,BIGHUB,2026-05-29 07:59:44,0.00,1,bighub
2553,16129644,vortex,2026-05-31 08:06:18,0.00,1,rewveortex
2554,15943543,VAGNER DANIEL DE VARGAS,2026-05-31 22:32:30,0.00,1,vagnerdanieldevargas
2555,16213381,Clawdy Huang (Andy's AI),2026-06-06 00:15:36,0.00,3,clawdyhuang
2556,15504632,Eissam.0,2026-06-08 14:08:12,0.00,1,eissam0
2557,16265567,Philip Vonderlind,2026-06-12 09:20:10,0.00,3,philipvonderlind
2558,16213443,Elington Machoka,2026-06-12 00:59:09,0.00,3,elingtonmachoka
2559,16299391,Darshan BR,2026-06-11 11:51:48,0.00,1,darshandarshu081
2560,16316026,Nguyễn Châu Tấn Cường,2026-06-13 05:47:24,0.00,2,nguynchutncng
2561,16332258,Tanmoy Pramanik,2026-06-14 03:26:48,0.00,1,tanmoypramanik07
2562,15657537,Pranay,2026-06-19 12:18:55,0.00,2,pranay7867
2563,16363221,seowoohyeon,2026-06-25 01:11:41,0.00,6,seowoohyeon
2564,16384246,Deng xinhang,2026-06-17 19:32:40,0.00,1,dengxinhang
2565,16399913,Cyrill Püntener,2026-06-21 15:18:36,0.00,2,cyrillpntener
2566,16369505,AlexN,2026-06-20 19:18:49,0.00,1,alexandrnikitin
2567,16375707,Faizal,2026-06-21 07:29:32,0.00,1,jaycrys
2568,16405985,Dima Staroselskyi,2026-06-24 12:38:42,0.00,2,dimastaroselskyi
2569,16092092,rjbl15184,2026-06-22 14:52:56,0.00,1,rjbl15184
2570,15640926,Yasser,2026-06-30 08:09:52,0.00,9,ressuy
2571,16376654,LêNhậtTân,2026-06-26 02:30:23,0.00,1,lenhattan86
2572,15531100,annyhelenv,2026-06-29 02:20:58,0.00,2,annyhelenv
2573,16445060,nonozzz,2026-06-28 03:51:59,0.00,1,nonozzz
2574,15930799,snuth,2026-06-29 04:12:00,0.00,2,nuthsharsh
2575,16439679,Xueqing Gao,2026-06-29 07:09:00,0.00,1,xueqinggao
2576,16385154,The Stoa,2026-06-29 23:11:56,0.00,1,thestoa
2577,16455784,King424242,2026-07-01 13:11:14,0.00,2,king424242
2578,16438058,Siel,2026-06-30 11:42:20,0.00,1,aeshmadaeva
2579,16416544,tasfuuu,2026-06-30 18:12:13,0.00,1,tasfuu17
2580,15514789,ArunMMadhu,2026-07-02 00:43:59,0.00,3,arunmmadhu
2581,16435264,KognitiveEngine,2026-06-30 21:23:14,0.00,1,kaihuchen
2582,16481572,zhuo wamg,2026-07-03 11:45:20,0.00,1,zhuowamg
2583,16483995,Tuan Nguyen,2026-07-04 02:04:21,0.00,1,manhtuanbn12
2584,16401346,AmaTiTa,2026-07-05 12:16:56,0.00,2,amatita
2585,16436251, Sai Chandu Lakkimsetti,2026-07-14 05:12:21,0.00,4,saichandulakkimsetti
2586,16518072,Sibaram Moharana,2026-07-11 20:15:15,0.00,2,texti0
2587,16480798,nlinhdangiu,2026-07-11 11:31:58,0.00,1,nlinhdangghet
2588,16552129,another1231245,2026-07-15 22:58:15,0.00,1,another1231245
2589,16380303,Manju S.N,2026-07-17 14:20:06,0.00,1,manjusn
2590,16464954,Hyunwoo_Park,2026-07-19 22:24:30,0.00,1,uts3125014010829
2591,16577113,NGABO FREDDY,2026-07-20 21:03:35,0.00,1,ngabofreddy
2592,16466160,Sara Neri,2026-07-21 21:41:46,0.00,1,saraneri0113
2593,15497426,Alaina Scott,2026-07-21 22:34:21,0.00,1,tensorhusker
2594,16499382,Rohit Narain,2026-07-22 14:20:46,0.00,1,damnimportant
2595,15611557,Anstey Research Group,2026-07-25 10:56:41,0.00,2,georgeanstey
2596,16588761,Constantine Vassilev,2026-08-15 01:11:05,0.00,6,constantinevassilev
2597,15503810,Dr. Mikholae Hutchinson,2026-07-31 02:30:32,0.00,3,drmikholaehutchinson
2598,16509234,ShuhratMaks,2026-08-06 18:00:16,0.00,5,shuhratmaks
2599,16634813,Adam n,2026-08-02 01:47:50,0.00,1,chowagent
2600,16656814,Hilbate,2026-08-04 07:25:10,0.00,1,hilbate
2601,16634264,Yuvashree SD,2026-08-05 14:04:31,0.00,1,yuvashreesd
2602,16668013,FLYK67l,2026-08-08 13:04:20,0.00,2,flyk67l
2603,16667904,Francisco Cardia,2026-08-09 00:29:16,0.00,3,fcscardia
2604,16584722, Diosardo,2026-08-13 12:44:58,0.00,3,diosardo
2605,16629050,Pyouneetm,2026-08-11 18:13:28,0.00,1,pyouneetm
2606,16723589,sissoko cheick,2026-08-17 18:11:14,0.00,3,sissokocheick
2607,16739912,Arnaldo Canovas,2026-08-19 20:56:39,0.00,1,arnaldocanovas
2608,16727797,Yurii_Muktarov,2026-08-23 14:15:40,0.00,4,yuriimuktarov
2609,16744165,María,2026-08-26 11:36:58,0.00,4,maraheviafernndez
2610,16759987,Andrey Chankin,2026-08-22 19:25:37,0.00,1,bluepill
2611,15830995,Jiale Lin,2026-08-22 23:52:22,0.00,1,jili1731
2612,16754460,U Can't Touch This,2026-08-29 14:21:38,0.00,7,robenten
2613,16769808,Mudasir Ali Pathan,2026-08-25 09:12:31,0.00,1,mudasiralipathan
2614,16610355,Rich Rodriguez,2026-08-25 20:54:18,0.00,1,richrodriguez
2615,16773216,Nguyễn Trọng Thái Sơn,2026-08-27 03:47:55,0.00,2,painnotgood
2616,16769541,Rahul vats,2026-08-26 10:18:48,0.00,1,rahulvats20
2617,15488267,A3RL,2026-08-30 03:15:05,0.00,4,cwperth
2618,16760493,SparseAI,2026-08-30 00:00:05,0.00,3,aaronflouro
2619,16750221,Kriztian Rubin,2026-08-29 05:35:21,0.00,1,kriztianrubin
2620,16451891,Ripan Biswas,2026-08-29 16:25:27,0.00,1,ripanbiswas
2621,16052676,Guilherme Zanini de Sá,2026-08-30 03:25:31,0.00,2,guilhermezaninides
