Rank,TeamId,TeamName,LastSubmissionDate,Score,SubmissionCount,TeamMemberUserNames
1,16364346,cstl,2026-08-13 20:08:17,2.70,25,"gatamaz,tehnar"
2,16384837,Daniel Franzen,2026-08-14 21:37:51,2.58,41,dfranzen
3,16438894,Nikita Sorokin,2026-08-14 19:30:46,2.10,6,nikitasorokin
4,15488719,Yusaku Muroya,2026-08-15 02:36:59,1.98,71,ymuroya47
5,16617501,AbeLincoln1865,2026-08-15 00:22:10,1.90,7,abelincoln1865
6,16081764,YUTO KOJIMA,2026-08-15 00:00:24,1.86,69,kojimatech
7,15916756,MLRush,2026-08-15 00:01:36,1.75,49,mlrush
8,16557922,Andy liu,2026-08-03 12:09:06,1.69,7,"codinggodandyliu,ichuqinggaove"
9,16371045,Lord Han Solo,2026-08-15 03:52:56,1.65,33,lordhansolo
10,16680829,BambooCopter Analytics,2026-08-15 02:15:18,1.64,6,"cky666,kilin173,oliverwp,paradox23,ronglinlu"
11,15735428,GeniusYY,2026-08-15 00:03:12,1.64,48,alexyy
12,15491239,Tara Labs,2026-08-15 03:23:14,1.63,4,theunforgiven7
13,15783669,I forgot the name..,2026-08-14 05:44:10,1.62,65,"aikyatansinha,baidalinadilzhan,ignatgotin,kindasomethin,ngusadeep,vamshikrishnaemmadi,zoli800"
14,16551828,Marseilles Bogano,2026-08-15 02:27:29,1.62,25,marboga
15,15486995,Tufa Labs,2026-08-14 20:19:22,1.62,107,"dlorah,driessmit1,infinitecreativity,jeroencottaar,pressman1,stefano1283"
16,16406081,Tecnod8.AI,2026-08-15 03:23:48,1.61,54,"aksharthegamer,ravinderonkaggle"
17,15504856,FOYSAL,2026-08-14 15:28:36,1.61,85,foysalemonshanto
18,15494354,Van-Phuc Huynh,2026-08-15 04:56:03,1.61,72,hvanphucs112
19,16025402,Helmut AGI,2026-08-15 05:03:53,1.61,58,"antonijankowski123,jakobbrggen,nightmareblocks"
20,15632507,DhanaLakshmiMalla,2026-08-14 18:53:04,1.60,26,dhanalakshmimalla
21,15948639,Akhilesh godugu,2026-08-15 00:37:23,1.59,24,akhileshgodugu
22,15587108,Jack Cole,2026-08-15 03:17:27,1.59,95,jcole75
23,15814821,Biubiu,2026-08-13 12:36:47,1.58,42,jianthuang
24,15622956,ippeiogawa,2026-08-14 01:02:07,1.58,56,ippeiogawa
25,16609469,Nkosi Ndwandwe,2026-08-15 00:05:19,1.58,18,nkosindwandwe
26,16475496,Yuchen20,2026-08-14 23:16:42,1.58,32,yuchen2066
27,15494569,kglctf,2026-08-14 19:13:56,1.57,58,kglctf
28,15488219,Mathurin Ache,2026-08-15 09:08:38,1.56,100,mathurinache
29,16032510,anngle,2026-07-25 04:14:21,1.56,12,anngle
30,15609417,NoOneAhead,2026-08-14 12:30:44,1.56,56,jerrlu
31,15525358,paul,2026-08-14 15:05:19,1.54,58,paulvvv
32,15590762,"Seok, Jeongeum",2026-08-15 02:14:52,1.54,107,seokjeongeum
33,16723040,Xuan,2026-08-14 23:24:36,1.52,1,xuanyangge
34,15653548,The AGI Boys,2026-08-14 07:01:52,1.51,37,"johnjanson,naladwepo,romanrozen,romantamrazov"
35,15634702,Sim,2026-08-15 00:44:07,1.51,56,simosc
36,16487086,goalllll,2026-08-14 18:00:44,1.50,15,goalllll
37,15520570,Whatever it takes...,2026-08-14 08:24:59,1.50,96,"dineshkumar0705,kesavan2006"
38,15486658,wwwwzz,2026-08-14 03:40:20,1.50,33,wwwwzz
39,16548313,Scott Le Grand,2026-08-14 00:01:00,1.50,20,scottlegrand
40,15493226,amosokello451,2026-08-14 20:39:30,1.50,31,amosokello451
41,15491313,Mohammad Saadati,2026-08-14 08:51:13,1.50,123,mohammadsaadati
42,15486823,Souhardya,2026-08-11 22:52:54,1.49,4,souhardyatalukdar
43,16508241,Yan Zhang,2026-08-15 00:10:14,1.49,33,yanzhang3255
44,15513629,Pragnyan Ramtha,2026-08-14 17:16:55,1.49,9,pragnyanramtha
45,16513314,Artificial General illusion,2026-07-29 13:09:29,1.49,8,vansher
46,15596749,hiranorm,2026-08-14 23:20:18,1.48,45,hiranorm
47,16544373,Nilesh Sarkar,2026-08-04 12:57:15,1.47,2,nileshsarkarra
48,15564514,暗黑AGI,2026-08-14 00:11:49,1.47,30,boristown
49,16680350,FinalSunFlower,2026-08-15 00:06:43,1.47,9,finalsunflower
50,15493080,lingyu07,2026-08-14 03:02:35,1.47,25,lingyu07
51,15572627,Arunodhayan,2026-08-14 10:56:58,1.46,45,arunodhayan
52,16272388,shineef,2026-08-14 19:12:50,1.46,24,squaree
53,16246219,Tara Labs-speedsci,2026-08-15 04:34:11,1.46,31,caoyupeng
54,15891143,Pathik Patel,2026-08-08 03:39:59,1.46,69,pathik1511
55,16421943,Kochi Loki,2026-08-15 01:50:53,1.46,37,"satadruhalder,soumyacryptic"
56,16576456,Monibee Fudgekins,2026-08-15 00:21:00,1.45,10,monibeefudgekins
57,16498846,common-people-whereIsMyFuckingPrize,2026-08-11 08:04:47,1.45,2,aizealotwu
58,15488665,Lonnie,2026-08-13 06:49:53,1.44,94,lonnieqin
59,16410614,Amil Gentili,2026-07-30 03:21:25,1.44,24,agentili
60,16475658,Extremis,2026-08-14 06:50:59,1.44,27,gameryoulose
61,15510081,Tshithihi,2026-07-03 03:54:59,1.44,22,nawfeelrahman1124444
62,15570368,Liang Wan Yiu David ,2026-08-15 00:05:23,1.43,6,liangwanyiudavid
63,16441614,AGI Not Found,2026-07-19 17:26:29,1.43,13,"angran,kaixuanosmas"
64,15504888,aira666,2026-08-11 05:00:56,1.42,5,aira666
65,16530607,SCU_12603231,2026-08-11 09:04:24,1.42,14,ljs2546
66,16600201,Edward Koh,2026-08-14 14:25:57,1.42,19,edwardwkoh
67,15486850,ömer kiraz,2026-08-13 12:29:37,1.42,16,merkiraz
68,15741726,Data Dreamers,2026-08-15 03:35:26,1.42,24,"ishiyamamasaharu,mabo1141,monaka12,rionakamura10,yoshioka0209"
69,15658295,Nazura Wirayuda Tama,2026-08-14 13:57:45,1.42,75,nazurawirayudatama
70,15615054,OzanM.,2026-08-15 05:09:17,1.41,86,analyticaobscura
71,15605182,Logical Arbitrage,2026-08-14 11:58:12,1.41,18,"markbarney,sonphamorg"
72,15505443,Trideca,2026-08-15 02:03:22,1.41,32,"ckguswn,kilhwanmoon"
73,16561834,gamesu7107,2026-08-15 00:01:41,1.40,27,gamesu7107
74,15792174,Fufront-RyanX-AGI-Team,2026-08-06 23:55:26,1.40,46,ryanxatlasai
75,15492192,J8J,2026-08-09 00:01:04,1.40,9,sundong
76,16256565,Mustang Liu,2026-08-14 01:22:39,1.40,29,mustangliu
77,15509227,Kunal Aarse,2026-08-13 09:52:16,1.40,22,kunalinfinite
78,16288068,AkiraIshikawa,2026-08-14 12:30:12,1.40,20,akiraishikawa
79,16694974,emi,2026-08-13 16:39:00,1.40,1,emigor
80,16487108,aarrcc,2026-08-14 17:59:07,1.40,15,aarrcc
81,15495420,tf,2026-07-19 14:43:32,1.40,69,tfukuhara
82,15553406,Ravi's Agi,2026-08-14 17:32:28,1.39,38,ravi123a321at
83,15906822,Akhil Tolani,2026-08-14 23:34:48,1.39,67,saltb0x
84,15488704,Natapong Nitarach (Schwyter),2026-08-10 12:48:06,1.39,62,natnitarach
85,16245600,Tom DiFiore,2026-08-12 11:50:40,1.39,21,tomdifiore
86,16585831,Muhammad Imran,2026-08-14 05:32:11,1.39,18,muhammadimranchitral
87,15492338,Creator,2026-08-11 08:05:39,1.39,11,dev4585
88,15486752,PRASHANT SHUKLA91,2026-08-11 18:18:14,1.38,50,prashantshukla91
89,16158038,Rokaiya Somapti,2026-08-14 22:51:01,1.38,63,rokaiyasomapti
90,15508135,Nabid Nur,2026-08-14 10:32:25,1.38,92,"koushikrudra,nabidnur"
91,15720825,Leonid Stepanov,2026-08-14 00:05:35,1.38,95,lestep
92,15602717,luckyappley,2026-08-07 13:58:24,1.38,6,"luckyappley,yemaoye"
93,15486675,Reminder:AGI ≠ Acing Benchmark,2026-08-14 23:51:47,1.37,65,nihilisticneuralnet
94,15497430,Kumar Abhijeet,2026-07-29 23:20:06,1.37,25,krabhijeet
95,15494968,Surya milenial,2026-08-14 00:10:41,1.37,69,suryamilenial
96,16428239,Gopsy,2026-08-12 03:31:55,1.37,8,anhsirk
97,16644331,zhen931,2026-08-15 00:20:14,1.37,12,zhen931
98,16406091,Chiekh ALLOUL,2026-08-14 05:14:05,1.36,27,chiekhalloul
99,16569113,Tanaka Ai24,2026-08-15 04:59:43,1.35,10,tanakaai24
100,15487426,Pavel Pavlov,2026-07-24 06:55:01,1.35,13,akakii
101,15580880,MANAS NARKAR,2026-08-13 03:15:08,1.35,11,manasnarkar
102,15522677,Junhua Yang,2026-08-15 04:14:39,1.35,136,junhuay
103,15633995,Sébastien henry,2026-08-15 00:05:10,1.35,41,sebmontreal
104,15951001,stephenn,2026-08-14 06:12:58,1.35,22,stephennedumpally
105,15494498,Gultekin Gunduz,2026-08-14 06:54:48,1.35,23,gggggggggggggggg
106,16514079,geodesic,2026-08-12 09:00:14,1.35,10,kermityoung
107,16696653,VZ,2026-08-15 04:58:01,1.35,3,"venkateshtata1997,zohrabouchamaoui"
108,15574185,AGIIGA,2026-08-14 17:54:28,1.35,23,agiiga
109,16611645,FUMIAKI,2026-08-14 17:51:56,1.34,17,fumiakiohno
110,15496730,Rahul Ray,2026-08-15 00:01:35,1.34,31,rray646
111,16598913,woguoat,2026-08-15 01:14:42,1.34,16,woguoat
112,16505869,blatant warrior,2026-08-09 19:25:38,1.34,5,blatantwarrior
113,15510458,put me in harness,2026-08-15 05:00:51,1.34,42,zabojeb
114,16045343,Peter,2026-08-06 20:05:21,1.34,32,vaphab
115,16483544,zentropy,2026-08-15 00:20:05,1.33,43,jessky
116,15652896,Samrish B,2026-08-12 15:51:41,1.33,37,"samrishb,vignesh22609"
117,16040819,Munshi-PremChand,2026-08-14 02:47:39,1.33,19,munshipremchand
118,15488353,today,2026-08-14 13:48:11,1.33,140,today55
119,15503635,Canivel,2026-08-15 00:07:11,1.33,111,canivel
120,16415350,Ryo,2026-08-13 13:24:05,1.33,34,ryosukekurakami
121,15906643,KRATS LU,2026-08-15 02:32:48,1.32,50,kratslu
122,15529375,Felix S.,2026-07-07 11:40:30,1.32,39,pylixx
123,16456142,Sypher_S,2026-08-02 07:10:19,1.32,1,syphers
124,15518436,Kevin E R MILLE,2026-08-12 15:18:32,1.32,56,kevinermille
125,15486816,KineticArc (Marc and Scott),2026-08-10 13:41:02,1.32,89,"marcshade,scottlaughlin"
126,16498541,Sous Lab,2026-08-15 00:20:49,1.32,25,basi1man
127,15488264,sanyul,2026-07-12 23:21:26,1.32,23,sanyul
128,15487398,Kerem çelik,2026-08-11 04:19:03,1.31,6,keremelik
129,16542443,LG,2026-08-15 02:19:50,1.31,3,"lokeshjasrotia,vengatagirig"
130,15660740,Ahmet Pamuk,2026-07-20 20:31:27,1.31,3,ahmeterdempamuk
131,16598387,Ahmad Daffa Abiyyu,2026-08-15 10:13:55,1.31,21,ahmaddaffaabiyyu
132,16679890,Ryan #3,2026-08-13 08:50:42,1.31,5,explcre
133,16352058,Gavedu Ai,2026-08-08 07:19:16,1.31,33,verise6211
134,16718390,SangJinJung,2026-08-15 01:11:34,1.31,2,sangjinjung
135,15505799,Hao Yu,2026-08-15 01:46:32,1.31,7,ocensis
136,16635343,Aurora wy,2026-08-05 03:22:15,1.31,1,aurorawy
137,16407743,Yasser Othman,2026-08-11 15:10:19,1.30,45,yasserothman
138,15487598,CCT,2026-07-11 09:38:58,1.30,56,chuhanwu86
139,16148668,Sean Jones,2026-08-14 17:31:42,1.30,25,seanjones444
140,15510098,ThomasG,2026-08-15 02:07:51,1.30,106,thomasgamet
141,16330351,Ahmed Mobasher,2026-08-15 00:11:06,1.30,49,ahmedmobasher86
142,15540551,szs,2026-07-19 17:35:37,1.30,17,runshengyu
143,16557729,yasu,2026-08-15 00:02:27,1.30,27,yasutakababa
144,15991395,Samyakraj Bayar,2026-08-08 08:46:39,1.30,52,samyakrajbayar
145,16390087,JohnLussier,2026-08-15 00:17:19,1.30,24,johnlussier
146,16289337,1104,2026-08-04 12:42:08,1.30,15,"emojilin,qianjunggg"
147,15975062,Cloud,2026-08-14 13:09:32,1.30,13,weijiezhoooou
148,16650515,Ya Xu,2026-08-14 15:31:13,1.30,11,ataraxian
149,15492005,Emre Cirak,2026-08-14 14:59:44,1.30,58,biohack44
150,16292719,Pierre Baume,2026-08-11 15:50:15,1.29,34,pierreb4
151,15562422,OceanVenue,2026-08-15 00:09:03,1.29,57,"benhaslam,guilhermeferraribr"
152,16572745,yw8837,2026-08-11 10:37:55,1.29,15,yw8837
153,15488127,Kirderf,2026-08-14 13:23:47,1.29,22,kirderf
154,16514482,jkatdare,2026-08-11 22:42:48,1.29,23,jkatdare
155,15546305,Zoe Wang,2026-08-15 04:34:37,1.29,20,"chonghuan718,zoeywaang"
156,16096640,Hiểu Vy,2026-08-11 10:00:26,1.29,37,thangnm1
157,15504769,CHRONOS,2026-07-18 15:08:17,1.29,69,"kevinrussell83,projectforty2"
158,15524067,Patrick Chan,2026-08-14 16:43:34,1.29,27,drpatrickchan
159,15538056,Abdulmuiz Abdullateef,2026-07-22 08:44:18,1.28,13,capthwi
160,15487391,Bright O.H.,2026-08-14 07:16:02,1.28,65,brightoh
161,15497811,Nick2187,2026-08-15 05:42:36,1.28,36,nick2187
162,15657807,Chew Kok Wah,2026-08-14 15:43:38,1.28,71,chewkokwahibrainai
163,16430198,Beyond Good and Eval,2026-08-11 00:08:11,1.28,25,"alancai27,thtennant"
164,15724943,Nuno Ferreira,2026-08-11 19:10:54,1.28,45,ngcferreira
165,15503849,Hu Xingyu,2026-07-22 03:43:54,1.28,24,huxingyu
166,16650762,Toprak Gundogdu,2026-08-07 00:03:46,1.28,3,toprakg
167,15513178,Akagha Chimgozirim,2026-08-14 20:50:37,1.28,85,chiakazirim
168,16579154,ych~sun,2026-08-14 11:29:17,1.27,14,ychsun
169,16497826,maxingkong733,2026-08-14 01:21:04,1.27,13,maxingkong733
170,15703722,Ishan Bhargava,2026-08-11 05:05:41,1.27,31,ishanbhargava19
171,15488945,Changyuan Zhou,2026-08-14 00:03:56,1.27,33,changyuanzhou
172,16623996,sawada,2026-08-15 00:19:30,1.27,16,sawada
173,15612343,PabloTBA,2026-07-28 06:22:46,1.27,16,pablotba
174,16715802,ShoaibSSM,2026-08-14 06:49:09,1.27,2,shoaibssm
175,16499667,EFZsj2804,2026-08-14 14:49:32,1.27,27,"geoffreygyh2416,programmerbillma"
176,16571567,spbforce,2026-08-12 04:32:54,1.27,6,spbforce
177,15495286,Yusuraume,2026-08-13 04:55:06,1.26,114,sugitatomohiko
178,16127529,Cam-Luan Truong,2026-08-12 06:42:43,1.26,2,luantruong
179,15906367,Silhouette,2026-08-15 00:44:57,1.26,37,jamessargsyan
180,15488124,Breno & Sebastian,2026-08-13 17:08:50,1.26,43,"brenorb,sebastianmateus"
181,16543772,Avyaay Rathi,2026-08-10 03:38:16,1.26,25,"arjuntaware,avyaayrathi"
182,15489752,TREX99,2026-07-13 00:28:40,1.26,30,trex99
183,16439788,Dawid Kopiczko,2026-08-15 00:00:38,1.26,30,dawkopi
184,16120017,uesi,2026-07-30 11:45:27,1.26,5,uemura687
185,15594093,yuki matsumori,2026-07-09 01:52:46,1.26,16,yukimatsumori
186,15508513,keithtyser,2026-08-13 02:33:47,1.26,58,keithtyser
187,16328245,ola sadek,2026-08-15 02:41:50,1.26,23,olasadek
188,16420933,Yuya Miyanogawa,2026-08-14 12:10:11,1.26,45,veritalogos
189,15501790,CuteClaw,2026-08-15 00:16:06,1.25,67,bloodmoonwq
190,15487354,auxentr,2026-08-14 10:01:05,1.25,18,iseesmth
191,16460810,Nithin Kumar R C ,2026-08-11 16:37:53,1.25,27,nithinkumarrc
192,16556635,Vishvesh Bhat,2026-08-09 15:52:46,1.25,1,vishveshbhat
193,16407310,Mark Cooper,2026-08-01 00:01:05,1.25,36,markjcooper
194,16459830,Giovanny Rodríguez,2026-08-08 03:07:32,1.25,4,giovannyrodrguez
195,16586230,Optimal Prime,2026-07-27 18:29:34,1.25,2,caelix
196,15985912,Mr_Ralphie,2026-08-13 00:05:04,1.25,70,mrralphie
197,15632509,MJVinay,2026-08-14 18:35:25,1.25,35,mallajayanthvinay
198,15975358,Joanna C.,2026-07-13 00:41:25,1.25,10,joannaciesielski
199,15887660,wuhjie,2026-08-07 02:41:18,1.25,24,hongjiewu
200,16449629,Stefan Henß,2026-07-11 06:07:20,1.24,5,shenss
201,16061004,cocoaAI,2026-08-15 00:36:49,1.24,25,cocoaai
202,15487205,Error_1249x,2026-08-15 09:30:19,1.24,9,error1249x
203,16665002,APEX LABS,2026-08-12 15:04:24,1.24,6,niswanth
204,15531604,panda__MB__maximus,2026-08-09 13:10:18,1.24,15,tanishmohokar09
205,15595428,Ernie,2026-08-12 06:43:25,1.24,73,ernie55ernie
206,15490333,Hellboy,2026-08-14 19:47:49,1.24,3,helmirinaldi
207,15505632,rkd,2026-08-14 23:30:01,1.24,23,ryookd
208,16625560,Vishvesh Bhat #2,2026-08-10 00:40:00,1.24,3,vishbhat8
209,16424787,lgqfhwy,2026-08-15 04:46:17,1.24,31,lgqfhwy
210,16556973,Animesh Kumar,2026-08-08 06:32:01,1.24,18,animeshkumar187
211,15751479,tantan,2026-08-15 00:07:11,1.23,18,tantan0327
212,16461501,Ashutosh Agarwal,2026-07-04 18:19:36,1.23,5,ashutoshagarwal088
213,15564509,Shubham Sahu2003,2026-07-15 16:13:14,1.23,39,shubhamsahu2003
214,15491318,@🤞@,2026-07-24 13:20:50,1.23,22,anglolodorf
215,16495269,Navid Nur,2026-08-13 12:19:15,1.23,11,navidnur
216,16486019,Shivangoudaa,2026-08-11 22:42:24,1.23,17,ishivapatil
217,15488774,Kenleung Leung,2026-08-14 07:44:52,1.23,85,kenleungleung
218,16052968,Alex Frazier,2026-07-08 17:52:16,1.23,11,alexfraze
219,15770660,Jason Feng,2026-08-15 00:03:16,1.23,47,iamjasonfeng
220,15504466,Grigoryan Sergey,2026-08-14 01:08:39,1.23,33,hertryggr
221,16296124,Tatu Helander,2026-08-15 04:00:30,1.23,61,tatuhelander
222,15731749,Dr_F,2026-08-14 04:21:32,1.23,67,algebraictopology
223,15653856,RanJeet Gupta,2026-08-04 09:03:40,1.22,1,ranjeet258
224,16676700,Akira Imae,2026-08-15 04:50:27,1.22,7,imaeakira
225,16432008,AAAAAtjc,2026-08-14 17:56:47,1.22,20,aaaaatjc
226,16641385,Jadiel,2026-08-15 00:11:13,1.22,14,jadielam
227,16517844,AAElter,2026-07-28 05:59:43,1.22,4,aaelter
228,16700886,wjd Andy,2026-08-14 06:29:17,1.22,3,wjdandy
229,15641805,TakamaruEX,2026-08-15 00:08:09,1.22,28,takamaruex
230,15496021,hongan,2026-07-27 23:49:21,1.22,8,honganzhu
231,15708911,Xiaokai Cui,2026-07-25 17:43:23,1.22,9,xiaokaicui2008
232,16481200,AdamJonesJohnson,2026-07-27 00:14:56,1.22,21,adamjonesjohnson
233,16283372,TWEAK,2026-08-15 03:16:43,1.22,19,tweakai
234,16386864,Fahmi Azrhil,2026-08-12 18:22:00,1.22,8,fahmiazrhil
235,16260834,Hack2Publish,2026-07-29 19:36:27,1.22,14,"esfersami50,hosen42,raihanrt,tarekrahman82"
236,15518924,Team AIRIS,2026-08-14 15:15:59,1.22,140,"aadigupta1601,aadigupta7686,krno1legend,poby7722,uradkr"
237,16430872,Reyhan Ksatria,2026-08-12 05:50:37,1.22,4,reyhanksatria
238,16656755,Vanya Cherepukhin,2026-08-14 17:58:14,1.22,8,vanyacherepukhin
239,15491637,Tony Y.,2026-08-14 01:12:46,1.22,105,tonyyy
240,16710500,sukeke,2026-08-15 00:05:12,1.22,4,sukeke
241,15491563,dynamic24,2026-08-15 01:12:52,1.21,105,dynamic24
242,15531007,alfaraco,2026-08-14 16:33:13,1.21,90,alfaraco12
243,16503424,wangzhang wu,2026-07-13 00:04:48,1.21,5,wangzhangwu
244,15567149,Vinit,2026-08-14 06:21:27,1.21,25,ryotsuu
245,15647114,Penguin,2026-08-14 07:03:07,1.21,111,penguin069
246,16492019,HuaLQin,2026-08-07 00:41:20,1.21,21,hualqin
247,16439181,sunnyraj,2026-08-15 01:28:39,1.21,13,sunnyraj10411
248,15494539,Snow,2026-08-14 09:53:32,1.21,56,tasniemnasser
249,15499728,Nikita Makarov,2026-07-11 19:41:29,1.21,3,nikimakarov
250,15494997,yuki16,2026-08-11 08:50:12,1.21,25,yuki16
251,16634992,manas joshi,2026-08-14 15:29:38,1.21,5,justforgags
252,15910208,Dr Chandrasen Pandey,2026-08-13 06:46:58,1.21,35,devchandra
253,16701696,Rikito Kanda,2026-08-12 00:27:36,1.21,3,rikitokanda
254,15760141,Abhijay Gupta,2026-08-04 02:02:09,1.21,2,bobrg123
255,16455981,Jay Gautam,2026-08-05 14:01:58,1.21,21,jaygautam007
256,16674808,HongchenDai,2026-08-14 01:21:09,1.21,5,hongchendai
257,16302369,Ke-Xu-2026,2026-08-09 16:05:41,1.21,23,kexu2026
258,16025506,Bitterbot,2026-08-13 01:12:41,1.21,14,"douglasfinlay,victormgil"
259,16245172,Shannan,2026-07-18 12:54:27,1.21,4,shannanl
260,16387065,lihaoling,2026-08-02 12:18:26,1.20,24,lihaoling
261,16461288,Jay Scambler,2026-08-14 16:25:20,1.20,14,jayscambler
262,16591722,hongqian miao,2026-08-06 06:37:26,1.20,3,hongqianmiao
263,15495351,icezzzz,2026-07-29 14:33:15,1.20,28,icezzzz
264,15573979,cihan atak,2026-08-09 08:14:27,1.20,43,cihanatak
265,16491207,KAIWALYA RAUT,2026-08-06 13:53:36,1.20,3,kaiwalyaatulraut
266,16652828,ali nebi dal,2026-08-13 11:51:05,1.20,6,alinebidal
267,16701876,zelin zhao,2026-08-15 04:19:34,1.20,6,cuhkzelin
268,16554415,Sai Abhishek,2026-08-12 15:37:50,1.20,16,saiabhishek14
269,15631128,Kerolos Romans,2026-08-14 12:20:17,1.20,60,kerolosromans
270,16496892,Muhammad Haaris 27083,2026-08-13 05:13:06,1.20,24,muhammadhaaris27083
271,16125769,J.A.R.V.I.S,2026-08-14 07:27:59,1.20,18,learningkin
272,16394140,MM12345678,2026-07-11 01:09:35,1.20,9,mm12345678
273,15489865,Quan Nguyen,2026-08-04 06:51:54,1.20,13,quannguyn12
274,15931617,Alex A Zander,2026-08-14 19:30:21,1.20,43,alexazander
275,15492032,Jing Hua,2026-08-15 00:43:30,1.19,14,linyeping
276,15495001,Rengarajan G,2026-08-02 09:23:35,1.19,21,rengarajang
277,15629200,shu yu,2026-08-13 03:06:02,1.19,1,shidun66
278,15486681,MatheusPSorancoDeCarvalho,2026-08-14 02:16:58,1.19,2,matheussoranco
279,16537667,HiroyukiSasaki,2026-08-07 01:09:58,1.19,24,hiroyukisasaki815
280,16012081,Plamen,2026-07-27 16:42:49,1.19,28,plamen06
281,15526617,Octavi Grau,2026-08-11 15:56:19,1.19,18,octaviograu
282,15632547,Malla,2026-08-14 19:04:20,1.19,26,mallaphalguni
283,16505021,HINAGI,2026-08-12 00:40:59,1.19,6,test013
284,16517742,Rokonuddin Ahamed Sohan,2026-08-11 03:36:18,1.19,3,rokonuddinahamed90
285,16701873,Jason Jin,2026-08-12 11:31:41,1.19,3,cascadematrix
286,16559747,Hugo Thorvaldsen,2026-08-15 02:10:05,1.19,30,hugothorvaldsen
287,16558484,MAIDANG,2026-08-10 07:41:30,1.19,13,daifanhao
288,15504445,Alberto Luengo,2026-08-15 00:36:41,1.19,20,albertorkive
289,16017402,sukirman,2026-08-14 04:34:44,1.19,41,rakbidb
290,15537446,Jakup Ymeraj,2026-08-14 14:31:53,1.18,118,kupedata
291,16485920,Rasdafar,2026-07-11 09:29:44,1.18,7,rasdafar
292,15505268,Shivam Shinde,2026-08-04 10:11:36,1.18,5,shindeshivam
293,16065643,MadrARC,2026-08-09 07:42:15,1.18,5,rahulvimalkanth
294,16420889,vladee,2026-08-13 00:43:22,1.18,14,vladee
295,16642459,syouya tobita,2026-08-05 03:07:09,1.18,2,syouyatobita
296,16446039,len8487,2026-08-14 00:01:57,1.18,6,len8487
297,16431229,kgr,2026-08-07 07:00:35,1.18,1,yixuliu
298,16493372,welogme,2026-07-30 03:12:47,1.18,12,"ijoucho,welogme"
299,15750018,Zehra Korkusuz,2026-08-07 08:09:31,1.18,8,zehrakorkusuz
300,15488797,Ayodeji Ibrahim Lateef,2026-08-10 06:20:56,1.18,55,ayodejiibrahimlateef
301,16390789,Yaro Perventsev,2026-08-15 00:32:19,1.18,20,yaroslavperventsev
302,15636138,100rabh,2026-07-30 03:47:02,1.18,28,saurabhkumar234
303,15531744,ashvin singh,2026-07-25 08:30:33,1.17,37,ashvinsingh
304,16534688,邱新,2026-08-15 02:24:38,1.17,10,larklearning
305,15737262,Raviksh Singh Dikola,2026-08-14 06:47:04,1.17,84,ravikshdikola
306,15567543,Kaito N. Soga,2026-07-02 07:09:48,1.17,4,kaitosoga
307,16566154,Julian Camilo Villa,2026-08-15 00:00:07,1.17,14,juliancamilovilla
308,15490570,aRc (binary relation),2026-07-28 21:48:52,1.17,23,"alisalmanrana,kimura0415,sumirinn,ultsaza"
309,16048620,Xander,2026-07-17 14:05:36,1.17,16,canqiang
310,15501827,Dhe Yeong,2026-08-14 02:19:20,1.17,12,dheyeong
311,16542083,Kunal Desale,2026-08-11 05:19:26,1.17,6,kunaldesale2408
312,16713350,coolin666,2026-08-13 01:36:49,1.17,1,coolin666
313,15597873,iheng88,2026-08-11 04:09:59,1.17,9,iheng88
314,16679235,toprakthegoat,2026-08-07 00:01:34,1.17,2,toprakthegoat
315,15506893,Mark Slavin,2026-07-30 00:36:02,1.17,3,markslavin
316,16185949,Shree85,2026-08-15 02:45:12,1.17,10,shree85
317,15745709,Aryan Haritsa,2026-08-14 17:31:16,1.16,3,aryanharitsa
318,16510371,haodou092,2026-07-19 05:57:40,1.16,5,haodou092
319,16475818,Matthew.lee,2026-07-15 09:47:19,1.16,8,matthewlee010299
320,15993595,Hugues Fontenelle,2026-07-06 11:17:31,1.16,5,hugues
321,16347117,AnchorBlock,2026-08-13 00:52:55,1.16,19,anchorblock
322,16316931,Rajan Nagarajan,2026-08-11 16:44:14,1.16,7,narajan
323,16137967,Cacinie,2026-08-03 03:49:41,1.16,1,cacinie
324,16717506,un0o7,2026-08-15 04:43:47,1.16,2,hjhsdsdww
325,16051212,Darío Ávalos - Quantum Howl,2026-08-15 00:00:11,1.16,9,"andrescarmona,darovalos"
326,15490642,Halla Yang,2026-08-15 02:46:21,1.16,48,hallayang
327,16568471,Garv88,2026-07-21 08:52:32,1.16,1,garv88
328,15487953,cc,2026-07-29 05:54:42,1.16,7,baytree1238
329,16148316,pscamillo,2026-07-09 17:52:53,1.16,29,pscamillo
330,16586485,Sushanth Tiruvaipati,2026-08-09 20:54:24,1.16,11,sushanthtiruvaipati
331,16473776,Sumatorikki,2026-07-08 08:21:33,1.15,5,jakublutyk
332,16361271,BBD,2026-08-09 04:10:33,1.15,19,"absolutetheone,ahaanvermalol"
333,16338619,Jiaqi Hu,2026-08-11 05:56:49,1.15,7,hlgendr
334,15895561,TY.Yang,2026-08-14 06:53:09,1.15,57,tianyiy
335,16650336,Inncenta,2026-08-07 00:01:11,1.15,4,inncenta
336,15487522,Md Boktiar Mahbub Murad,2026-08-14 06:42:06,1.15,25,mbmmurad
337,16474440,Yuri Freitas,2026-08-04 15:43:55,1.15,13,yuribzfreitas
338,16589171,CNQR+,2026-08-14 07:59:34,1.15,13,poco34
339,15488488,Ikki Katsuyama,2026-07-26 04:21:16,1.15,17,kacchanwriting
340,15500015,kwon yong deuk,2026-08-14 23:24:21,1.15,107,kwonyongdeuk
341,16551999,Celestia,2026-07-26 04:01:28,1.14,11,gladoscc
342,16635888,Poojan,2026-08-06 07:42:35,1.14,4,poojankumartandel
343,15601690,magang,2026-08-14 13:39:28,1.14,2,wadang88
344,16499402,John Park,2026-08-14 00:38:15,1.14,14,sigint
345,16683994,destire 1,2026-08-12 10:01:13,1.14,4,destire1
346,15556547,Felipe Galdino Folk,2026-07-16 13:59:03,1.14,21,felipegaldinofolk
347,16694609,Debmalya,2026-08-09 14:33:10,1.14,1,debmalya84
348,16490445,Suman Sharma,2026-07-05 19:55:01,1.14,1,suman2208
349,16052598,JackGong,2026-08-04 13:27:02,1.14,9,jackgong
350,16574125,zhangyue-xmdx,2026-08-14 13:27:19,1.14,7,zhangyues0000
351,16070503,Yuki Okumura,2026-08-14 19:34:02,1.14,4,yukiokumura1
352,16234007,smlcr,2026-08-09 08:49:44,1.13,13,simulacri
353,16409318,AI-Cat,2026-07-19 08:50:43,1.13,2,konstantinboyko
354,15531704,Matija Ludvig ,2026-08-15 00:42:24,1.13,9,matijaludvig
355,15602746,Gabriel Amaral,2026-08-12 01:10:01,1.13,1,gabrielsamaral
356,15629613,Maren Sajdaras,2026-08-14 10:24:51,1.13,28,marensajdaras
357,15487549,Muurur,2026-08-15 07:38:54,1.13,4,muurur
358,16295260,Pompompurin,2026-08-13 00:38:46,1.13,22,kimdoong
359,15495299,aigood,2026-08-10 07:59:27,1.13,5,aigood
360,16472153,Changyuan Chen,2026-08-12 09:20:38,1.13,26,changyuanchenmit
361,16676993,Sankalp Sanand,2026-08-14 08:08:03,1.12,3,kesslerfrost
362,15672922,Aarav Bajya,2026-08-14 06:56:09,1.12,60,aaravbajya
363,16590720,Panagiotis Toloudis,2026-08-14 13:51:13,1.12,18,panagiotistoloudis
364,16616910,Stonks,2026-08-14 17:39:14,1.12,10,erikqu
365,15486931,Mirza Milan Farabi,2026-07-17 19:40:28,1.12,13,mirzamilanfarabi
366,16500777,cAco3,2026-08-13 12:56:41,1.12,4,caco3r
367,15694242,Team Algorithm Tech Institute,2026-08-09 14:39:25,1.12,9,"adeshinaashiata,adesinaabeeb,gidadoshukura"
368,16482421,senkin13,2026-07-21 05:01:33,1.11,4,senkin13
369,15540637,Nat Bel ML Fun,2026-08-06 18:43:54,1.11,33,natbel4ml
370,15658668,Pawan,2026-07-26 13:08:12,1.11,31,jatalepawan
371,16639523,Rogers Johnson,2026-08-15 02:38:05,1.11,11,rogersjohnson
372,15986223,Amon Suzuki,2026-07-21 00:05:37,1.11,11,amonsuxuki
373,16068577,Leonid Majbits,2026-08-07 20:46:20,1.11,32,leonidmajbits
374,15488849,codelion,2026-08-11 13:04:20,1.11,48,codelion
375,16422585,Abhi,2026-07-16 14:32:32,1.11,13,zeroday19
376,15635054,wuliao_0,2026-08-14 08:06:32,1.11,34,wuliao0
377,16482359,Igor Kirko,2026-07-08 02:18:36,1.11,6,igorkirko
378,15495211,Peter Findley,2026-07-27 02:19:41,1.11,38,raist321
379,16620170,ocean240812,2026-08-10 12:48:13,1.10,6,ocean240812
380,16644310,Nikolas Silveira,2026-08-04 13:00:15,1.10,2,nikolassilveira
381,15520694,Barada Sahu,2026-07-15 07:38:48,1.10,51,mercurialsolo007
382,15587315,waticson,2026-08-07 23:55:51,1.10,9,yutodennou
383,16270968,Yizhang Lou,2026-07-28 17:27:20,1.10,6,yizhanglou
384,16540131,LinZihanAdam,2026-07-15 03:56:11,1.10,3,linzihanadam
385,16658246,kaanz,2026-08-07 07:30:26,1.10,4,emirkaanozd
386,16567629,Manan Gupta #2,2026-07-29 00:38:32,1.10,9,obirdy
387,16380532,A0158737N,2026-07-26 03:04:55,1.10,15,kanhon
388,16474959,[Deleted] ade0214e-cb0f-436e-95f5-47784b00e897,2026-07-11 05:35:37,1.10,5,del=9ab3e1420ebaee89
389,16539376,Sha1ee,2026-07-18 03:08:31,1.10,4,sha1ee
390,16078747,varianceofx,2026-07-16 00:50:46,1.10,21,varianceofx
391,15493326,Benedicte HELFER,2026-08-14 10:32:41,1.10,81,benedictehelfer
392,16669732,zhangzhuang li,2026-08-10 11:19:45,1.10,1,zhangzhuangli
393,16573558,qwertykeypadapple,2026-08-15 01:04:35,1.10,8,qwertykeypadapple
394,16699653,Yvonne.,2026-08-11 06:02:03,1.10,1,zdawer250
395,16591491,Alex Zhang g,2026-08-03 01:33:12,1.10,6,alexzhangg
396,16016635,Recursive Intelligence Lab,2026-08-14 07:50:25,1.09,16,tirth1402
397,16440715,Just a Moroccan,2026-07-21 11:06:43,1.09,4,zbidaamine
398,16486775,Денис,2026-07-05 03:12:12,1.09,1,dambek
399,16489497,Tom1115,2026-08-05 00:05:05,1.09,18,tom1115
400,15908708,vbnnn,2026-08-07 18:17:35,1.09,18,victorogobi
401,16360913,Mikael Kerimov,2026-08-06 05:21:24,1.09,18,mikaelkerimov
402,15504783,Hossein,2026-08-13 00:29:03,1.09,42,tomi85
403,16661300,Guru Prasaath S,2026-08-12 08:06:09,1.09,2,guruprasaathas111
404,15493886,Code by Nadiia,2026-07-09 11:25:07,1.09,1,codebynadiia
405,15503995,randyzhang666,2026-08-10 08:21:02,1.09,1,randyzhang666
406,16037949,hungry_hawking,2026-07-31 17:07:58,1.09,12,hungryhawking
407,16099769,Dual Singularity,2026-08-15 01:44:21,1.09,58,"christianhowson,mileshowson"
408,16666852,Wertiba,2026-08-05 23:23:29,1.09,1,wertiba
409,16233589,gosu.Kouts,2026-07-23 15:06:53,1.09,14,gosukouts
410,15491099,chinnum97,2026-08-07 14:59:58,1.09,6,madarshbb
411,16598990,Zhuo Li,2026-08-14 03:09:20,1.09,6,ctfxiao
412,16616627,yuritosci,2026-08-01 01:30:23,1.08,2,yuritosci
413,16661802,hahah,2026-08-11 00:35:12,1.08,6,huangkangyu
414,15498347,richwomanbtc,2026-08-15 00:58:08,1.08,39,"fumiyauchiyama,richwomanbtc"
415,16414058,wenyuan Guo,2026-07-06 07:56:15,1.08,6,gwey1025
416,15499946,DarkPhoenix,2026-07-12 07:33:47,1.08,30,darkphoenix2077
417,16562449,Praj Koduri,2026-07-20 02:21:05,1.08,2,"gregorydaley,prajkoduri"
418,15927787,Satoshi911,2026-08-08 05:06:22,1.08,40,satoshi911
419,15635738,Rookie,2026-07-29 19:15:44,1.08,30,steveninje
420,16256714,table spoonful,2026-07-13 05:03:52,1.08,11,tablespoonful
421,16268784,TUC,2026-07-13 09:03:38,1.08,7,tobiassesterhenn
422,16283854,Vu Tran Hoang,2026-08-03 06:51:00,1.07,4,hoangvux
423,16662159,KiKi,2026-08-13 16:15:19,1.07,2,kingkiller2164
424,15549873,WQing_Z,2026-07-11 21:29:21,1.07,8,wqingz
425,15929872,Ashad Alam,2026-07-30 12:15:30,1.07,2,ashad8949
426,15486953,Sangram Patil,2026-08-02 06:12:15,1.07,18,sangrampatil5150
427,15511462,Ali Haydar Özdağ,2026-08-02 00:01:51,1.07,28,ahoirg
428,15511931,Zhehan,2026-08-10 04:03:48,1.07,7,cyberzzhhss
429,16053779,Fususu,2026-08-15 02:43:37,1.07,50,phuongncn
430,16472209,[Deleted] 4c436f13-5592-4c03-b39e-5c69e95e5294,2026-07-19 11:02:30,1.07,6,del=a8f3af9aeaa6ae2f
431,16706087,rellik13,2026-08-14 00:35:06,1.07,3,sirikilohit
432,15488304,panterlab,2026-07-25 09:39:51,1.07,13,hweowe
433,16696987,Indium AI Labs,2026-08-14 10:31:28,1.07,6,devaanshpa
434,16482433,Jacques Buis,2026-08-13 23:05:45,1.07,23,jacquesbuis
435,15516498,Boiled-Sweet-Potato,2026-08-11 07:29:23,1.07,12,boiledsweetpotato
436,16275978,lkevincc,2026-07-15 11:39:50,1.07,7,jjsdfd22
437,15645087,Shankha Suvro Mullick,2026-08-09 17:33:04,1.06,5,shankhasuvromullick
438,16555957,studious students,2026-07-30 03:24:53,1.06,10,"asiansnextdoor,djerok116"
439,16409969,Dante Lok,2026-07-19 06:24:56,1.06,1,dantelok
440,15494269,Patrik Pivoda,2026-07-02 07:28:05,1.06,17,patrikpivoda
441,16466598,Mohammed Maqsood L,2026-08-15 03:29:21,1.06,3,mohammedmaqsoodl
442,15491328,Jeki Wan Taufik,2026-08-15 03:54:20,1.06,23,jek1wantaufik
443,16497222,AI Winter,2026-08-15 00:16:25,1.06,30,"aiwinter,stoneshek"
444,16275272,ByteSized,2026-08-13 16:26:01,1.06,10,"amit24f1002112,prishagupta97"
445,15536350,arman1o1,2026-07-25 04:21:14,1.06,7,arman1o1
446,16497431,Matthew Huang,2026-08-01 23:19:12,1.06,7,matthewwh
447,16693078,"Sho Okiyama M.D., Aillis CEO",2026-08-14 00:18:09,1.06,6,shookiyama
448,16273949,Proving AGI,2026-08-14 17:49:53,1.06,15,mikelou1
449,16535094,HongYuNeil,2026-08-11 03:53:07,1.06,24,hongyuneil
450,16483685,jmatsukuma,2026-07-25 00:08:19,1.06,10,jmatsukuma
451,15522372,Thiago Munhoz da Nóbrega,2026-07-24 05:34:51,1.05,16,thiagommtmn
452,16296710,Kapilraj R,2026-07-31 11:08:51,1.05,8,kapilrajr
453,16672421,NIHAR RANJAN PANDA,2026-08-06 06:40:43,1.05,1,niharrpanda
454,16410428,DataLover,2026-07-31 18:59:11,1.05,12,paulknidler
455,15732416,Jonathan Wang2022,2026-08-03 00:07:26,1.05,6,jonathanwang2022
456,15607034,Reki,2026-08-14 14:59:23,1.05,80,"ruichardliu,russcore"
457,16450379,cm391,2026-07-06 09:18:17,1.05,4,mccocoful
458,15512064,soso,2026-07-03 03:21:19,1.05,17,"koesnuj,suminshim"
459,16480531,tyz123456,2026-08-11 08:16:32,1.05,7,tyz123456
460,15490134,骐骥驰骋CreateAMind,2026-07-21 02:13:19,1.05,33,aimind
461,15508705,Giovanni Marco Dall'Olio,2026-07-27 21:35:16,1.05,1,dalloliogm
462,15512911,LLaMeRz,2026-08-13 02:58:00,1.05,7,"dorukdorular,richardaragon"
463,16599559,Ismail Mabrouki,2026-07-28 18:52:11,1.04,2,ismailmabrouki
464,16599963,shuto,2026-07-29 00:21:34,1.04,4,kisigan
465,16653964,Göktürk Akman,2026-08-11 21:06:22,1.04,3,gktrkakman
466,15487261,Giba,2026-08-09 10:55:31,1.04,12,titericz
467,15490575,Nf4d1l,2026-08-10 06:45:25,1.04,5,nf4d1l
468,16059932,wkdrbwnd1,2026-08-03 12:25:22,1.04,5,wkdrbwnd1
469,16566144,Yiko01,2026-08-01 08:14:51,1.04,3,yiko01
470,16712619,Natalia Jaśkowska,2026-08-14 01:47:16,1.04,2,nataliajakowska
471,15494543,THIRUPATHI KANNAN K,2026-08-01 10:58:51,1.04,8,thirupathikannank
472,15634233,Spen,2026-08-14 05:01:18,1.04,17,spenny
473,15494232,seele,2026-08-13 10:08:04,1.04,21,seele1917
474,15577418,Kh0a,2026-08-14 04:17:17,1.04,19,llkh0a
475,16263464,khj1222,2026-07-06 08:58:05,1.04,16,khj1222
476,16585824,htatsumi,2026-07-29 13:55:03,1.04,4,tatsumihasebe
477,15615332,ColmOBrien1234,2026-08-12 17:10:44,1.04,19,colmobrien1234
478,15703192,ADARSH REDDY B,2026-07-21 03:22:45,1.03,3,adarshreddyb
479,15487284,Team_Haumea,2026-08-14 14:12:34,1.03,13,chaitanyagullapalli
480,15725289,webcainiao,2026-08-13 03:03:45,1.03,17,web3cainiao
481,16557082,Arjun Sharma,2026-07-30 01:32:11,1.03,2,arjundsharma
482,15509841,Ant,2026-08-02 21:08:36,1.03,8,anthonytrevino
483,15633586,Nikita #2,2026-08-11 06:03:55,1.03,3,nikitagajbhiye30
484,16670917,Ikeda0516,2026-08-12 16:15:11,1.03,1,ikeda0516
485,16649433,lxmjlove1,2026-08-04 01:34:36,1.03,1,lxmjlove1
486,16603860,Aadi Joshi,2026-07-27 04:53:13,1.03,1,aadijoshi19
487,15777740,lemTree,2026-07-31 14:30:39,1.02,8,lemtree
488,16709444,Salem Ali,2026-08-11 21:02:13,1.02,1,salemali7
489,16361627,MinJaeChoics,2026-07-27 13:09:44,1.02,2,minjaechoics
490,16484775,Jiajia Dawang,2026-07-19 02:27:04,1.02,1,jiajiadawang
491,15487488,Richard Beauchamp,2026-07-28 23:20:58,1.02,37,rbeauchamp
492,16583818,liangyan0322,2026-08-12 13:16:08,1.02,1,liangyan0322
493,16398281,maplewolf,2026-07-10 16:36:57,1.02,9,maplewolf
494,16514219,SireeshLimbu,2026-08-13 15:32:36,1.02,12,sireesh
495,16696545,Nikhil00718,2026-08-11 07:58:13,1.02,2,nikhil00718
496,15578475,Santiago Maniches,2026-08-04 13:53:17,1.02,26,santmani
497,16612903,DeineBossin,2026-07-31 00:05:54,1.02,3,deinebossin
498,15509520,UlinNuhaAbduh,2026-07-31 09:14:18,1.02,4,ulinnuhaabduh12345
499,15590953,k.mas,2026-08-06 06:41:43,1.01,1,kgethimas
500,15730169,Veeramuthu Babu,2026-07-07 06:20:54,1.01,3,veeramuthu
501,15538060,Pedro Caycho,2026-07-30 11:37:53,1.01,3,pjcc1123
502,16093130,Team Name*,2026-07-20 09:24:30,1.01,3,jiaruicao7
503,15496478,Bradley Shervheim,2026-07-27 04:03:59,1.01,53,bradleyshervheim
504,16688839,benzousilvia,2026-08-14 23:37:40,1.01,6,benzousilvia
505,15821658,Keven Li,2026-07-18 18:56:38,1.01,6,kevin250304
506,16471072,Faith,2026-08-14 08:48:14,1.01,4,faith853
507,16263662,joicygiore,2026-07-07 03:23:11,1.01,11,joicygiore
508,15497833,Tony Li,2026-08-12 21:03:41,1.01,4,tonylica
509,15606567,MA RAN,2026-08-14 12:27:19,1.01,6,ranmadi120
510,15512938,hjw10086,2026-08-09 04:12:17,1.01,5,"fanglimo,hjw10086"
511,15501454,Vicens Gaitan,2026-07-27 07:09:30,1.01,13,vicensgaitan
512,15650271,yellowleaf,2026-07-26 11:21:24,1.01,10,wcqyfly
513,15523208,로라 Laura,2026-08-07 08:36:36,1.01,6,lmasca
514,16592865,zbbw,2026-08-12 08:37:57,1.01,5,rakizbw
515,16500185,Lovlace、,2026-07-10 01:28:50,1.01,4,"irisis,lovlace"
516,15531997,Jordan Franklyn McCann,2026-08-06 01:56:44,1.00,30,jordanfranklynmccann
517,16272917,Ni123456&,2026-07-28 15:09:29,1.00,22,bingdongni
518,16153655,michaeltg,2026-08-12 06:26:00,1.00,16,michaeltgao
519,15488649,Tanmay,2026-07-08 14:48:31,1.00,24,tanmaysah
520,15495491,Mohammed Abdullah,2026-08-14 18:20:59,1.00,1,curiousmohammed
521,16683244,Yiğit Virdil,2026-08-07 08:11:53,1.00,1,yigitvirdil
522,16408642,Krizsó Gergely,2026-08-14 18:34:07,1.00,12,lucifer19
523,15532510,Mohamed IDRISSI GHALMI,2026-08-10 22:39:45,1.00,4,mohamedidrissighalmi
524,16678314,Melisakman,2026-08-07 02:04:40,1.00,2,melisakman
525,16416921,Andrey Kulakov,2026-07-01 08:29:47,1.00,3,jex398
526,15492202,KooDol,2026-08-04 08:08:45,1.00,2,koodol
527,15932761,J&F AI,2026-08-12 23:37:00,0.99,29,junjin2
528,16551138,Ethan Lee,2026-08-03 03:29:05,0.99,6,ethanlee43
529,16368858,Shivam Sharma,2026-08-10 01:26:27,0.99,18,jxm222
530,16508566,Harshank Matkar,2026-07-08 15:19:17,0.99,1,harshankmatkar
531,15493851,VasanAust,2026-08-11 04:37:24,0.99,2,vasanaust
532,16694237,pwdh2026,2026-08-15 03:30:06,0.99,7,pwdh2026
533,16611553,Fidel Escalona,2026-08-14 21:27:51,0.99,3,fbescalo
534,16439222,Zhang.ZJ,2026-07-26 17:38:39,0.99,1,evilyevihut
535,16282858,Schroll🇧🇷,2026-07-04 17:17:59,0.99,6,andrefernand
536,16534447,Liao Zixu,2026-08-14 15:07:28,0.99,5,liaozixu
537,16556855,Theo Serieys,2026-07-31 23:35:41,0.98,3,theoserieys
538,16566829,Mikey Marszewski,2026-07-25 05:59:48,0.98,2,mikeymarszewski
539,16493630,AI super coder,2026-07-12 07:12:10,0.98,6,aisupercoder
540,15498578,TuMinhDang,2026-08-02 05:44:31,0.98,15,darkswordmg
541,15729951,AYAHM BARISH,2026-07-25 18:46:16,0.98,9,ayhampar
542,16691651,Abhiraj Singh,2026-08-09 06:31:53,0.98,2,cyberdrago
543,16428606,ダルシャン・キラリ,2026-07-26 06:17:34,0.98,1,darshankilari
544,16429632,in blue,2026-07-27 04:03:16,0.98,10,bhatiji
545,16690614,Yaroslav,2026-08-10 00:09:35,0.98,3,yaroslavrogoza
546,15488816,Quadruped,2026-08-13 13:50:46,0.98,12,jaclyndeem
547,16286208,kutenk,2026-07-31 17:34:30,0.98,2,"guxianzhan,kalilon,kalonme,kutenk,meqikat"
548,16417375,Mogja J,2026-07-21 03:34:11,0.97,6,mogjaj
549,15608330,Naga Bhanuja,2026-08-14 04:25:18,0.97,6,nagabhanuja
550,16348686,carpe diemviva,2026-07-15 06:36:41,0.97,10,carpediemviva
551,15503225,Luo,2026-07-06 09:19:44,0.97,13,chaoqiluo7
552,16700076,JOSHUA EDWIN JACOB V 24F,2026-08-14 13:50:26,0.97,3,joshuaedwinjacobv24f
553,15490882,Kashyapsinh gohil,2026-08-06 04:15:36,0.97,20,kashyapsinhgohil
554,15857608,BBK,2026-08-15 05:07:24,0.97,33,bang1850
555,15581107,AGI RL,2026-08-08 02:09:16,0.97,18,fondrose
556,15604096,Bazinga!,2026-07-11 18:29:56,0.97,17,"damndeepesh,swapisticated"
557,15515601,xsong2020,2026-07-18 21:58:23,0.96,6,xstargate
558,16422860,hierarchical,2026-08-03 05:40:24,0.96,21,felixwang1m
559,15486998,Will,2026-07-27 07:17:35,0.96,3,wguesdon
560,16466675,nmst,2026-08-14 23:40:22,0.96,8,nmstopen
561,16652540,Kreytorn,2026-08-06 00:32:30,0.96,4,kuzeytorlak
562,15605492,Wu,2026-08-14 13:35:43,0.96,20,gweiwu
563,16327552,srgmsowmya,2026-07-09 04:55:14,0.96,12,srgmsowmya
564,15594996,Brothers of Creations,2026-07-21 20:34:19,0.96,2,rahulrathnavel
565,15990012,islet,2026-07-06 03:05:03,0.96,4,kojimar
566,15486769,Ali,2026-07-28 21:48:29,0.96,43,asalhi
567,15590844,ghatotkachh,2026-07-08 06:29:02,0.96,1,ghatotkachh
568,16543278,tim chen,2026-07-22 05:21:53,0.96,5,tim310579
569,15495700,taopy2,2026-07-25 17:01:52,0.96,9,taopy2
570,16623594,alireza zarei,2026-08-08 21:20:30,0.96,3,arzarei
571,16658469,Ashwin Goyal,2026-08-06 04:50:36,0.95,1,letthedreamersrise
572,16280739,Hafida Belayd,2026-08-14 10:08:11,0.95,5,hafidabelayd
573,15633864,ErenAGI,2026-08-14 12:03:47,0.95,8,erenagi
574,15921900,Saúl Delgado ,2026-07-03 16:25:17,0.95,2,saul369delgado
575,15487662,Ganesh Sharma,2026-08-14 21:32:14,0.95,2,ganeshstemx
576,16599829,venks,2026-07-26 01:05:30,0.95,1,vterli
577,16698174,galatea,2026-08-10 01:02:14,0.95,1,ark911
578,15921682,Mathemortician,2026-08-08 22:32:19,0.95,8,mathemortician
579,15491011,Smart Manoj,2026-07-04 05:59:47,0.95,8,smartmanoj
580,15486672,20252022_WoochangSim,2026-08-11 23:53:04,0.95,34,woochangsim
581,16557360,akmr,2026-08-08 00:30:47,0.94,2,akimaru
582,15494842,Aman Atar,2026-08-14 09:14:11,0.94,40,amanatar
583,15885954,Zhuravlev Viktor,2026-08-11 08:33:51,0.94,1,zhuravlevviktor
584,16256464,LosOrange,2026-07-21 02:33:35,0.94,1,losorange
585,16578102,三天,2026-08-12 01:18:30,0.94,2,gggggggxy
586,15487887,Mohammad Albaddawi,2026-07-01 11:31:35,0.94,2,m7mdalbaddawi
587,15488032,MagicBeatMagic,2026-08-11 15:22:06,0.94,60,"del=3ef421aac96c6cd5,del=e7869adb695afcf7,jiahaohuang0711,zhengxuyu"
588,15553513,TaKi,2026-08-04 04:13:14,0.94,13,jinjieqiu
589,16673702,wasp01,2026-08-07 00:02:03,0.94,2,wasp01
590,16262417,Efthimios Fousekis,2026-08-09 22:27:02,0.94,4,efthimiosfousekis
591,16668219,MIKE DAN7,2026-08-10 14:07:37,0.94,4,mikedan7
592,15506671,Pilkwang Kim,2026-08-05 11:07:41,0.93,19,pilkwang
593,16593977,SYC,2026-07-29 05:25:50,0.93,2,yichengs
594,16575299,Elazar fuchs,2026-08-14 06:23:32,0.93,3,elazarfuchs
595,16424695,준환,2026-07-20 06:05:18,0.93,5,paulguilbert
596,16661138,Demir Durbakayım,2026-08-07 03:26:54,0.93,1,sixcode
597,16594767,"HE, Jiayou",2026-07-27 05:30:18,0.93,2,hejiayou
598,15494444,Ifeoluwa Adewumi,2026-07-24 08:52:50,0.93,5,ifeadewumi
599,16585942,Vlad Kochetov,2026-07-25 16:58:29,0.93,1,vladkochetov07
600,16567569,t-enstar,2026-07-26 02:52:38,0.93,5,tstustatama
601,16676611,sezer ali,2026-08-13 07:57:55,0.93,5,sezerali01
602,16702680,Alariun,2026-08-14 17:16:01,0.92,5,calebrown
603,16603057,Jason Matthew Suhari,2026-07-27 08:43:21,0.92,2,jasonmatthewsuhari
604,15499421,Amon Kizawa,2026-07-25 11:53:56,0.92,7,amonkizawa
605,16464329,brand HZYsds,2026-08-12 00:32:16,0.92,3,brandhzysds
606,15524172,Quanyi Li,2026-07-13 17:28:00,0.92,23,ko0kip
607,16461597,S J Moudry,2026-08-12 21:16:00,0.92,9,sethmoudry
608,16282855,TAMU-TACO,2026-07-21 03:47:07,0.92,6,"linfangzhou,peirancs"
609,15488731,Johnson Chishimba,2026-08-12 23:32:08,0.91,22,johnsonchishimba
610,16679257,Lamine Yamal,2026-08-06 22:26:05,0.91,1,ermanman
611,16517287,pAIoneers,2026-07-19 18:56:31,0.91,8,"jahansinghisdagoat,noahrauch"
612,15494921,Tagir Analyzes,2026-07-26 08:05:29,0.91,1,tagirkhairutdinov
613,15492225,Charismatic Pizza Party🍕,2026-08-09 13:09:50,0.91,11,debugendless
614,16619609,datnt114,2026-08-03 17:38:25,0.91,3,kingkong153
615,16544283,Alison Moura,2026-07-20 11:15:02,0.91,3,mouraalison
616,15919665,Nam Nguyen,2026-07-08 20:19:42,0.91,32,namthanhnguyen2001
617,15556286,joaopedrotocantins,2026-07-24 00:06:15,0.91,5,joaopedrotocantins
618,16690379,NMZP,2026-08-08 12:49:42,0.90,1,numsap
619,15532157,DanielGuy,2026-08-04 03:19:58,0.90,11,danielguy111
620,15518885,Pawan Rama Mali,2026-08-07 04:06:41,0.90,8,pawanmali
621,16484458,interneuron,2026-07-18 03:23:36,0.90,3,interneuron
622,16646937,shelbe41,2026-08-10 14:56:10,0.90,7,shelbe41
623,15789987,q zh,2026-07-02 08:53:34,0.89,11,hrbzhq
624,16633862,pushkin05,2026-08-01 01:01:12,0.89,1,pushkin05
625,16445972,DummyIndex,2026-07-23 21:48:51,0.89,10,dummyindex
626,16580350,Musa Tur Farazi,2026-07-21 13:00:43,0.89,1,musaturfarazi
627,16371120,sam,2026-07-30 03:21:31,0.89,4,samgreen2046
628,16549662,Mark Grayson,2026-07-15 11:53:27,0.89,1,flyingsinclair
629,15989721,nptd,2026-07-19 12:01:37,0.89,1,hitheone
630,16697910,Nolin Nguyen,2026-08-13 23:37:06,0.89,2,nolinnguyen
631,16452307,Dalton Omondi,2026-07-08 11:58:05,0.89,4,daltongabrielomondi
632,16047765,pensukesan,2026-07-29 23:30:15,0.89,12,pensukesan
633,15510427,Komil Parmar,2026-08-11 09:04:55,0.89,15,komilparmar
634,16711456,HarijsPoters,2026-08-12 16:30:59,0.88,1,harijspoters
635,15492017,Nabil Alagi,2026-07-01 03:00:57,0.88,33,nabilalagi
636,15491056,Kumaran K,2026-08-03 08:34:11,0.88,3,kumarandatascientist
637,16086026,not-overfitting,2026-07-06 21:15:49,0.88,6,zidan2020
638,16688248,Shicheng Rao,2026-08-14 01:13:52,0.88,7,shichengrao
639,16135652,Izukia,2026-07-08 01:48:23,0.88,6,"accelra,izukia,tendenho"
640,16370290,Rishav Utkarsh,2026-07-27 10:16:22,0.88,4,"nehak76044,rishavutkarsh"
641,16663762,🔥🦫📿🗽,2026-08-09 13:51:26,0.88,2,datafad
642,16560062,caspian,2026-07-21 06:21:02,0.88,5,haivan11
643,16486164,Siva Voleti,2026-07-10 19:10:15,0.88,1,sivavoleti
644,15554031,YOUSSOUF KAMAGATE,2026-08-06 23:46:05,0.87,1,youssoufkamagate
645,16603419,hh h,2026-07-27 01:48:21,0.87,1,hhhcqy
646,15504137,Tariku Mehdi,2026-08-13 03:03:39,0.87,6,tarikumehdi
647,16590347,G!vIOne,2026-07-24 18:46:46,0.87,2,gvione
648,16491432,ll,2026-07-06 23:21:18,0.87,1,sergeevii123
649,16492717,たかゆき,2026-07-08 00:07:30,0.87,3,takayuki0127
650,15553784,skjazz,2026-07-09 19:12:30,0.87,4,skjazz
651,16664378,Dimitri ZABRE,2026-08-05 11:25:42,0.87,1,dimitrizabre
652,15526403,BhargavaAbhi,2026-07-02 12:40:01,0.87,14,bhargavaabhi
653,16679298,Ozan AKMAN,2026-08-07 02:04:44,0.87,2,ozanakman
654,16388372,Nat,2026-07-17 04:19:50,0.86,15,natgurlain
655,16550431,Biswajit,2026-07-20 09:29:52,0.86,4,biswajit1998
656,16471727,FasterYouChase FasterIRun,2026-07-08 12:19:30,0.86,5,icoguser
657,15772533,⸻AgentZZ ⸻,2026-07-30 21:07:45,0.86,4,agentzz
658,16482360,MINAGI,2026-07-27 12:59:32,0.86,1,cassinicraft
659,16629364,Aishik Rakshit,2026-08-12 19:58:05,0.86,2,aishikai
660,16537511,Vineeth Sai Varikuntla,2026-08-07 04:22:17,0.86,2,vineethsaivs
661,16328387,atila vahedian,2026-07-28 02:14:06,0.86,8,atilavahedian
662,16437247,Mimic Mohsin,2026-08-02 14:01:04,0.85,3,mimicmohsin
663,16670567,Suavemango,2026-08-07 00:29:41,0.85,1,suavemango
664,16611103,myab07,2026-07-30 14:25:21,0.85,1,myab07
665,16419023,Jacky Lin,2026-07-21 12:32:41,0.85,1,jackylin047
666,15510923,Ravi Ramakrishnan,2026-07-05 05:29:26,0.85,13,ravi20076
667,16551776,WUHAOZHE618,2026-08-11 22:48:35,0.85,2,wuhaozhe618
668,15526518,Andreas Bisiadis,2026-08-12 11:17:24,0.84,16,andreasbis
669,16535086,Hyunsik Park,2026-08-14 03:59:32,0.84,3,hyunsikpark
670,16499873,Harish K,2026-08-10 13:46:27,0.84,2,harishk2209
671,16658228,Deniz Mucur,2026-08-07 04:18:40,0.84,3,denizmucur
672,16395976,Hippolyte Pilchen,2026-08-14 15:34:53,0.84,11,hippolytepilchen
673,16652475,i efe Yeşildağ,2026-08-03 12:13:58,0.83,1,iefeyeilda
674,16698118,Suman Nandamury,2026-08-15 00:10:06,0.83,6,nandamury
675,15833545,lp,2026-07-07 03:03:56,0.83,10,lihu6666
676,16707910,daoviet,2026-08-15 01:14:14,0.83,1,daoviet
677,16431554,Pirate-Emperor,2026-07-05 17:23:37,0.83,2,piratekingrahul
678,16681401,Ada Sarp KIRIK,2026-08-07 04:57:55,0.83,1,adasarpkirik
679,16500424,bihrain,2026-07-16 17:42:00,0.83,3,bihrain
680,15660503,weiyang,2026-08-09 12:04:49,0.83,4,weiyangeliu
681,15513955,Light&Thunder,2026-07-16 07:41:01,0.83,3,yerne39
682,15490682,fenger001,2026-07-04 00:04:33,0.83,2,fenger001
683,16696612,Shishkov Vladislav,2026-08-11 08:01:16,0.82,2,timetoti
684,16671263,soltani abdellatif,2026-08-06 13:03:29,0.82,1,soltaniabdellatif
685,15996264,RameshG888,2026-07-24 18:17:30,0.82,18,ramesh888
686,16653887,YUKRUB,2026-08-08 07:59:00,0.82,1,yukrub
687,15646085,ASGModels,2026-08-05 05:20:03,0.81,2,mkjhfghfgh
688,16721580,Vaibhav,2026-08-15 00:01:26,0.81,2,vaibhavpatel
689,16543687,Coen Hewes,2026-08-02 05:32:23,0.81,3,coenhewes
690,16444749,Henry CKW,2026-08-02 01:02:43,0.80,12,kinwochan
691,16234077,Artem Pshenitsyn,2026-08-11 13:07:19,0.80,4,artem21
692,16673306,Sarp Öztürk,2026-08-07 06:36:38,0.80,1,sarpztrk
693,16668629,Giwrgos Savvidhs,2026-08-05 15:29:17,0.80,1,gsavvidhs
694,15823039,Tong Hui Kang,2026-08-14 20:42:35,0.80,46,huikang
695,16428454,letanhm,2026-07-10 06:40:18,0.80,6,letanhm
696,16679281,oguzaydin.72,2026-08-07 00:06:09,0.80,2,oguzaydin72
697,15488163,Berkay,2026-07-13 18:20:17,0.80,50,stormchaser
698,15487124,Anthony Nwafor,2026-07-08 22:46:56,0.80,3,anthonynnagbo
699,16693391,Jacob Davis,2026-08-15 04:05:03,0.79,7,jacobtdavis
700,15702685,Shreyas Mahimkar,2026-08-10 20:29:09,0.79,18,shreyas4
701,16605252,borro1980,2026-07-30 22:54:45,0.79,1,borro1980
702,16673942,Seongsoo Park,2026-08-06 09:18:49,0.79,1,pssupkaggle
703,16303618,Isaac Menard,2026-07-18 17:52:21,0.79,3,isaacmenard
704,15498652,jazivxt,2026-08-15 02:38:02,0.79,2,jazivxt
705,15487089,Rafaël Labbé,2026-07-01 01:44:08,0.79,4,hashpanda
706,15590907,Thien Nguyen,2026-07-16 15:39:23,0.79,3,ntthientn
707,15494211,Zulqar,2026-08-06 12:54:22,0.78,1,johndoe2011
708,15488435,Artem Goncharov,2026-08-10 14:02:17,0.78,4,artemgoncarov
709,15545901,CHENGQI ZHENG,2026-07-05 01:54:29,0.78,9,chengqizheng
710,16632186,Chang Sue,2026-08-10 00:13:18,0.78,4,sc2005
711,16516797,Lea Longepierre,2026-08-03 18:03:56,0.78,2,lealongepierre
712,16651393,Doruk Kaan Kaptan,2026-08-07 07:04:40,0.77,1,dorukkaankaptan
713,15587430,Akira Hirohashi,2026-07-03 13:44:04,0.77,6,akirahirohashi
714,15567564,Nick Pellegrin,2026-08-14 18:40:36,0.77,12,nicholaspellegrin
715,15767021,Youssef Nader,2026-07-16 18:05:29,0.77,8,gamingconceited
716,15562926,Oluyinka Oginni,2026-07-13 03:56:19,0.77,8,"datatemple,olugbemioginni"
717,16717315,Arda Ceylan,2026-08-14 11:13:39,0.77,1,ardacey
718,16696783,maximo lorenzo y losada,2026-08-13 01:42:30,0.76,1,maximolorenzoylosada
719,16487140,Huilei Wang,2026-07-04 18:22:50,0.76,1,gracewang011026
720,16552724,Jahan Kazimi,2026-07-23 11:37:32,0.76,2,jahankazimi
721,16620509,joequant3,2026-08-01 01:41:22,0.76,2,joequant3
722,16218547,Jiachen Li,2026-08-11 03:02:04,0.75,4,llccqq624
723,16566656,62326368,2026-07-19 01:35:59,0.75,1,mooniim
724,16448996,MakersLabTM,2026-07-29 07:12:42,0.75,16,makerslabtm
725,16661285,Basheer Marzoog,2026-08-04 19:22:04,0.75,1,basheermarzoog
726,16497948,Vaibhav Arduino,2026-07-07 06:25:54,0.75,1,vaibhavarduino
727,16710666,Pengyi Peng1,2026-08-15 04:17:06,0.74,2,pengyipeng1
728,16554652,Paweł Jankiewicz,2026-07-19 19:22:21,0.74,1,paweljankiewicz
729,16160324,GYUYOUNG PARK09,2026-08-14 16:38:55,0.73,10,gyuyoungpark09
730,15617028,VAP RF5,2026-08-05 14:53:53,0.73,4,vaprf5
731,15488215,Evgenii Rudakov,2026-08-12 11:35:05,0.73,10,dolphininacoma
732,15771316,Ivan Martin Valle,2026-08-14 21:44:42,0.73,27,ivanmartinvalle
733,15677791,Rayan Chakib Idris,2026-08-14 20:53:28,0.73,3,rayanchakibidris
734,16205712,DataRegressor,2026-07-31 13:20:43,0.72,12,azzamradman
735,16584442,juricek chen,2026-07-22 07:34:41,0.72,1,juricekchen
736,16388387,ancientLuck,2026-08-03 15:04:59,0.72,1,ancientluck
737,15917525,Chris Paul Walker,2026-07-11 03:37:17,0.72,28,chrispaulwalker
738,16486428,Matěj Kopecký,2026-07-04 18:01:49,0.72,1,matjkopeck
739,16269683,Mathieu W,2026-07-31 12:41:03,0.72,3,mathieuw
740,16494808,MiHu,2026-07-06 12:16:33,0.71,1,chenboluo
741,16021367,the last dance,2026-08-12 12:49:03,0.71,27,"dwellement0baser,fses91,gklambauer,lukasaichberger"
742,16575052,Кирилл Алешин,2026-07-20 19:33:54,0.70,1,kirneo
743,16080197,Charbel Nehme,2026-08-13 07:24:24,0.70,15,charbelnehme
744,16132261,face-of-agi,2026-07-08 21:05:14,0.70,33,"cmechevalier,richardcsaky"
745,15620054,bueno,2026-08-01 14:42:50,0.70,8,"marynaborovska,yuriygreben"
746,16679963,uzair,2026-08-07 06:04:14,0.69,1,quantumcurator
747,16481141,Dajai Stewart,2026-08-09 06:15:55,0.69,2,dajaistewart
748,15660677,Udit Jain,2026-07-07 18:09:47,0.69,1,uditjain13
749,15707928,Michael Poluektov,2026-07-31 15:40:51,0.69,1,michaelpoluektov
750,15600061,adakoda,2026-08-01 00:38:22,0.69,51,adakoda
751,16454096,1tracksystem,2026-07-13 10:24:23,0.68,14,onetracksystem
752,15513545,Redfield Rentals,2026-04-17 04:11:30,0.68,20,niyatisingla
753,16723217,Jinx JK,2026-08-15 05:03:53,0.67,1,jinxjk
754,16323563,ym_xqm121,2026-07-18 12:28:33,0.67,4,ymxqm121
755,16599650,prvsiyan,2026-07-28 17:08:23,0.67,2,prvsiyan
756,15916434,nilochan,2026-08-10 00:16:50,0.66,11,nilochan
757,16620772,kagglejohn15,2026-08-14 07:01:29,0.66,4,kagglejohn15
758,16688319,kid william,2026-08-14 09:29:11,0.66,1,kidwilliam
759,16609552,rfbr,2026-08-12 11:00:20,0.66,1,romainfabre
760,15545043,Wild Star217,2026-08-14 16:58:10,0.66,32,wildstar217
761,16652771,EmirKaanozdemr,2026-08-06 20:55:08,0.65,3,emirkaanozdemr
762,16668517,Toprak Gundogdu #2,2026-08-07 00:13:14,0.65,3,toprakgundogdu123
763,16663634,Grayskull,2026-08-15 08:01:22,0.65,10,maciejbrzeski
764,15494399,SVG,2026-04-16 06:23:59,0.65,21,sandeepgoyal1980
765,16720950,五六七五六七,2026-08-14 18:20:26,0.65,1,wocenmma
766,16705639,JungHwan,2026-08-13 00:12:01,0.65,3,najunghwan
767,15892305,moeuuu,2026-07-15 07:50:40,0.64,2,moeuuu
768,15495380,AnpAn_Men,2026-07-03 17:57:26,0.64,4,anpanmen
769,15504761,Matthew Philip Poetker,2026-06-30 12:28:06,0.64,19,mattpoetker
770,15513542,[a-z A-Z] [1-9],2026-04-16 06:23:27,0.63,19,sumanb1985
771,16475680,hydrogenbonds,2026-08-12 09:49:15,0.63,18,jeffreyntse
772,16462946,YouKnoWho,2026-07-11 10:39:50,0.63,4,darksoul026
773,16448505,Mando,2026-07-24 14:30:33,0.62,1,chesteryuan
774,16448608,goose goose duck,2026-07-03 14:12:23,0.62,5,"deniseguo,jiexusheng20bz"
775,16128418,woihexi,2026-07-05 17:48:44,0.62,1,"woihexi,xzw9178"
776,16292356,Scrattle,2026-08-14 23:15:53,0.62,22,scrattle
777,15513536,Kamado Tanjiro,2026-04-17 05:42:48,0.61,20,parthg0106
778,16500512,Joseph Adamski,2026-07-21 19:04:31,0.60,13,josephadamski91
779,16436012,yxy,2026-07-01 11:32:13,0.60,4,yingxuanyang
780,15513547,"Winner Winner, BBQ Dinner",2026-04-17 05:43:08,0.59,20,manavsingla2005
781,15568397,neeraj b,2026-04-17 05:17:58,0.59,11,neerajb2000
782,15942555,Abraham,2026-07-14 22:23:11,0.59,17,abram007
783,15513538,Dhanashree Chavan,2026-04-17 04:09:23,0.58,20,dhanashreechavan2000
784,16582937,Hole Neckles,2026-08-02 02:06:44,0.58,1,holeneckles
785,16695088,Deniz Eryılmaz,2026-08-13 11:04:18,0.58,4,denizeryilmaz
786,15531976,Sanjay Dutt,2026-04-16 06:23:47,0.58,16,sanjaygoyal1982
787,16569341,Thereforyou_Jasmine,2026-07-19 10:25:56,0.58,1,wuzhiwen7445
788,16683236,engiemin,2026-08-07 08:11:13,0.57,1,engiemin
789,15486706,AGgIes,2026-07-12 02:49:59,0.56,4,"bhavyanukapotula,flash36,shahidaamirsheikh,spark8433"
790,16458923,Tareq,2026-07-09 07:06:04,0.55,3,talkhaldi
791,16416577,Chandu Lakkimsetti,2026-07-22 07:25:26,0.55,2,chandulakkimsetti
792,16459523,hahastone,2026-07-02 20:41:04,0.54,3,hahastone
793,16669635,Prajwal Rawoorkar,2026-08-15 06:56:23,0.54,3,"kunaltilaganji,prajwalrawoorkar"
794,16276663,Qiwei,2026-07-04 08:11:41,0.53,5,qiweiyin
795,16387842,Ruxiao Qian,2026-07-31 14:12:17,0.53,7,ruxiaoqian
796,15907021,Huangxin14,2026-07-17 02:46:17,0.52,4,huangxin14
797,16402997,Vedant Gupta,2026-07-12 18:44:21,0.52,1,vedantgupta070
798,15488639,[Deleted] 31dcedba-a700-4b00-9079-1d3195779db2,2026-06-10 09:01:08,0.51,66,del=795a5bc1dd2cd32b
799,16466739,Zhecho Mitev,2026-07-01 14:21:35,0.51,1,zhechomitev
800,15494057,Sergei Fironov,2026-04-03 10:51:19,0.50,5,sergeifironov
801,16658256,Emrullah Söyler,2026-08-05 13:17:51,0.50,2,emrullahsyler
802,16537624,Student,2026-07-20 17:23:23,0.50,3,jonahm
803,15641620,Rachid Caich,2026-08-10 13:11:47,0.50,1,rachidcaich
804,15494779,accforantigravity1,2026-04-06 04:59:47,0.49,9,accforantigravity1
805,16393597,Tahsin Arafat,2026-06-30 17:37:17,0.48,1,tahsinarafat
806,16485287,Haily_mary,2026-07-05 15:25:24,0.48,2,hailymary
807,16490178,Grigoriy Zatravkin,2026-08-10 14:55:36,0.48,8,grigoriyzatravkin
808,15552958,최강 필립,2026-05-23 19:49:01,0.48,29,hakgyuhong
809,15486661,theredbluepill,2026-06-21 15:18:26,0.47,67,"del=fccf4a7a35741c78,poonszesen"
810,16348978,Son Tran,2026-07-12 09:12:04,0.47,9,s27813
811,15940553,Quinn,2026-05-21 03:56:20,0.47,7,fooboy
812,15513541,Pg0106,2026-04-03 05:21:56,0.46,6,pg0106
813,15517097,IC2,2026-06-05 09:20:02,0.46,10,jonathanchan
814,15531140,HongyuChen123321,2026-07-03 03:50:13,0.46,8,hongyuchen123321
815,15500383,Sumit Pandey,2026-04-06 04:08:05,0.46,3,itsyoursumit
816,16679156,Seniha Dal,2026-08-07 04:23:38,0.45,2,senihadal
817,15659990,动物朋友,2026-04-26 13:25:50,0.45,3,"breadkaggle,chenyixu2004"
818,16444733,Lamsiu,2026-07-01 00:23:28,0.45,2,samzliu
819,15520587,Sweety Seelam,2026-08-03 20:29:07,0.44,65,sweetyseelam
820,16424567,Samuel Xu,2026-07-14 17:39:42,0.44,15,samuelzxu
821,16302564,Cameron Warrennn,2026-06-22 13:07:41,0.44,8,cameronwarrennn
822,15513551,PAG0106,2026-04-03 05:22:52,0.44,6,pag0106
823,15500528,Sonnia AI,2026-06-30 23:52:40,0.44,6,drozza
824,16432576,Mario Gemoll,2026-07-03 20:26:55,0.43,8,mariogemoll
825,16421960,Gopal Krishna Gundumalla,2026-07-25 15:25:20,0.43,13,gopalkrishnag
826,15491953,Umer Haddii,2026-06-08 10:16:55,0.43,25,umerhaddii
827,15540497,PyJa,2026-06-26 10:31:43,0.43,10,pixiux
828,15491649,Samsay24,2026-06-28 18:33:03,0.43,6,samsay23
829,15635434,Gabriel Mirea,2026-06-30 10:15:17,0.42,10,gabrielmirea
830,15731261,Genki,2026-07-01 02:22:21,0.42,30,genkiwatanabe
831,15543640,李闯,2026-05-26 01:17:24,0.42,45,deyiao
832,15564597,Bogdan Kovenko,2026-08-14 05:41:08,0.42,10,bogdan355
833,15510096,Beyond Logic,2026-08-08 21:27:26,0.42,15,"beyondlogic,mazharie,turag10"
834,15905450,Ngoc Nguyen Tuan,2026-07-05 05:23:57,0.42,18,ngocnguyentuan
835,15509312,zorojuro,2026-06-30 08:15:22,0.42,58,vyankteshdwivedi
836,16406654,HelloWorld5050,2026-06-30 20:39:52,0.41,10,helloworld5050
837,15501006,Jan Disselhoff,2026-07-12 00:07:51,0.41,23,insanitycheck
838,15495944,Chenyu Wang,2026-05-06 16:21:09,0.41,8,ataraxyyeah
839,15494694,Makarr,2026-06-26 04:26:47,0.41,51,makarrogovik
840,16298652,yuru1yang,2026-06-30 03:09:23,0.40,10,yuru1yang
841,16024999,JiSung,2026-06-13 15:50:31,0.40,5,jisungreal
842,16639352,John Artzi,2026-08-01 22:26:58,0.40,1,johnartzi
843,16645880,HΣM ΔKΔRΔPU,2026-08-06 00:11:04,0.40,4,hemakarapu
844,16023573,PRAVIN_SJCE,2026-06-07 16:50:20,0.40,6,pravinkannan18
845,16431170,lxh unbound,2026-06-29 11:23:44,0.40,2,lxhunbound
846,16612413,Mike Lee,2026-08-11 02:01:24,0.40,14,mikejlee
847,15511978,Adam Rudd,2026-08-14 14:11:32,0.39,119,rudddy
848,15571729,omar zoloev,2026-06-03 21:06:27,0.39,44,tsebaka
849,15522769,Anyang Su,2026-06-29 09:16:19,0.39,6,anyangsu
850,16310005,Ehab Ibrahim Khalil Mohamed,2026-06-29 06:32:00,0.39,4,ehabkhalil0
851,15742001,Kaustav Banerjee,2026-06-23 09:28:22,0.39,19,gitkaustav1996
852,16377858,Prateik Sinha,2026-07-01 02:43:38,0.39,7,prateiksinha
853,16286664,Ayodeji Akinola,2026-08-12 12:31:21,0.39,17,ayodejiakinola
854,15518338,Eslam Elokpy,2026-05-05 19:12:00,0.39,7,eslamelokpy
855,15639195,Facundo Olcese,2026-07-13 18:39:51,0.38,23,facundoolcese
856,16626972,Lawrence,2026-08-06 04:36:36,0.38,4,ziweiresearch
857,15707799,Kun Zhang,2026-08-13 19:41:58,0.38,99,beicicc
858,15486999,Kamal Das,2026-05-09 18:23:24,0.38,6,kmldas
859,15490521,MUHAMMAD SAMEER TARIQ,2026-06-18 03:10:54,0.38,5,muhammadsameertariq
860,15880404,Ahmad Fakhar,2026-06-16 08:30:59,0.38,1,ahmadfakhar
861,15487029,vialactea,2026-05-30 12:04:51,0.38,39,vialactea
862,15563995,Artem Nazemtsev,2026-05-03 14:16:07,0.37,3,artemnazemtsev
863,15824014,KimMun,2026-07-10 15:02:09,0.37,22,munhyeong
864,16100940,Pranesh,2026-07-03 02:25:38,0.37,24,praneshsaha
865,15489635,aha_Yann Zhenxuan,2026-06-16 08:49:38,0.37,2,yannzhenxuan
866,16259498,AlexJoseph12312,2026-06-19 10:43:59,0.37,6,alexjoseph12312
867,15491441,Vitor Hugo Barbedo,2026-07-24 00:04:39,0.37,21,vitorhugobarbedo
868,15914947,Sid_AI_Engineer,2026-05-20 03:35:59,0.36,1,sidaiengineer
869,15504594,Hibachi Fried Rice,2026-05-09 05:56:54,0.36,18,samvalladares
870,15788942,JustRadr,2026-05-02 09:48:47,0.36,2,justradr
871,15579683,Elvis Bui,2026-05-05 19:23:28,0.36,16,elvisbui
872,16110416,Artem Gorokhov,2026-06-30 19:00:05,0.36,1,ga5534
873,15504828,Ryan Adams,2026-07-14 12:02:53,0.36,34,ryanadamsai
874,15705374,rahul singh nsec,2026-06-10 04:07:05,0.36,17,rahulsinghnsec
875,16441059,Rohit Kumar Sahoo,2026-06-29 18:32:32,0.36,1,rohit4118
876,16095073,Gaurav Kushwaha,2026-06-30 06:47:51,0.36,3,fridaycode
877,16311340,Tim Krige,2026-07-14 20:55:38,0.36,3,timkrige
878,16087024,primal,2026-06-24 21:59:11,0.36,3,primalhost
879,15502388,LACK.AI,2026-06-14 08:45:22,0.36,9,ravikumar1234
880,15496181,Rui Costa,2026-04-20 01:53:33,0.36,7,ruicos
881,16594029,Martin Balla,2026-08-04 20:20:05,0.36,5,martinballa
882,16556956,Stefan Reinmann,2026-07-21 08:43:53,0.36,2,stefanreinmann
883,15502834,LongHuL,2026-07-04 13:22:58,0.36,13,longhul
884,16429321,OctoByte,2026-06-28 17:49:14,0.35,4,octobyte
885,15526661,Gena,2026-04-02 08:06:54,0.35,3,gdonchyts
886,15620751,AnonymousTorchCat,2026-04-15 09:14:41,0.35,1,anonymoustorchcat
887,15496986,Marek Nurzynski,2026-05-07 13:44:05,0.35,12,marek3000
888,15495023,Heminator,2026-04-03 00:04:08,0.35,3,heminator
889,15494449,Ahmed Wez,2026-05-05 10:58:59,0.35,19,ahmedwez
890,16158545,yp011235,2026-07-28 21:54:11,0.35,18,yp011235
891,15489094,Pascal Ledesma,2026-08-02 20:21:50,0.35,33,pascalledesma
892,15486835,automatylicza,2026-05-25 09:04:17,0.35,16,automatylicza
893,15721993,naveen11@12,2026-05-14 08:27:34,0.35,15,naveen1112
894,16161345,VibeMesh Labs,2026-07-17 17:45:15,0.35,23,toverly
895,15493035,NamVIDIA,2026-04-21 06:10:39,0.35,18,"alexsandaer,del=37a64735fd4afda1,kevinnqt,vanngothanh"
896,15598296,Marek Wyborski,2026-04-21 11:12:51,0.34,3,marekwyborski
897,16306699,shunsuke240117,2026-06-17 07:39:34,0.34,3,shunsuke240117
898,15733920,S. Jason Prohaska,2026-07-30 07:51:37,0.34,46,sjasonprohaska
899,15499056,David Martin,2026-07-16 15:54:03,0.34,20,databasecsv555
900,15506165,Nine1Eight,2026-08-15 06:41:06,0.34,46,wethepeople918
901,15493761,george yazaji1234556,2026-04-08 03:59:44,0.34,7,georgeyazaji1234556
902,15518410,耶✌,2026-07-13 15:03:39,0.34,23,qifeihhh666
903,15697214,L1a0JH,2026-07-06 07:37:16,0.34,2,coolkid14122
904,15626455,Young,2026-05-06 02:53:55,0.34,15,christie
905,16105765,ali.bhji,2026-07-05 02:02:54,0.34,2,alicomtec
906,15605359,Dmitry Kozlov,2026-05-06 00:01:39,0.34,16,dkozlov
907,15489507,Arnaldo Pereira,2026-06-16 00:12:54,0.34,2,arnaldoapp
908,16042212,HARIDOSS24,2026-05-21 13:20:36,0.34,1,haridoss31
909,15692916,Matthew Blake Ward,2026-07-18 20:48:15,0.34,37,matthewblakeward
910,16426329,Santiago Mota,2026-06-24 08:51:55,0.33,1,santiagomota
911,15618765,zaka26019,2026-06-25 17:21:53,0.33,9,zaka26019
912,15490455,MuChat007,2026-05-09 00:06:29,0.33,20,muchat007
913,16362930,Hafiz Atif Ali,2026-06-28 01:32:11,0.33,2,dingolingo
914,15490245,tdeshpan,2026-05-22 03:14:21,0.33,21,tdeshpan
915,15740088,subbarao pothineni,2026-05-07 20:45:40,0.33,9,subbaraopothineni
916,16250440,Neeraj,2026-06-13 11:43:34,0.33,8,nee404
917,15529479,JarvisMaker,2026-04-08 07:07:08,0.33,4,piuati
918,15632995,Cnueua,2026-04-16 17:50:42,0.33,1,cnueua
919,15504124,UEFO-PRO,2026-04-02 15:22:47,0.33,3,adejumobidaniel
920,15785736,Konstantin Kuzmichev,2026-04-29 19:12:15,0.33,1,konstantinkuzmichev
921,15643108,shivansh patel4354,2026-07-03 22:39:38,0.33,13,"ishanbojja,shivanshpatel4354,vihaandashputre"
922,15632280,zzllusa,2026-05-11 01:02:15,0.33,18,zzllusa
923,16098518,Leifson1337,2026-07-08 16:07:43,0.33,18,leifson1337
924,15534003,yukanglimofficial,2026-06-30 14:29:31,0.33,11,yukanglimofficial
925,16583451,Off Zeno,2026-08-14 00:24:58,0.33,2,roneynascimento123
926,15748091,Karnakbayev Artur,2026-05-08 19:44:19,0.33,9,karnakbaevarthur
927,15966733,Brain is all you need,2026-06-21 17:34:07,0.32,20,yaroslavkholmirzayev
928,16292160,Nandakishor Convai,2026-06-26 05:01:39,0.32,15,nandakishorconvai
929,15754603,greyhound,2026-05-18 00:37:31,0.32,6,tapaskd123
930,16654262,Liesvy Valladares,2026-08-04 01:07:43,0.32,1,liesvyvalladares
931,16253774,Søren Ravn Andersen,2026-06-27 07:14:33,0.32,18,sorenravn
932,15552236,Adarsh,2026-06-29 10:34:45,0.32,5,adarsh2626
933,15542241,"NICOLAS B. QUIROZ, MD",2026-04-30 18:52:03,0.32,12,quirozmd2010
934,15488651,没落者,2026-06-02 01:07:50,0.32,40,needless090
935,15486911,Dhavan Shah,2026-08-05 22:52:56,0.32,4,dhavanshah99
936,15561509,RickyCOrozco,2026-04-21 02:01:49,0.32,6,rickycorozco
937,15570121,Priyanshu Sharma,2026-04-07 09:31:00,0.32,1,priyanshujiiii
938,15497526,shafiullah,2026-06-03 05:03:30,0.32,21,bigdataanalysis1
939,15902343,Peter_P77,2026-05-11 01:50:11,0.32,4,peterp77
940,15749242,ccccccy q,2026-05-07 12:40:33,0.32,3,ccccccyq
941,16594301,ArnavGr0ver,2026-08-14 23:33:56,0.32,7,arnavgr0ver
942,15830194,Mariglen Allushi,2026-05-06 06:36:12,0.32,4,gucci1337
943,16026169,Tkhanna96,2026-06-11 23:21:54,0.32,14,tkhanna96
944,16393169,Aditya Gupta,2026-06-23 11:20:31,0.32,1,shadowmonarc95
945,15495155,Marco Ledda,2026-04-15 10:26:44,0.32,5,marcoledda29
946,15771264,Manav Trivedi,2026-06-13 05:08:13,0.32,12,manavtrivedi
947,16430313,Leszcz,2026-07-19 23:16:55,0.32,6,franciszekpiechocki
948,15586866,AEONICAL LAB,2026-08-03 06:52:15,0.32,9,kudzaiking
949,15491937,Imaad Mahmood,2026-05-16 17:11:54,0.32,23,imaadmahmood
950,16299461,ksjksj,2026-07-02 13:39:45,0.32,4,ksjksj
951,15494935,Mattpelor,2026-04-17 08:49:03,0.31,22,mattpelor
952,16560494,victor,2026-08-07 03:01:34,0.31,11,vicmcorrea
953,15733342,warriorjod,2026-06-29 05:19:00,0.31,7,warriorjod
954,15624195,Zerabyte_X,2026-06-04 11:56:09,0.31,4,zerabytex
955,16532032,Takao Morita,2026-08-11 13:11:07,0.31,18,takaomori
956,16150014,Banwait_13,2026-08-15 10:07:50,0.31,11,banwait13
957,15486743,Yash Marathe,2026-06-28 17:08:44,0.31,2,maratheyash
958,15702803,Yiding Wang,2026-06-19 08:50:54,0.31,11,"jalenchang,yidingwangwill"
959,15596779,Vandit,2026-06-16 08:09:02,0.31,43,vandittyagi0909
960,16390772,Abid Ali Awan,2026-06-18 18:54:08,0.31,1,kingabzpro
961,15533115,P3069,2026-04-01 19:23:16,0.31,1,pietrocol
962,16269931,Trueis,2026-08-08 17:09:37,0.31,5,"trueis,vaibhavkovela"
963,16371167,TG_Aetheryx,2026-07-11 00:59:51,0.31,24,subzerin
964,15557566,Petitgen,2026-08-15 03:44:05,0.31,2,negtitep
965,15858349,Leave Blank,2026-05-14 04:52:42,0.31,6,ai4funnwp
966,15562202,Daris Dzakwan Hoesien,2026-04-06 02:41:49,0.31,1,darisdzakwanhoesien2
967,15858927,Mehul Mathodia,2026-06-05 11:41:22,0.31,16,mehulmathodia
968,15546253,Digitally Demented,2026-06-03 17:40:16,0.31,40,digitallydemented
969,15883736,kusui26,2026-05-27 01:27:36,0.31,8,kusui26
970,15540981,Quintilis Academy,2026-08-15 04:11:54,0.31,46,"paulgrenci,quintilisacademy,sarthakpatnaik1998"
971,16082260,Saptak Banerjee,2026-05-26 10:48:40,0.31,1,saptakbanerjee123
972,15488017,AMD,2026-05-06 14:56:50,0.31,10,amadesouki
973,16153444,Jeffan Chen,2026-06-16 03:34:00,0.31,11,jeffanc
974,15489579,Kiki,2026-06-04 11:30:12,0.31,4,rouiou
975,15496864,Alper Ugurcan,2026-05-31 12:52:03,0.31,16,alperugurca
976,16260267,blackseashark@gcvt,2026-06-22 20:23:08,0.31,9,"blackseasharkgcvt,morsmanipulus,shreyjauhari,sidheshmishra,trushti"
977,15819155,yi-yang,2026-06-05 06:08:40,0.31,14,yihsiuyang
978,15511390,NinjaNick,2026-04-03 00:31:54,0.31,6,ninjanick
979,16261636,dan 0438,2026-06-26 02:02:19,0.31,10,dan0438
980,15538930,Ashmawy,2026-06-08 18:52:33,0.31,10,ashmawy
981,16678752,GB1105,2026-08-07 09:23:26,0.30,2,gb1105
982,15561790,sillyveh,2026-04-20 12:17:26,0.30,7,sillyveh
983,15503127,TARUN8808,2026-05-07 18:32:47,0.30,15,tarun8808
984,16261586,ahmet akyurt,2026-06-30 08:01:47,0.30,16,ahmetakyurt
985,16380819,jdysjg,2026-07-11 01:00:00,0.30,19,tgmath
986,16665305,Jun_value,2026-08-14 00:42:54,0.30,5,junvalue
987,15506605,Troyxxf,2026-04-29 05:07:09,0.30,25,troyxxf
988,16254990,Peter Kim,2026-06-07 15:51:05,0.30,1,petekiam27
989,15504827,Yeshua,2026-06-07 14:42:30,0.30,33,mosesjoshuacoker
990,15557388,Ttkuma,2026-06-27 03:15:33,0.30,4,ttkuma
991,16205244,HaochenShi,2026-07-04 02:44:17,0.30,3,haochenshi
992,15770611,Ayaka Kirima,2026-06-24 13:57:25,0.30,1,ayakakirima
993,15508564,Marius Heuser,2026-06-30 20:36:28,0.30,44,mariusheuser
994,15541601,Shhn,2026-04-04 00:19:56,0.30,3,shahinkh
995,15861414,Mario Santorelli,2026-05-10 00:20:07,0.30,5,mariosantorelli
996,15502772,Ameya Tanikella,2026-04-18 15:02:10,0.30,1,axizcc
997,16665571,Leszek Góra,2026-08-15 00:00:43,0.30,8,leonixis
998,16095139,Apex,2026-06-15 22:46:01,0.30,10,brendank1ng
999,16059142,TheLightIs,2026-06-06 22:06:31,0.30,3,thelightis
1000,15601708,Liew Keong Han,2026-07-01 00:17:32,0.30,7,farmountain
1001,16534180,ShadowJutszu,2026-07-31 07:11:15,0.30,12,gshadow
1002,15495259,geolearnerr,2026-06-11 03:49:27,0.30,1,geokocha
1003,15865894,fengren,2026-05-06 02:20:22,0.30,2,fengrenyang
1004,15569757,Jules,2026-07-15 11:25:02,0.30,8,julesvanligtenberg
1005,15628830,Pz,2026-05-14 13:47:03,0.30,9,phillipvz
1006,15491130,christopher athans crow,2026-07-20 03:29:42,0.30,13,cchrisaa
1007,15509337,Daniel Cooper,2026-04-05 14:06:03,0.30,9,habrt03
1008,16530739,陈星余csu,2026-07-14 05:12:32,0.29,3,csucxy
1009,15549790,Md Feroz Ahmed,2026-04-03 17:56:59,0.29,1,mdferozahmedafm
1010,15552744,Gwho,2026-04-24 14:18:08,0.29,14,gwhoxd
1011,16155197,XiaoYan12,2026-06-28 06:25:03,0.29,9,xiaoyan12
1012,16438896,pilipala,2026-06-27 06:32:13,0.29,2,nianshi
1013,16490468,Yogi Godara,2026-07-13 13:53:42,0.29,4,yogigodara
1014,15607045,ChenZiang,2026-05-13 02:20:12,0.29,3,leoziangchen
1015,15488321,khalwaniev,2026-05-07 08:05:20,0.29,5,khalwaniev
1016,16191729,Pruden,2026-06-11 05:53:36,0.29,2,mohammedm0iz
1017,16432466,ne Artem Savchenko,2026-06-29 08:05:25,0.29,3,neartemsavchenko
1018,15526600,iheb2023 ,2026-04-02 12:56:12,0.29,2,iheb2023
1019,16012003,AdamBelniak,2026-05-19 09:29:17,0.29,1,adamos581
1020,15486978,Lennart Haupts,2026-04-08 14:52:11,0.29,1,lennarthaupts
1021,15500416,Aditya Krishnan Mohan,2026-05-01 07:16:27,0.29,4,adityakrishnanmohan
1022,15582918,colt,2026-06-30 00:39:05,0.29,6,xiaomaguo
1023,16475988,Vishnu R Mohan,2026-07-20 03:50:39,0.29,12,vishnurmohan
1024,15548641,hiromi maeo,2026-05-08 09:31:57,0.29,34,hiromimaeo
1025,15588843,Nilesh kumar yadav,2026-04-11 18:12:53,0.29,1,nileshyadavme
1026,15932748,Paulo Pinto,2026-05-14 13:09:43,0.29,1,paulorzp
1027,16017546,Shiva,2026-06-09 19:42:54,0.29,3,shivasai77
1028,15545902,bailh1,2026-04-03 10:05:26,0.29,1,bailh1
1029,15521649,Thangtm,2026-04-06 02:48:08,0.29,1,theaiboy
1030,16262158,Shlok Sah,2026-07-04 00:20:01,0.29,9,shloksah
1031,15622692,Ralf,2026-06-08 07:33:50,0.29,22,ralfffhs
1032,15487143,Ishraq Tanvir,2026-04-08 15:05:56,0.29,1,ishraqtanvir
1033,16305354,dan0437,2026-06-30 05:44:41,0.29,8,nishitdashputre
1034,15622290,minghao mei,2026-04-16 05:36:00,0.29,2,minghaomei
1035,15558459,Chek,2026-06-16 02:48:06,0.29,23,"lnmson,mncuchiinhuttt"
1036,15815046,Panagiotis Katsakioris,2026-06-14 09:10:52,0.29,2,panagiotiskat
1037,16089303,13-Strings,2026-06-21 06:02:13,0.28,24,thirteenstrings
1038,15487135,Satkar sarvankar,2026-05-16 11:47:43,0.28,4,satkar003
1039,16014477,Mandel,2026-06-05 12:46:46,0.28,5,mandelxu
1040,15504932,Soymilk,2026-04-21 16:54:39,0.28,2,gap123
1041,15789748,oQoXOdK6,2026-04-30 03:34:38,0.28,1,oqoxodk6
1042,15584520,Nadine Squires,2026-04-15 11:11:56,0.28,7,nadinesquires
1043,15993194,Jonas von Kobylinski2,2026-06-23 01:03:19,0.28,4,jonasvonkobylinski2
1044,16278339,Kyriakos Tsourekas,2026-06-20 10:47:34,0.28,6,kyriakostsourekas
1045,15780213,Justin Arndt,2026-07-01 01:01:10,0.28,8,justinarndt
1046,15486959,The Loose Goose,2026-07-27 23:46:05,0.28,41,konradbhopenottaken
1047,15501420,SIVA S,2026-08-15 04:00:35,0.28,138,codingmaster24
1048,15497723,[Deleted] 5dfc4429-6f3c-47d1-ba2d-0ac9055a8eaa,2026-04-22 05:12:50,0.28,18,josefedwards
1049,15575054,yuri-ao,2026-05-20 04:02:44,0.28,8,yuriao
1050,16371227,Anand Kumar,2026-07-06 04:48:05,0.28,5,anandkg22
1051,16001833,Yield Smarter,2026-06-10 14:24:49,0.28,5,yieldsmarter
1052,16028584,Ryoki Kunii,2026-07-25 23:40:18,0.28,24,programmerryoki
1053,16266590,liuweiqing147,2026-06-26 01:40:56,0.28,11,liuweiq
1054,16248093,EddieSong08,2026-06-21 06:39:27,0.28,6,eddiesong08
1055,15703826,shwesh,2026-04-28 04:08:30,0.28,3,shwesh
1056,15507995,Manish Swami,2026-04-06 15:43:45,0.28,4,manish756
1057,15736475,Yukeiso,2026-05-02 00:18:24,0.28,4,katayuji
1058,15487588,Benjamin Storck,2026-04-21 07:31:12,0.28,12,benjaminstorck
1059,16298976,AnSuSu,2026-06-25 20:25:36,0.28,3,asusu
1060,15623247,Kujaomega,2026-04-15 16:25:26,0.28,1,kujaomega
1061,15821468,royvivasi,2026-05-07 20:27:51,0.28,5,royvivasi
1062,16426243,tsdocode,2026-06-29 05:37:56,0.28,6,tsdocode
1063,15917281,Ansel,2026-05-17 02:58:38,0.28,6,sitaochou
1064,15525116,Jack,2026-04-10 21:24:23,0.28,5,jackvd
1065,16600353,Tom Yim,2026-08-10 04:12:10,0.28,2,tomyim
1066,15931624,Jaksen,2026-05-29 19:51:39,0.28,12,jaksencharles
1067,15493869,Anh Khoa Đoàn Nguyễn,2026-06-30 05:19:32,0.27,40,anhkhoaonnguyn
1068,16573365,Vadim Soin,2026-08-09 04:19:25,0.27,5,vvsoin
1069,15785849,ARC 3,2026-05-13 03:50:53,0.27,7,pinkrahnanaofosuhene
1070,15553625,schanitater,2026-04-09 08:14:00,0.27,2,schanitater
1071,16470206,mark22,2026-08-01 14:42:41,0.27,6,markus22
1072,16053147,Zie Chan,2026-06-25 07:32:05,0.27,1,ziechan
1073,16097064,PYK0409,2026-07-06 09:49:56,0.27,10,pyk0409
1074,15496613,Shivam Singh,2026-04-07 17:04:52,0.27,3,shivamsingh17072001
1075,15573480,Carlos Henrique C. Matos,2026-04-08 12:43:56,0.27,2,carlosmatos97
1076,16030817,medkhalil hawachi,2026-07-01 13:19:55,0.27,6,medkhalilhawachi
1077,16057217,Zhou Canyu,2026-07-01 04:03:57,0.27,26,zhoucanyu
1078,15785832,Benjamin Woodson,2026-04-29 19:38:25,0.27,1,benjaminwoodson
1079,15488011,dataWr3cker,2026-04-07 12:40:29,0.27,11,gourabr0y555
1080,16317238,Nandakishor,2026-06-27 10:16:36,0.27,1,nandukuttan
1081,15559270,ommo007,2026-04-13 07:06:51,0.27,6,ommo0047
1082,16275076,Gloria_Leille,2026-06-12 04:37:24,0.27,4,mathemagicianbb
1083,15549819,kawaii,2026-04-15 07:55:46,0.27,4,vrshyamsunder
1084,16320397,Demirhan1,2026-08-10 01:06:24,0.27,10,demirhan1
1085,16209449,Ajay_Rao_43,2026-06-28 07:59:21,0.27,2,ajayrao43
1086,15657107,Inexperienced Me,2026-07-31 08:58:04,0.27,10,inexperiencedme
1087,15495088,Albert Wang,2026-06-26 22:24:47,0.27,3,mianwang1024
1088,15522913,[Deleted] 7ce58550-6ceb-4cf7-a465-8262efdf1126,2026-04-08 06:55:01,0.27,2,del=98bb24a0882b539e
1089,15629139,vishnuvardhan33,2026-04-16 09:47:01,0.27,1,vishnuvardhan33
1090,15904528,Jihang Li,2026-05-15 00:00:58,0.27,7,jihangli1121
1091,15493240,Abdul wahab Khan,2026-04-06 07:55:22,0.27,3,abdulwahab2321
1092,15554292,Yang Lv,2026-04-06 03:52:34,0.27,2,lvyang199888
1093,15493727,Taurowl,2026-06-16 07:48:19,0.27,2,lnminh
1094,15607879,Gijs Schenk,2026-07-07 00:03:25,0.27,18,gijsschenk
1095,15616560,Raja T,2026-06-15 14:39:13,0.27,3,rajathiagaraj
1096,15582875,stunningvn,2026-04-23 03:06:15,0.27,13,dedquoc
1097,15909953,Quang Anh Đặng,2026-06-24 07:14:14,0.27,1,quanganh27th
1098,15487443,Ravi Annaswamy,2026-04-27 00:48:07,0.27,9,raviannaswamy
1099,15676875,TmDofi,2026-06-27 18:38:01,0.27,2,tmdofi
1100,15533773,Bo Peng,2026-04-09 13:01:48,0.27,4,bopengiowa
1101,15645555,Luke Stafford,2026-05-02 15:11:19,0.27,13,luketstafford
1102,15785836,Joycelyn Adjekum,2026-04-30 00:06:58,0.27,2,adjekumjoycelyn
1103,15490684,Mansour A. S. Ataa,2026-08-01 21:25:07,0.27,10,profmansoor
1104,16018267,NotWhatYouThink,2026-06-05 07:55:13,0.27,12,notwhatyouthink
1105,15633641,Froggy McFrogson,2026-07-03 03:27:36,0.27,14,aidetective
1106,16315646,Shrike,2026-06-30 14:41:11,0.27,3,h0zier
1107,15499385,Scenery SunFireInk,2026-05-23 12:37:52,0.27,10,scenerysunfireink
1108,15734440,Teitlax,2026-05-06 15:05:11,0.27,10,teitlax
1109,16403751,Md. Faisal Sheikh,2026-07-02 19:50:01,0.27,1,mdfaisalsheikh
1110,15584321,Nikolay Bogatikov,2026-05-07 04:34:25,0.27,16,nikbgv
1111,15650626,sidney niu,2026-06-25 13:34:55,0.27,12,sidneyniu
1112,15504646,claudius codexius 🐾,2026-06-27 05:21:55,0.27,30,lucyellu
1113,15604365,derealt,2026-04-12 21:40:17,0.26,1,derealt
1114,15592269,sun xiaotang,2026-05-05 07:43:13,0.26,5,sunxiaotang
1115,15495734,dia,2026-04-15 05:14:30,0.26,4,adkasd
1116,16302886,Samuel Bartlett,2026-06-17 08:31:59,0.26,1,samuelbartlett1
1117,16019513,rivzzzzz,2026-05-26 08:10:23,0.26,7,rivuletnriver
1118,15538144,Dhruv Bansal,2026-04-06 22:02:46,0.26,1,dhruvb2028
1119,15846957,JISHNU CHAUHAN,2026-05-05 18:35:13,0.26,2,jishnuchauhan1
1120,15499301,SANNNNN,2026-04-11 18:48:06,0.26,5,zuhairsan
1121,15487910,Ova,2026-03-29 13:33:43,0.26,1,overvalueawareness
1122,15584272,rndmprsn7,2026-05-08 12:31:20,0.26,6,rndmprsn7
1123,15487988,Jason Yoon,2026-04-05 02:22:01,0.26,8,jasongyoon
1124,15585956,Jason-Oh,2026-08-11 00:57:46,0.26,4,dossantoss
1125,15493499,Thomas Ferraz,2026-07-01 19:10:33,0.26,4,thomasferraz
1126,15527662,JinchengZhang1,2026-04-16 06:06:54,0.26,2,jinchengzhang1
1127,15499396,everythingisnew,2026-04-05 07:54:09,0.26,2,everythingisnew
1128,16541906,Kethan Sai,2026-08-11 09:21:54,0.26,4,kethansaikoneru
1129,15758349,Yuke_jpn,2026-06-02 04:26:38,0.26,2,yukejpn
1130,15975675,bbarclay6,2026-07-07 13:04:44,0.26,7,bbarclay6
1131,16609684,Mary Dun,2026-08-11 22:43:56,0.26,8,mukdal
1132,15526849,SkittlesGod,2026-05-07 01:38:17,0.26,5,svanikkolli
1133,15991890,sakshigoswami335,2026-06-11 06:02:37,0.26,7,sakshigoswami335
1134,16369299,Furina,2026-06-29 05:48:12,0.26,1,dfgtde
1135,15522512,Nic Barthelemy,2026-08-14 13:37:27,0.26,5,nicbarthelemy1
1136,15834133,Amrita_Singh1011,2026-05-09 03:20:12,0.26,7,amritasingh1011
1137,16599278,Chandram Dutta,2026-07-26 10:47:14,0.26,2,chandramdutta
1138,15989051,Ömer,2026-06-07 12:44:06,0.26,5,otaskaya
1139,16238028,_imerdell,2026-06-08 12:29:44,0.26,2,imderdell
1140,15560998,Reza Azami,2026-04-05 19:35:43,0.26,1,rezaazami
1141,15724003,Khai Phan Van,2026-06-09 05:09:31,0.26,9,khaiphanvan
1142,16253766,@s3werst,2026-06-06 19:11:47,0.26,1,mellamoa
1143,16144889,Aleksandr Nikolich,2026-06-13 00:19:11,0.26,12,alexwortega
1144,15603524,Shamim Kabir Kazim,2026-04-23 12:10:37,0.26,5,shamimkabirkazim
1145,15567100,Yash Rathod,2026-08-12 16:37:48,0.26,5,yash02102
1146,15573272,Engram,2026-05-02 00:01:12,0.26,18,engram
1147,16444395,Saumya Jagishbhai Shah,2026-06-28 17:56:27,0.26,2,saumyajagishbhaishah
1148,16428372,Syed Salman,2026-06-30 19:15:55,0.26,4,salmanhabeeb
1149,15991895,Terry,2026-06-30 08:21:10,0.26,13,terrywongvip
1150,15634401,IAI,2026-04-30 16:14:29,0.26,3,fuyu1304
1151,16593937,Adaption State,2026-07-06 13:59:55,0.25,12,"aurorcys,micmlmodels"
1152,16417738,cwdcca,2026-06-24 00:46:42,0.25,2,cwdcca
1153,16530489,Yaroslav Hryhorenko,2026-08-07 10:37:13,0.25,10,yaroslavhryhorenko13
1154,15489992,songling,2026-06-02 04:36:38,0.25,4,"lvbingrong,miguelhu,oralia"
1155,16151241,Ivan Tretyakov,2026-06-02 01:46:33,0.25,1,hopeofchange
1156,15488208,BROSKI,2026-04-01 13:17:34,0.25,2,nacefmbarek
0,15485224,Stochastic Goose,2026-03-25 00:34:10,0.25,1,
1157,16301639,killf,2026-06-12 05:32:44,0.25,1,killf2019
1158,16300712,Krishna Harish,2026-06-16 09:15:14,0.25,1,krishnaharish
1159,15503925,Leandro,2026-04-30 12:21:24,0.25,22,leandro357
1160,16432610,Qubic Nxon Vivancos & Sanchez,2026-08-15 05:39:59,0.25,48,davidvivancos
1161,15988957,wd13ca,2026-06-22 01:44:26,0.25,12,wd13ca
1162,16200283,Gowri G,2026-06-25 05:46:52,0.25,2,sarg99
1163,15501430,kcy4,2026-04-22 07:57:17,0.25,5,cy4ego
1164,15660900,Hammad Farooq,2026-06-04 02:00:35,0.25,5,hammadfarooq470
1165,16304225,Bian Sun,2026-06-11 18:03:19,0.25,1,biansun
1166,15646919,MASAAKI HAYASHI,2026-04-30 10:17:33,0.25,4,masaakihayashi
1167,16580779,Darkhan Nurakhmetov,2026-07-30 04:13:24,0.25,9,hoogleraar
1168,15879901,Ruby Nguyen,2026-05-07 23:00:24,0.25,2,nguyenthianhngoc
1169,16617725,Y10x17,2026-07-31 14:48:01,0.25,2,y10x17
1170,15493721,Zejun_,2026-04-13 10:28:44,0.25,7,zejunfool
1171,15615868,Parsa,2026-06-15 09:26:00,0.25,6,parsahriri
1172,15940415,ganapathi ekambaram,2026-07-13 02:01:28,0.25,11,vivekgana
1173,15576315,IGpig1226,2026-06-16 12:28:20,0.25,5,"igpig1226,quanruili"
1174,15516474,Esabelle Chen,2026-04-05 07:12:47,0.25,5,esabellechen
1175,15493522,Suneet Saini,2026-05-24 20:49:40,0.25,5,suneetsaini
1176,15750948,Suprivi,2026-04-27 15:13:05,0.25,1,suprivi
1177,15516659,john,2026-06-01 10:49:43,0.25,13,jaejohn
1178,15557086,Guus Bouwens,2026-04-05 04:17:51,0.25,1,guusbouwens
1179,16237585,humble_some1,2026-06-06 18:25:48,0.25,2,some123e23
1180,15586166,hiroto funasaki,2026-05-19 22:45:53,0.25,40,hirotofunasaki
1181,15631567,Hiryu,2026-06-17 04:12:21,0.25,2,kusurizuke
1182,16340437,Pilferer,2026-07-04 09:41:16,0.25,4,pilferer
1183,15584000,Muhammad Firdaus,2026-04-24 01:35:30,0.25,4,ldausl
1184,15495756,Corentin Lespagnol,2026-04-20 14:07:38,0.25,3,lespagnolcorentin
1185,16410979,Zoooom,2026-07-15 08:08:45,0.25,12,zoooom
1186,15556399,Eric Stone,2026-04-26 21:59:37,0.25,11,ericstone92
1187,16703813,Ayça Güler,2026-08-14 19:50:36,0.25,5,ayagler
1188,16281126,Ghazaros Barseghyan,2026-08-11 18:06:38,0.25,15,ghazarosbarseghyan91
1189,16213488,Laljith Legend,2026-06-08 03:13:23,0.25,3,laljithlegend
1190,15493283,Falling Entropy,2026-05-16 06:32:03,0.25,1,jasongsloan
1191,16012288,lee,2026-07-08 06:16:00,0.25,14,kannanlee
1192,15803277,Md Mahfuz Sumon,2026-05-01 14:09:12,0.24,2,mdmahfuzsumon
1193,15670669,Rohanrk1813,2026-04-25 09:29:14,0.24,1,rohanrk1813
1194,16444046,ChaiHuacan,2026-07-01 10:51:25,0.24,4,chaihuacan
1195,15486758,Chen,2026-06-17 23:59:54,0.24,11,chenku
1196,15499412,JRSSKumarD,2026-06-05 14:34:32,0.24,4,jrsskumard
1197,16194970,Hanif Noer Rofiq,2026-06-03 11:07:21,0.24,1,hanifnoerrofiq
1198,15875904,CODE AZE,2026-05-31 08:19:25,0.24,5,codeaze
1199,16384033,UnknownNull,2026-06-24 05:20:24,0.24,7,unknownnull
1200,15516538,GarlicToday,2026-04-02 06:25:17,0.24,4,garlictoday
1201,15610405,Victor Merckle,2026-04-22 06:59:22,0.24,6,vmerckle
1202,15585110,niub_hihi,2026-04-09 16:18:45,0.24,1,niubhaihai
1203,16039638,Nithin Nivhar,2026-05-23 07:16:32,0.24,2,nithinnivhar
1204,15487794,janeodum,2026-04-03 17:16:05,0.24,6,janeodum
1205,16406609,Prabhjot Singh,2026-06-29 14:14:42,0.24,3,issajatt
1206,15743130,senileFelines,2026-04-26 11:16:49,0.24,1,digantabhattacharya
1207,16157287,mywind,2026-06-02 11:12:40,0.24,1,mywind
1208,15569794,AMATEUR,2026-04-10 08:02:30,0.24,2,lxx0114
1209,15517687,bouganvillea,2026-04-05 10:09:54,0.24,1,bouganvillea
1210,15745821,II,2026-05-22 05:10:18,0.24,20,kravets
1211,15496330,Amin Haidar,2026-06-04 16:48:49,0.24,14,aminhaidar
1212,15621355,Hong Dae Kim,2026-07-18 07:55:28,0.24,13,hongdaekim
1213,15529411,mt,2026-07-30 12:37:43,0.24,1,mtanakaslgfreak
1214,15800355,betterme12345,2026-05-19 14:19:25,0.24,2,betterme12345
1215,16610821,Shashwat Bajpai,2026-08-15 00:08:27,0.24,14,shashwat1729
1216,15668277,Saad Sharif Ahmed,2026-04-23 00:44:53,0.24,3,zeon01
1217,15612479,capyun007,2026-04-14 03:06:00,0.24,1,capyun007
1218,15693630,lon guo,2026-05-06 01:50:10,0.24,2,longuo
1219,16418442,SK,2026-07-04 03:06:14,0.24,6,sheronkoshy
1220,16594426,Aaryan Pawar,2026-08-15 05:16:09,0.24,9,aaryanpawar16
1221,16532564,Chris Eldho Varghese,2026-07-11 19:54:43,0.24,1,chriseldhovarghese
1222,15655305,Fernandosr85,2026-05-21 03:38:18,0.24,8,fernandosr85
1223,16701377,Rafał Wiktorowicz,2026-08-14 21:01:53,0.24,5,"budzajantoni,rafawiktorowicz"
1224,15631835,JerrySun,2026-04-23 07:37:09,0.24,1,jerrysy
1225,16004449,Justin Tang,2026-05-17 16:50:37,0.24,1,justin2009
1226,16277739,Harshit Shakya,2026-06-17 10:33:06,0.24,8,harsh707
1227,15493639,Ivan Zdravkov,2026-04-25 05:15:42,0.24,7,ivanzdravkov
1228,16561363,Seanwang,2026-07-27 21:21:27,0.24,4,seanwang0215
1229,15501113,DAYDREAMER,2026-06-23 04:40:44,0.24,6,annsnow
1230,15566563,Asan Ashirov,2026-06-03 05:12:40,0.24,2,asanashirov
1231,15812290,がっちむち♂,2026-08-03 07:58:07,0.24,3,tecchannn
1232,16049416,rahul ji indian,2026-07-18 05:55:44,0.24,3,rahuljiindian
1233,15773862,Mayank Bhaskar,2026-05-22 16:04:03,0.24,15,cataluna84
1234,15565341,Brad7161,2026-04-17 04:19:38,0.24,3,brad7161
1235,15651728,Stella Nova,2026-04-19 14:54:05,0.24,1,ponlawatk
1236,16306541,1J SHEN,2026-06-20 07:03:04,0.24,8,yijieshen123
1237,15859241,Randomhandsomeguy,2026-05-08 22:25:57,0.23,1,rayyen216
1238,15517983,Zack Hlongwane,2026-08-09 00:01:37,0.23,4,zackhlongwane
1239,15656668,Putra Pribowo,2026-06-03 02:42:07,0.23,28,putrapribowo
1240,15569310,titanascended,2026-06-24 15:04:50,0.23,4,itsyuvrajsharma
1241,16402409,SingularityML,2026-08-07 00:07:59,0.23,14,dnaftalovich
1242,15487431,epigene,2026-04-20 17:00:25,0.23,4,nadhu59648
1243,16346007,How bad can it go?,2026-08-13 00:42:20,0.23,12,calamitychasm
1244,15511692,Riku,2026-04-02 00:07:08,0.23,4,riku443
1245,16539872,RiBenWanDuZi,2026-08-02 11:39:02,0.23,2,ribenwanduzi
1246,15489085,Rithvik Redrouthu,2026-06-18 00:12:48,0.23,6,rithvikredrouthu
1247,15860627,Yassir Acharki,2026-06-11 14:42:54,0.23,4,yacharki
1248,15519725,RJThompson,2026-06-06 00:18:25,0.23,8,rjthompson
1249,15490758,Jean-Louis Roy,2026-04-13 00:30:16,0.23,8,jeanjean111
1250,15909598,Matianyuu,2026-05-09 11:38:11,0.23,1,matianyuu
1251,15513766,Arnav Ashank,2026-04-11 22:43:56,0.23,1,ashank19
1252,16497884,KevinST,2026-07-13 00:06:13,0.23,2,keisukesaito
1253,16339698,Alexey Samosadov,2026-06-24 14:48:06,0.23,5,alexeysamosadov
1254,15550219,Kanishk Paul,2026-07-14 10:41:01,0.23,5,kanishkpaul
1255,15500702,Yuxuan-Wang,2026-04-14 12:26:23,0.23,4,linkinin
1256,16559294,Curious_Crumb,2026-08-15 12:33:50,0.23,13,nouryassir101
1257,15498454,Auravana,2026-04-25 03:09:29,0.23,22,fountainheadle
1258,16715087,Karl Ambrosius 2020,2026-08-15 00:17:45,0.23,2,karlambrosius2020
1259,15551895,Fabian Henning,2026-06-15 09:17:32,0.23,1,crustacean
1260,15510267,zacsho,2026-03-31 05:43:59,0.23,2,zacsho
1261,15738224,kokinnwakashuu,2026-06-22 10:33:55,0.23,5,kokinnwakashuu
1262,16706947,Antonio,2026-08-14 15:44:36,0.23,3,heyang993
1263,15580888,yiheagicom,2026-07-08 07:43:30,0.23,46,yiheagicom
1264,15756664,Chase Bonfiglio,2026-06-20 21:48:15,0.23,27,chasebonfiglio
1265,16230355,secret_society,2026-06-29 20:17:17,0.23,6,"abusafwanmdfarhan,iftekharmohammed,kmmehrabhossain,zihadulislamtasin"
1266,15924651,Minh Ky,2026-06-05 07:49:16,0.23,5,phamminhky
1267,15865282,[Deleted] 382a8fa2-3d67-4ed9-9dc8-6f828d5e8ded,2026-07-02 05:14:27,0.23,19,del=d11a993744c492c4
1268,16003022,Vengeful,2026-07-23 19:42:05,0.23,49,vengeful
1269,15532771,Yousef Turk,2026-07-09 13:34:07,0.23,2,yousefturk
1270,15972322,wking edewd,2026-05-15 11:33:22,0.23,2,wkingedewd
1271,16392203,Samuel Lippert,2026-06-30 23:59:16,0.23,3,samuellippert
1272,16712466,A.P.R.I.L,2026-08-15 03:15:16,0.23,4,puneeth333
1273,15502192,Santhana,2026-08-09 01:48:06,0.23,6,santhanalekshmic
1274,15583795,imranyaishaik,2026-04-10 05:05:29,0.23,2,imranyaishaik
1275,15602587,Martin Mbalkam,2026-05-31 13:53:07,0.23,3,martinmbalkam
1276,15631257,K.THARUN KUMAR,2026-08-10 17:32:40,0.23,7,tharunkumar369
1277,15489961,Chirapathleo Saelim,2026-05-17 10:20:57,0.23,8,chirapathleosaelim
1278,15537216,[Novosibirsk] Nikita Kuznetsov,2026-04-26 12:30:06,0.23,3,nikitakuznetsof
1279,16329511,xinhao642,2026-06-22 18:29:02,0.23,5,xinhao642
1280,16674916,مشعل العتيبي,2026-08-10 19:56:18,0.23,4,vexsz71
1281,15775532,insuperabilehart,2026-05-08 19:48:58,0.23,2,insuperabile
1282,15756739,Ajay Caxzen,2026-04-27 22:19:13,0.23,1,caxzen
1283,15516579,jiashuo Ma,2026-07-28 06:47:08,0.23,4,ooo876
1284,16415999,Harsh Yadav,2026-07-18 10:02:52,0.23,5,swiftcoderharsh
1285,16614304,Brent,2026-08-04 03:29:41,0.23,7,brentwoodard
1286,16535729,Soft,2026-08-13 14:54:10,0.23,6,fabienwaitzenegger
1287,15625936,nendo0325,2026-04-16 02:13:45,0.23,1,nendo0325
1288,16654483,Anirudh Negi,2026-08-14 14:33:29,0.23,6,anirudhnegi24
1289,15947042,skyhuang233,2026-05-16 10:19:03,0.23,4,skyhuang233
1290,15868357,Youssef Yacoup,2026-05-19 15:00:40,0.23,3,youssefyacoup
1291,16097946,harmo-miu,2026-05-29 03:18:16,0.23,2,harmomiu
1292,15512325,Vivswan,2026-05-18 00:06:00,0.23,23,vivs2904
1293,15514585,Cade Hall,2026-04-07 11:29:16,0.23,5,cadehall
1294,16603382,Carlos Ponce,2026-08-11 17:41:25,0.22,3,carlosoponce
1295,15486656,Isaiah Nwukor,2026-07-10 02:14:25,0.22,66,thezetaproject
1296,15520730,Saeyohn,2026-07-10 00:07:53,0.22,10,mahendransaeyohnn
1297,16298352,Martin Kolar #2,2026-07-02 21:14:43,0.22,9,pi2caefeithoh0ciephe
1298,15493216,Don,2026-06-29 09:32:43,0.22,12,edonisraci
1299,16146361,Vladislav Miheev,2026-06-09 21:50:48,0.22,5,vladislavmiheev
1300,16234547,Mikhail Bovt,2026-07-01 10:07:00,0.22,12,mikhailsovab
1301,16312641,Michal Z Gow,2026-06-30 07:21:34,0.22,7,michalzgow
1302,15939706,sladwet,2026-05-16 12:24:29,0.22,5,sladwet
1303,16199408,Bhargav .T,2026-07-01 02:42:30,0.22,13,kotabhargavt
1304,16606725,Daniel #3,2026-08-13 20:34:15,0.22,3,danieltsegaw
1305,15985475,z84415624,2026-06-30 16:00:30,0.22,5,z84415624
1306,16468545,Yo,2026-07-04 00:07:02,0.22,4,goyeahia
1307,15491887,Uday Bhatia,2026-05-12 15:36:01,0.22,2,udaybhatia
1308,16304922,MattOwen42,2026-06-30 17:42:36,0.22,4,mattowen42
1309,15487233,Андрей Ганин,2026-06-29 14:37:10,0.22,4,qwertyyyy769492
1310,15492312,yash bhaskar,2026-04-08 05:15:12,0.22,1,yash9439
1311,15487998,TriviaTroy,2026-05-16 22:48:51,0.22,7,troyjfields
1312,16540105,Fourteeny,2026-08-14 12:43:16,0.22,6,fourteeny
1313,15486898,THUNDER THUNDER,2026-04-05 06:05:34,0.22,1,thunderthunder
1314,15495425,Ra'uf Fauzan Rambe,2026-05-28 03:03:55,0.22,5,rauffauzanrambe
1315,16605331,Pedro Lirón de Robles,2026-07-29 11:25:51,0.22,2,pedrolirnderobles
1316,15625377,dongdong zhang,2026-04-21 14:53:09,0.22,1,mcdongdongzhang
1317,15493311,Shun_PI,2026-04-16 05:58:54,0.22,3,shunrcn
1318,15523710,Ayan Bashir Sheikh,2026-04-20 13:02:17,0.22,7,ayanbashirsheikh
1319,16473675,Samuel David Egwu,2026-07-29 16:28:48,0.22,2,samuelegwu
1320,16283369,wentixiaogege,2026-06-12 01:56:54,0.22,3,wentixiaogege
1321,15569188,xianxu qiu,2026-06-16 08:53:32,0.22,2,xianxuqiu
1322,15517357,simmons1025,2026-06-28 00:02:06,0.22,3,simmons1025
1323,16452844,Vignesh A,2026-06-30 16:44:06,0.22,2,vignesha1
1324,16319847,Anubhav,2026-06-28 04:54:03,0.22,2,anubhav27
1325,16450166,Jayden Jeswin Raj,2026-06-29 08:47:41,0.22,1,richardmaddox
1326,16048012,JasonZeng,2026-06-29 09:45:17,0.22,1,jasonzeng
1327,16374717,YangAoTian,2026-07-07 07:34:43,0.22,4,yangaotian
1328,15584738,Freedomfighter1290,2026-04-09 17:27:39,0.22,1,freedomfighter1290
1329,16143282,Talyxion,2026-06-02 02:58:06,0.22,1,"hoangle2003,nhatloidinh,thnhnguyn2001"
1330,15524866,Ragesh Thangaraj,2026-07-27 14:14:31,0.22,5,rageshthangaraj
1331,15922813,BeanApologist,2026-05-29 04:12:03,0.22,5,sarahmarin
1332,15590428,AQiDA19,2026-07-27 00:05:03,0.22,2,aqida19
1333,15555738,Taylan Soydan,2026-04-06 09:43:56,0.22,3,taylansoydan
1334,15574747,Master Teo,2026-04-08 04:38:39,0.22,1,sirteo
1335,16348203,Asiru Akeem Adekunle,2026-06-27 00:44:56,0.22,8,asiruakeemadekunle
1336,15556994,seoewoo,2026-04-05 03:36:04,0.22,1,henrymessiiyt
1337,15813223,Jaswanth7722,2026-05-17 09:03:59,0.22,9,jaswanth7722
1338,16318615,JOKER-C2,2026-08-03 11:37:35,0.22,22,manuelcoletta
1339,15627203,Syed Saad Hasan Emad,2026-07-28 07:21:47,0.22,1,syedsaadhasanemad
1340,15488187,jerryv69,2026-06-09 02:34:51,0.22,3,jerryv69
1341,16320138,Anton Kalabukhov,2026-06-30 00:46:05,0.22,8,synlabs
1342,16481633,wmotte,2026-07-11 07:11:35,0.22,2,wmotte
1343,16570484,lingheng,2026-07-20 01:25:34,0.22,1,"lingheng,xianhaolin6077"
1344,16228820,SSV,2026-06-05 17:14:29,0.22,2,vigneshirtt
1345,15827295,Kaihong Deng,2026-05-22 02:47:40,0.22,16,kaihongdeng
1346,16434290,Manan Bansal,2026-07-20 05:10:06,0.22,10,mananpbansal
1347,15616194,赵云龙,2026-04-24 06:52:31,0.22,1,zhao1122
1348,15488756,Muhammad Ibrahim Qasmi,2026-06-19 21:41:54,0.21,1,ibrahimqasimi
1349,15947052,Kaiser #2,2026-05-13 09:33:38,0.21,1,snnguynvnk19hl
1350,15513901,Meenal Sinha,2026-05-10 15:34:32,0.21,2,meenalsinha
1351,15490511,Smilyai-is-cool-gubby,2026-04-20 02:47:55,0.21,1,smilyaiiscoolgubby
1352,15519262,Devansh Rajput,2026-04-03 20:07:42,0.21,3,devansh66
1353,15528446,Yasin Baykal,2026-04-01 13:01:08,0.21,1,godmethium
1354,15534060,pzarczynski,2026-04-02 19:52:48,0.21,1,piotrzarc
1355,15581639,cjen07,2026-04-10 07:21:05,0.21,2,cjen07
1356,16645459,Joseph W Benson,2026-08-07 04:28:12,0.21,3,josephwbenson
1357,15604360,youssef abukhalifa,2026-04-17 20:42:27,0.21,3,youssefmo942009
1358,16723014,Dev Kancheti,2026-08-15 00:32:44,0.21,2,devkancheti
1359,15520642,Jack Al-Kahwati,2026-04-03 00:38:09,0.21,3,jackalkahwati
1360,15568017,Aevion-Labs,2026-07-12 02:10:54,0.21,8,aevionlabs
1361,15526002,Shivam Mittal,2026-04-01 08:17:29,0.21,2,shivammittal274
1362,16234131,Tyler Hughes,2026-08-14 17:50:09,0.21,50,tylerbrianhughes
1363,15487262,bianfu,2026-06-17 13:11:34,0.21,2,bianfu
1364,15592971,muhualiushui1217,2026-06-26 04:36:02,0.21,3,muhualiushui1217
1365,15636115,Aditya Priya,2026-08-05 14:22:40,0.21,1,"adityapriya2,judychung2028"
1366,15522048,秘偶agi,2026-06-18 04:08:30,0.21,21,miouagi
1367,15489989,DUSN,2026-03-31 03:53:28,0.21,1,laochennn
1368,15491086,ianwulalala,2026-07-12 04:09:55,0.21,5,ianwulalala
1369,15558577,MIke Stang,2026-04-18 23:46:17,0.21,9,howdybigmike
1370,15539625,Sarmentor,2026-08-10 00:41:53,0.21,6,sarmentor
1371,16450243,ltnhung,2026-06-29 09:05:40,0.21,1,ltnhung
1372,15839529,summerer3,2026-05-04 07:05:58,0.21,1,summerer3
1373,15493205,Conan2,2026-04-06 17:29:34,0.21,6,jaehyeonsim
1374,15759726,Yanpu Zheng,2026-06-06 04:10:21,0.21,3,yanpuzheng
1375,15761915,JK-Piece,2026-05-27 13:54:09,0.21,7,jeannkouagou
1376,15618703,Alan Scott Encinas,2026-06-01 01:44:48,0.21,4,encinas88
1377,15731424,Kangdaxia,2026-04-29 00:09:21,0.21,5,kangdaxia
1378,15496351,InTelliGI,2026-05-02 08:12:44,0.21,4,hichamtelli
1379,15515217,sepcnt,2026-04-22 12:05:56,0.21,2,sepcnt
1380,16058181,Divyasree@0318,2026-05-25 18:18:39,0.21,2,divyasree0318
1381,16149622,Alexander Dickbauer,2026-06-01 23:09:08,0.21,1,alexanderdickbauer
1382,16516539,Raed Alharbi,2026-08-11 12:08:02,0.21,2,raed04
1383,16465268,shakinghand,2026-08-13 16:13:44,0.21,12,"emitrajshokuhi,weichseltree"
1384,16278024,JIAWEILI0001,2026-08-12 10:05:03,0.21,57,jiaweili0001
1385,15495973,pom,2026-04-07 14:20:26,0.21,5,tatsukisato
1386,16089141,Yuta Tadokoro,2026-06-19 00:33:41,0.21,13,yutatadokoro
1387,16663965,mosorio1,2026-08-12 00:16:29,0.21,3,mosorio1
1388,15516425,Steven,2026-05-06 08:27:43,0.21,1,sg1020
1389,16430850,Derek Peng,2026-06-29 01:43:59,0.20,3,littlebull
1390,15491291,Koka,2026-04-01 13:12:25,0.20,2,kokatrn
1391,16346595,ลิงจั๊กๆ,2026-06-24 00:01:08,0.20,11,phittayanan
1392,16268877,Sargis Arzumanyan,2026-06-26 10:23:39,0.20,10,sargisarzumanyan
1393,16403249,Pro400,2026-06-30 23:01:25,0.20,5,pro400
1394,16449178,Jon Smirl,2026-08-12 15:47:16,0.20,14,"connorsmirl,jonsmirl"
1395,16387036,Jens Lehmann,2026-07-04 21:48:26,0.20,7,jenslehmann
1396,15748929,Imed Magroune,2026-08-07 16:13:56,0.20,30,imedmagroune
1397,16108720,Choruru,2026-06-05 00:50:43,0.20,5,choruru
1398,16301827,Fabio Cabral,2026-08-08 00:01:07,0.20,3,fabiocabral
1399,16262491,Pranesh Jayasundar,2026-06-19 03:39:30,0.20,4,praneshjayasundar
1400,15537362,Forrest,2026-04-07 13:21:58,0.20,3,yinxiaogang
1401,15501746,George Odhiambo07,2026-04-16 05:42:24,0.20,5,georgeodhiambo07
1402,15513991,Camacho,2026-04-30 00:21:55,0.20,18,"acamachodepass,acamachog,joseandrescamacho"
1403,15834690,yuanlao153,2026-05-07 08:29:26,0.20,1,yuanlao153
1404,15841851,dennis palatov,2026-08-14 08:41:44,0.20,33,dennispalatov
1405,16209749,tianxianbaobao,2026-06-13 03:34:13,0.20,4,tianxianbaobao
1406,15553695,SUPERadonai,2026-04-04 10:25:38,0.20,1,trumpadonai
1407,15511713,Niranjan Nakkala,2026-06-11 06:16:35,0.20,1,niranjanmudhiraj
1408,15562510,Roua,2026-04-18 14:18:16,0.20,8,roua91
1409,16326571,Gabteni Mouhamed,2026-06-24 23:54:22,0.20,7,gabtenimouhamed
1410,16072837,Carol Wang,2026-05-26 06:00:46,0.20,3,"ilanwang,suethe"
1411,15621389,Zhang Songxin,2026-04-15 10:17:29,0.20,1,zhangsongxin
1412,16434582,Gladstone025,2026-06-30 11:28:23,0.20,1,pierreterrier
1413,15624428,Erfan Mirhosseini,2026-04-29 19:26:52,0.20,4,erfanmirhosseini
1414,15558367,Pushkar Ambastha,2026-04-09 15:40:22,0.20,2,pushkar007
1415,16230150,Ailurophile,2026-06-04 17:01:10,0.20,1,veeralakrishna
1416,15614488,KARANAMMADHAVARAO,2026-06-19 15:39:18,0.20,3,karanam12345
1417,16425878,Hyun-woo Kim,2026-06-24 07:25:21,0.20,1,hwkims
1418,15785821,Harmony Guercio,2026-04-29 19:18:50,0.20,1,harmonyguercio
1419,16449800,JH,2026-07-14 00:01:20,0.20,2,jaehyukhyun
1420,16216379,Kawchar Husain,2026-06-06 16:16:04,0.20,2,kawchar85
1421,15550054,[Deleted] f6652baa-7a8b-4888-98a1-e6bcc1a2d4d2,2026-04-24 06:27:28,0.20,20,del=42419dd56391ecc7
1422,16368018,Sohangkumar Patel,2026-08-14 04:50:06,0.20,2,samsamurai
1423,16129415,natema,2026-05-31 16:05:16,0.20,1,natema
1424,16052392,cyberia,2026-05-22 21:39:35,0.20,1,cyberia
1425,15833277,Noritake Kodama,2026-05-06 05:57:11,0.20,2,noritakekodama
1426,15570805,[Deleted] d1b4272c-c441-4c8a-ae29-693b84c040dd,2026-04-20 11:57:28,0.20,2,del=47107fb6b7d3ce01
1427,16640872,MinjeKang,2026-08-14 13:30:43,0.20,9,minjek
1428,15564282,Sankalp,2026-04-08 04:01:10,0.20,3,sankalp
1429,16275525,bullycat9,2026-06-12 17:45:35,0.19,3,bullycat9
1430,15874708,TrDung22,2026-05-28 07:39:35,0.19,9,trdung22
1431,16471124,Paul720810,2026-08-08 01:01:12,0.19,35,paul720810
1432,16410825,Myckel Uribe,2026-07-10 00:17:03,0.19,2,myckeluribe
1433,15518771,Bridgeport,2026-04-28 17:27:37,0.19,4,bridgeport
1434,16203912,Founry,2026-06-15 04:13:31,0.19,8,"algema,lundypang"
1435,16142510,gagaga tgaga,2026-06-14 00:40:38,0.19,5,gagagagagt
1436,16121579,Samuel Matsuo Harris,2026-05-30 19:11:42,0.19,1,samuelmatsuoharris
1437,15487566,Mohamed Roshdy,2026-03-29 10:14:24,0.19,2,mohamedwez
1438,16116426,abdelwaheb miled,2026-06-15 08:27:55,0.19,1,amiled19
1439,15489134,Xiaolei Lian,2026-06-24 10:46:52,0.19,6,xiaoleilian
1440,15530786,Felipe Cataneo,2026-04-30 09:07:41,0.19,5,felipecataneo
1441,15757849,zhaozilong,2026-08-13 15:05:39,0.19,3,zzl0112
1442,16417581,Gary Kump,2026-08-13 02:15:20,0.19,19,garykump
1443,15487654,MarkDjadchenko,2026-07-29 16:45:35,0.19,1,markdjadchenko
1444,16302337,MariusMyburg,2026-06-16 00:21:12,0.19,5,mariusm
1445,15487905,ISAKA Tsuyoshi,2026-04-20 07:54:26,0.19,2,isakatsuyoshi
1446,15491330,horsepurve,2026-03-30 06:39:44,0.19,3,horsepurve
1447,15842248,Roger Terrazas,2026-05-04 03:50:24,0.19,1,rogaterr
1448,15658341,Kesav sivakumar,2026-06-15 14:43:46,0.19,1,"deepakrajd,kesavsivakumar"
1449,15495860,Andrei Trandafira,2026-06-30 23:56:29,0.19,1,andreitrandafira
1450,16652233,Amit Kumar,2026-08-06 05:14:24,0.19,3,anmitkumar
1451,15643154,chrv,2026-08-12 05:11:34,0.19,1,chrv23
1452,15833315,Hyun,2026-05-19 03:41:03,0.19,3,kimhyeonwook3465
1453,16442450,LosiSt,2026-06-29 01:11:25,0.19,3,losist
1454,16490760,Jokrasa,2026-07-19 02:43:17,0.19,3,jonaskreutz
1455,16402421,rinov321,2026-06-24 00:01:09,0.19,4,rinov321
1456,15841747,Divij Chawla,2026-05-23 07:03:51,0.19,6,divijchawla7
1457,16680060,Joseph Franck,2026-08-13 00:56:51,0.19,7,josephfranck
1458,15884233,Chayon Kumar Das,2026-06-21 16:18:33,0.19,2,chayondas
1459,15758188,Dimas Pasha Akrilian,2026-04-30 03:32:28,0.19,2,dimaspashaakrilian
1460,15786670,Onur Fidaner,2026-05-12 00:47:29,0.19,3,ofidaner
1461,16317943,Eslam Elzamkan,2026-06-20 00:11:59,0.19,3,eslamelzamkan
1462,15940726,juandag97,2026-06-01 01:03:43,0.19,3,juandag97
1463,16673674,Samuel Sundararaman ,2026-08-06 22:28:37,0.19,1,neopok919
1464,15562229,ÆR3iS,2026-05-22 16:35:15,0.19,11,aer3is
1465,16344652,Rimsha Kanwal,2026-07-18 18:51:26,0.19,2,rimsha234
1466,16096168,Bhavya Dhingra,2026-05-31 23:32:33,0.19,2,"bhavyadhingra00020,frostnt"
1467,15572042,C R Suthikshn Kumar,2026-04-07 15:21:07,0.19,1,crsuthikshnkumar
1468,15493210,Valentin Kalinin,2026-07-24 16:49:27,0.19,1,tdesc88
1469,15998500,Kazi Aishikuzzaman,2026-08-14 00:01:38,0.19,3,kaziaishikuzzaman
1470,15556097,Bensalah Yassine,2026-04-14 00:12:58,0.19,5,bensalahyassine213
1471,15537133,gugugaga,2026-05-15 00:19:53,0.19,13,mori42
1472,15871316,biubiubiu~,2026-05-06 06:42:19,0.19,1,mengvision
1473,15504821,Precious Mansaray,2026-04-28 01:58:47,0.19,1,preciousmansaray
1474,16065765,Chinaza Okereke,2026-05-25 02:53:40,0.19,2,chinazaokereke
1475,16687494,HopeToDie,2026-08-13 16:50:06,0.18,3,omerozb
1476,15785875,Sujan Adhikari,2026-04-29 19:12:25,0.18,1,sujanadh07
1477,15543832,Elohabci,2026-04-03 04:19:10,0.18,1,temizkan
1478,15598423,taoti_orange,2026-05-19 14:43:41,0.18,2,taotiorange
1479,15603600,RITTWIK BHOWMICK,2026-05-06 04:24:35,0.18,3,rittwikbhowmick
1480,15581162,Vedic Mukherjee,2026-04-09 03:05:30,0.18,1,vedicmukherjee
1481,16605137,Pchan,2026-07-27 16:30:51,0.18,1,"kokonokatoka,pchan1111"
1482,16285919,aotiandragon,2026-06-12 03:14:41,0.18,2,aotiandragon
1483,16035800,Yummna aljasem,2026-05-20 18:21:28,0.18,1,yummnaaljasem
1484,16187519,Kole Vamsi Krishna,2026-06-17 05:45:18,0.18,5,kolevamsikrishna
1485,16716178,Inform Lai,2026-08-14 01:34:17,0.18,1,informlai
1486,15744055,dongzishuo111,2026-05-27 04:46:00,0.18,16,dongzishuo111
1487,16440729,William Hau,2026-06-27 00:15:18,0.18,1,williamhau
1488,16485366,Rishidar D,2026-07-12 03:43:18,0.18,1,rishidard
1489,16406590,felly10,2026-07-17 18:39:29,0.18,1,felly10
1490,16202759,магистр клоунов,2026-06-05 14:38:20,0.18,2,switchfeed
1491,16394961,Maksim Silchenko,2026-06-23 00:02:02,0.18,5,maksimsilchenko
1492,16512747,Troy-EVO,2026-07-20 07:15:55,0.18,1,troyevo
1493,15975054,Vivek Pandey,2026-05-21 02:52:28,0.18,1,thevivekpandey
1494,15531211,Varstern 6037,2026-04-30 14:26:16,0.18,7,"shiyuhe25,varstern6037"
1495,16398268,jacksongsong,2026-08-08 03:32:56,0.18,5,jacksongsong
1496,16471898,Editor Jugnu AI,2026-07-14 04:51:22,0.18,2,editorjugnuai
1497,16053668,Restu Anggoro Kasih,2026-06-06 18:52:56,0.18,1,restuanggorokasih
1498,16306368,firefly2006,2026-06-27 14:46:34,0.18,1,firefly2006
1499,16358057,Alubokho Ashioya,2026-06-16 09:38:04,0.18,1,ashioya
1500,15492079,nxank4,2026-03-31 13:44:12,0.18,4,anmatngu
1501,16369373,sierra1.0,2026-07-21 15:43:40,0.18,2,"na18b032,nihalshahpeediackal"
1502,16322216,Tamim,2026-06-17 05:38:19,0.18,1,tamim03
1503,15513943,Abdul Raheem,2026-05-07 08:04:39,0.18,17,abdulraheem09
1504,16090768,Zhouhy,2026-06-01 03:56:26,0.18,4,bhzhouhy
1505,15785858,Sanskar Adhikari,2026-04-29 19:11:09,0.18,1,snskr30
1506,16025623,Toot Toot Engineering,2026-06-24 00:01:35,0.18,25,"danxray,gregblacketter"
1507,15876693,Nam Phan Van Hai,2026-05-27 04:39:33,0.18,3,namphanvanhai
1508,15567988,Joseph Xiao,2026-04-15 02:04:00,0.18,2,joxiao
1509,16496076,Jeffrey Haines,2026-07-23 14:32:36,0.18,7,jeffreyhaines
1510,15496866,jacekwl,2026-03-27 11:45:57,0.17,1,jacekwl
1511,15504427,Adam Snodgrass,2026-03-31 04:54:45,0.17,1,overra
1512,16269220,KawaiiSelphine,2026-06-09 09:30:01,0.17,1,kawaiiselphine
1513,16244970,Praveen Ponnugupati,2026-06-05 20:31:21,0.17,1,praveenponnugupati
1514,16410850,Thiago Cunha,2026-07-27 21:23:47,0.17,7,thiagobcunha
1515,15493932,CHRISTOPHER CRILLY,2026-05-15 11:30:46,0.17,12,christophercrilly
1516,15539411,LORD DREGS,2026-06-26 14:48:32,0.17,3,lorddregs
1517,16677724,Tom Jeong,2026-08-10 04:22:48,0.17,3,tomjeongmts
1518,16593868,chutianqiu,2026-08-14 18:09:39,0.17,2,chutianqiu
1519,15713159,Francis Banda,2026-04-23 12:14:12,0.17,1,francisbanda
1520,16299477,Mao Mao,2026-06-16 13:11:49,0.17,1,maomaoai
1521,15999227,swordsman,2026-05-18 07:50:16,0.17,1,liuyanfeng
1522,15545843,Jacco Jurg,2026-06-14 11:46:07,0.17,1,jaccojurg
1523,15786171,ringusTheImp,2026-04-29 20:00:42,0.17,1,ringustheimp
1524,15569555,Kaiser,2026-04-14 15:08:10,0.17,2,kaiserm
1525,15985612,kara,2026-05-15 14:12:36,0.17,1,drchenb
1526,15571858,chaojiwudiwujie,2026-04-08 00:56:09,0.17,2,chaojiwudiwujie
1527,16449495,Philosophy Inclined,2026-07-02 06:22:39,0.17,1,"adrianradillo,mozhaq"
1528,16059743,soul,2026-05-24 13:45:15,0.17,1,soul80
1529,16016593,David Mensah-Gbekor,2026-06-13 20:21:36,0.17,4,ravdave
1530,16434918,Murat,2026-07-05 10:41:02,0.17,1,kaggleuserr2
1531,16307909,Eigen 4D,2026-06-27 07:04:24,0.17,11,"patsornsangkloy,wittawatj"
1532,15839799,Abdullah Fasih,2026-05-04 17:33:00,0.17,2,abdullahfasih
1533,16076068,IamDiganta.7,2026-05-26 02:45:13,0.17,2,iamdiganta7
1534,16456352,AlbertZhaoYB,2026-06-30 04:58:38,0.17,1,albertzhaoyb
1535,15653751,fle3n,2026-06-11 00:00:03,0.17,3,fleongg
1536,15510778,Claudia Barbie,2026-04-09 20:31:25,0.17,5,clabarb
1537,16586110,emirhan_32,2026-07-25 08:14:05,0.17,3,emirhan3223
1538,15552972,Knight,2026-05-09 15:19:55,0.17,1,dreamer4
1539,16227203,Vuttinun,2026-06-04 17:00:10,0.17,1,vuttinun
1540,16381569,Kazumi Sakamoto,2026-06-17 12:55:54,0.17,1,maehwa
1541,15488241,charyeezy,2026-08-15 00:00:21,0.17,7,charyeezy
1542,15497682,jorge fabian avila,2026-04-12 22:32:00,0.17,2,jorgefabianavila
1543,15498109,Helik Thacker,2026-04-14 13:43:18,0.17,3,hellhacker
1544,15628929,WAMYA,2026-04-20 08:47:01,0.17,4,wangmyang
1545,15493061,Panos,2026-04-14 08:04:29,0.17,3,panosc
1546,15544125,Vldmr338,2026-04-03 06:29:24,0.17,1,vldmr338
1547,15511689,Andy Penrose,2026-04-14 17:55:44,0.17,3,andypenrose
1548,15672847,Shreyas,2026-05-28 13:06:34,0.17,12,shreyasvathul
1549,16412819,史永刚,2026-06-30 02:46:10,0.17,2,shizehao
1550,16435464,Hans Simmons,2026-07-28 23:21:01,0.17,7,hansleestahl
1551,15970468,Vladimir Yakunin,2026-08-14 01:28:16,0.17,45,vladimiryakunin
1552,16589625,King-damon,2026-08-07 07:03:41,0.17,5,kingdamon
1553,16571708,Lliama,2026-08-07 23:54:59,0.17,6,lliama
1554,15488310,xCalibrr,2026-08-04 03:01:40,0.17,5,pranshubahadur
1555,16662291,MiguelS,2026-08-14 22:09:21,0.17,8,lordm758
1556,16555916,Rizal Dicky,2026-08-11 03:11:22,0.17,9,rizaldicky
1557,16634633,Akanbi Oluwajuwon Mayomi,2026-08-15 02:55:39,0.17,12,akanom
1558,16397179,ARCAINION PRIME,2026-08-13 08:57:09,0.17,6,arcainionprime
1559,16545242,Alex Oranov,2026-07-14 18:32:10,0.17,1,aoranov
1560,15500046,Tingjia InFuture,2026-04-01 05:39:33,0.17,4,tingjiainfuture
1561,15510271,Shiv Satyam,2026-06-12 13:17:31,0.17,3,shivsatyam
1562,15490618,Skye Loitz,2026-07-24 14:35:03,0.17,17,skyeloitz
1563,15543825,taojiekai,2026-04-08 11:35:33,0.17,3,taojiekai
1564,15548118,George yazaji222299 ,2026-04-05 08:41:29,0.17,3,georgeyazaji222299
1565,16546687,Gopi,2026-08-04 00:03:14,0.17,4,gopigogineni
1566,16441640,UncleBumblebeer,2026-07-17 22:35:12,0.17,13,unclebumblebeer
1567,15558515,Ameya Srivastava,2026-05-19 06:03:08,0.17,1,ameyasr1308
1568,16685068,Youssef EL MSIYAH,2026-08-07 13:06:47,0.17,1,youssefelmsiyah
1569,15563039,Yidhar,2026-04-15 00:04:08,0.17,4,yidhar
1570,16616531,Chengyu Huang,2026-07-30 02:25:21,0.17,1,johnsonice
1571,16360163,TestingAccount67,2026-08-13 00:02:22,0.17,9,testingaccount67
1572,16098385,HAOHAN WU,2026-06-02 03:31:16,0.17,5,zawdcxsw
1573,16540282,kangqinyao,2026-07-14 01:47:19,0.16,2,kangqinyao
1574,15671470,Baran Dindar,2026-05-13 13:45:05,0.16,10,barandindar
1575,16548253,Zhanpeng.W,2026-07-31 04:18:30,0.16,4,zhanpengw
1576,16553194,Unicorn,2026-07-28 00:13:57,0.16,5,scutxuanyu
1577,16031015,Andrea Bonomi,2026-06-15 13:43:37,0.16,5,andreabonomi
1578,15981400,Sai Aaron,2026-05-15 11:42:18,0.16,1,saiaaron
1579,16085020,smallrole,2026-05-27 02:56:46,0.16,1,smallrole
1580,15488812,Minal kharat123,2026-07-31 22:26:16,0.16,12,minalkharat123
1581,16255254,TTConsulting,2026-06-16 13:22:51,0.16,6,ttconsulting
1582,16709282,Saikot Das,2026-08-12 05:41:58,0.16,1,saikotse
1583,15523045,Pranav Malhotra,2026-04-19 18:08:35,0.16,7,pranav9874
1584,15664415,koppen9029,2026-04-24 04:23:07,0.16,3,koppen9029
1585,15493534,Addicted Tribes,2026-04-04 05:22:18,0.16,8,"anhlquctrn,haaminh"
1586,16560614,Eishaan Khatri,2026-07-17 18:37:02,0.16,1,eishaankhatri
1587,16713778,Abi_e,2026-08-15 10:08:05,0.16,4,abidjacquelineanadi
1588,15595273,The Spectral Shaman,2026-04-13 06:45:55,0.16,2,ryancardwell
1589,16238336,Abdulhamid Sonaike,2026-06-07 06:45:45,0.16,3,abdulhamidsonaike
1590,16393610,Arashi133,2026-06-19 09:00:09,0.16,1,arashi133
1591,16256846,Ricky #2,2026-06-12 00:09:03,0.16,4,rickyds97
1592,16451496,Ritchel Akwali,2026-07-16 12:50:50,0.16,5,ritchelakwali
1593,16250468,Rupesh Kumar,2026-06-08 14:17:05,0.16,3,rupeshrk3
1594,16396847,SAITEJA DASARI,2026-06-21 03:09:39,0.16,3,saitejadasari129
1595,16552727,Dylon Tsai,2026-07-20 08:07:11,0.16,1,dylonwilliam
1596,16711864,Singaraj B,2026-08-14 08:14:56,0.16,3,singarajb
1597,15487374,Taha Kaya,2026-08-05 05:39:16,0.16,5,tahakaya1
1598,16511370,kelin hf,2026-07-28 07:26:45,0.16,1,kelinhf
1599,16632050,HyperARC,2026-08-14 00:16:53,0.16,7,shadowell888
1600,16508568,Thomas Stausberg,2026-08-14 07:36:16,0.16,8,tstausberg
1601,16475295,JosephMontana,2026-07-14 00:17:06,0.16,6,josephmontana
1602,15577570,Umeshkumar Pal,2026-04-10 17:48:05,0.16,1,umeshkumarpal
1603,16508577,betülay Kaba,2026-07-19 06:29:45,0.16,6,betlaykaba
1604,16500409,anteater,2026-07-25 10:42:57,0.16,9,"chaehyunlim2,roha2i"
1605,16405186,Vanya SSS,2026-07-05 11:53:45,0.16,5,vvv228
1606,15569839,kakuteki,2026-07-16 12:17:56,0.16,4,kakuteki
1607,15518450,Kuldeep Mishra,2026-04-03 05:49:02,0.16,1,kmish980
1608,16456154,Juan Lavieri Goiri,2026-07-01 01:18:29,0.16,2,juanlavierigoiri
1609,15487138,Ravikash Gupta,2026-03-27 02:31:56,0.16,2,ravikaash
1610,15499023,Prashant Kikani,2026-03-27 03:14:56,0.16,1,prashantkikani
1611,15488002,Nick Vecchioni,2026-04-04 07:28:18,0.16,7,nickvecchioni
1612,16439746,zhengmiao95,2026-06-30 23:31:58,0.16,3,zhengmiao95
1613,16048884,Luca Beridze,2026-06-17 17:25:12,0.15,2,lucakrahe
1614,16112223,cwxcai,2026-05-29 16:46:25,0.15,1,cwxcai
1615,16721902,Tom.,2026-08-14 11:38:56,0.15,1,tikutiku
1616,15487633,Ritwika Kancharla,2026-03-26 02:56:57,0.15,1,ritwikakancharla
1617,16189442,Takahashi,2026-06-05 01:20:44,0.15,2,tea0925ds
1618,16268040,galaxy2025,2026-06-09 01:07:09,0.15,2,galaxy2025
1619,16300366,Galkin Danil,2026-06-11 11:16:29,0.15,1,galkindanil
1620,15486930,Nischay Dhankhar,2026-04-02 04:20:59,0.15,2,nischaydnk
1621,15529608,Sergei Miller,2026-04-01 15:07:42,0.15,1,sergmiller
1622,15989666,fxhrer,2026-05-19 02:18:38,0.15,1,fxhrer
1623,15491980,Nguyễn Giáp,2026-03-27 01:24:02,0.15,2,nguyngip
1624,16245190,eggsyyyy,2026-06-15 06:09:11,0.15,5,eggsyyyy
1625,16160900,RenitaX,2026-06-15 08:47:08,0.15,5,renitax
1626,15740169,Chandu Chitikam,2026-08-12 05:14:48,0.15,8,chanduchitikam
1627,16702809,raikhan,2026-08-11 20:12:41,0.15,2,raikhan17
1628,16370398,Muhammad Ahsan Talal,2026-07-07 14:52:34,0.15,5,muhammadahsantalal
1629,15830034,Ziaul Hasan,2026-05-24 11:32:31,0.15,3,mzhasan00
1630,15527110,Neha Yadav,2026-04-02 12:22:56,0.15,1,yadavneha5001
1631,16479655,Raiyana Rufaida,2026-07-04 10:38:53,0.15,2,shes1r
1632,16368853,Simon Peter Makobi,2026-06-24 05:52:39,0.15,5,simonpetermakobi
1633,16211260,mdashraful16,2026-06-22 02:31:08,0.15,11,mdashraful16
1634,16590463,weizhou liu,2026-07-26 01:23:21,0.15,4,weizhouliu
1635,15643066,Sơn Nguyễn,2026-04-23 21:46:16,0.15,2,sonnguyen10
1636,16591270,Yansı Evre Yüksel,2026-07-29 10:51:41,0.15,3,yanevyuk
1637,16701499,ZHUO ZIJIE,2026-08-14 14:29:10,0.15,3,zhuozijie
1638,16397318,[Deleted] 0175b662-161d-4ca5-8a06-00bdc5fe0218,2026-07-17 04:50:04,0.15,5,del=c96551b45189e94a
1639,15500752,Kiran Vitly,2026-06-27 06:48:27,0.15,2,kiranvitly
1640,16555984,Jeffery Jerome Harris,2026-07-27 18:27:25,0.15,5,jefferyjeromeharris
1641,16331029,JawaZero,2026-07-02 04:07:55,0.15,7,therealjabaadams
1642,16603574,Paul L,2026-07-27 02:46:55,0.15,1,paull274996
1643,16378658,tokawa2997,2026-06-18 03:38:48,0.15,2,tokawa2997
1644,15916571,wood_zhao,2026-05-17 00:00:31,0.15,3,catenterzhao
1645,15619262,Deenadayalan Kuravar,2026-06-23 11:33:23,0.15,1,deenadayalandms
1646,16374287,404 Not Found,2026-07-04 09:24:15,0.15,13,"gayathrirajeev77,nishanthrajandev"
1647,16473273,Motohiro Okaya,2026-07-04 04:43:42,0.15,3,moroqq82
1648,16723801,Satoshi Nguyen,2026-08-15 02:39:41,0.15,2,satoshinguyenai
1649,16357275,Unbrowse AI,2026-07-03 00:46:05,0.15,8,lewistham
1650,16311216,Andro Faryna,2026-06-12 14:18:49,0.15,1,androfaryna
1651,16564841,Jaydon J P,2026-07-19 11:52:40,0.15,2,jaydonjp
1652,16414311,ruuu,2026-07-12 13:46:26,0.15,5,kyoichiroyanada
1653,16002691,Hiroshi Murakami,2026-05-24 11:05:44,0.15,2,pirozhiki
1654,16670844,Vera Σ¹ - DI,2026-08-10 06:05:32,0.15,3,"dreaddevelopment,seanornberg"
1655,15495033,ARC winners,2026-05-17 22:28:00,0.15,10,"samitmyaka,srihaasakaryampudi"
1656,15575636,kura19,2026-04-14 00:42:07,0.15,1,kura19
1657,16301142,Ryan Barrett,2026-06-11 12:48:06,0.15,1,agifrfr
1658,16368639,Steven #2,2026-06-16 01:58:02,0.15,1,stevenpp
1659,16278637,Pietro,2026-06-11 09:25:26,0.15,2,pietro002
1660,15908291,yanghong2025,2026-06-29 02:17:21,0.15,16,yanghong2025
1661,16303976,Daniel Cecim,2026-06-18 09:50:32,0.15,5,danielcecim
1662,15601261,Yurii Liashchuk,2026-04-13 15:51:30,0.15,1,yuralia88
1663,16530767,Alexsandro135jg,2026-07-12 01:59:59,0.15,2,alexsandro135jg
1664,16716223,jason87216,2026-08-14 02:43:18,0.15,2,jason87216
1665,15519082,Akmal Azzam o'g'li,2026-04-10 17:03:25,0.15,10,akmalmir
1666,16716126,BessHsu,2026-08-14 01:30:07,0.15,1,besshsu
1667,15526904,EastonB,2026-04-15 06:36:36,0.15,3,eastonb
1668,15881965,JEP,2026-06-02 01:10:32,0.15,9,jaeeon2020
1669,16101972,Andy Barta,2026-05-28 18:09:12,0.15,1,andybarta
1670,15494415,Sabreen Elkamash,2026-06-06 06:57:50,0.15,14,sabreenelkamash
1671,16254867,Peng Wang,2026-06-08 04:36:49,0.15,1,pengwang91
1672,16411245,huang akai,2026-08-14 16:59:58,0.15,3,huangakai
1673,16415172,jangjunmin,2026-06-22 15:51:21,0.15,1,jangjunmin
1674,16271667,snailst21 dr,2026-06-24 06:27:05,0.15,2,snailst21dr
1675,15734432,Dexter,2026-08-04 16:11:39,0.15,3,dexterawoyemi
1676,16463140,xcadet,2026-07-02 01:30:39,0.15,1,xcadet
1677,16614927,Kanwar Sekhon,2026-07-29 20:20:07,0.15,1,kanwarmehtabsekhon
1678,16614658,zaheer abbas,2026-07-31 14:20:28,0.15,1,zaheerabbasorakzai
1679,16643024,DY0123,2026-08-03 00:37:18,0.15,1,dy0123
1680,16719242,yulenchen,2026-08-14 01:33:33,0.15,1,yulenchen
1681,15654070,Greg Kamradt,2026-06-16 15:52:31,0.15,8,gregkamradt
1682,16108111,Willwinma,2026-05-29 08:04:26,0.15,1,"jingmikun,jinkunhu"
1683,16553009,nijigasaki,2026-07-16 04:34:14,0.15,1,nijigasaki
1684,15539198,ModelNaut,2026-04-03 07:12:36,0.15,2,modelnaut
1685,15486876,PIXMELT,2026-03-26 10:22:27,0.15,1,pixmeltpro
1686,16368161,Nandu Ari,2026-06-20 21:35:14,0.14,2,nanduari
1687,15680357,Andre Ruiz Loera,2026-05-28 02:36:19,0.14,2,andreruizloera
1688,16661652,zhhong6662,2026-08-07 00:09:41,0.14,2,zhhong6662
1689,16560191,Wang X.Y.,2026-07-21 13:27:00,0.14,4,xiangyangwang
1690,15579854,BirdyLiu1023647,2026-06-25 12:19:42,0.14,2,birdyliu1023647
1691,15901663,Purple Slurpees,2026-05-13 14:39:39,0.14,2,purpleslurpees
1692,15859982,SoraDaCroi,2026-05-10 17:00:50,0.14,3,soradacroi
1693,15486691,Pramod Chilakalapudi,2026-04-01 15:08:40,0.14,2,pramodchilakalapudi
1694,15843647,Mauricio Maroto,2026-05-13 02:49:20,0.14,1,maulberto3
1695,16095200,Derek Earnhart,2026-07-06 22:34:24,0.14,4,derekearnhart
1696,15488070,ASetiawan,2026-05-06 00:27:29,0.14,8,aderiannovito
1697,15501456,reyvan14,2026-03-30 11:36:16,0.14,3,reyvan14
1698,16702755,Cristiano Sacramento,2026-08-12 06:03:33,0.14,2,cristianosacramento
1699,15552950,Adi Kusuma,2026-08-05 00:38:30,0.14,8,adikusum4
1700,16712545,Jay Salvi,2026-08-12 12:58:29,0.14,1,jaysalvi
1701,16197549,Irabala,2026-08-05 06:07:42,0.14,13,irabala1
1702,16482226,Maher el Ouahabi,2026-07-11 01:18:08,0.14,6,maherelouahabi
1703,16599867,sota1111,2026-08-03 14:34:32,0.14,6,sota1111
1704,16704495,Enzo Lherisson,2026-08-15 04:05:13,0.14,3,enzolherisson
1705,16535438,Medalist,2026-08-12 06:55:17,0.14,4,"ks0307,reiyas"
1706,15508050,rsn-opencode,2026-05-17 16:58:35,0.14,2,human01
1707,15513094,Jafar Banar,2026-05-06 17:23:20,0.14,5,jafarbanar
1708,16616763,SGY2512,2026-08-10 02:52:38,0.14,3,sgy2512
1709,16660830,4Solver,2026-08-08 00:02:02,0.14,3,"cristianoesilva,msfbiolinhares"
1710,16376849,Garrett Gecewicz,2026-07-03 05:05:34,0.14,11,garrettgecewicz
1711,15929779,xxarjun,2026-05-15 11:24:08,0.14,3,xxarjun
1712,16278450,Gururaj Shahapurmath,2026-06-16 02:10:46,0.14,2,gururajshahapurmath
1713,16448969,adam555adam7,2026-07-15 09:59:25,0.14,2,adam555adam7
1714,16098220,TomoriKaho,2026-07-18 07:55:03,0.14,2,tomorikaho
1715,15568903,Luke Li,2026-04-07 08:52:15,0.14,1,infgeoax
1716,16608791,Shuhei Kuroiwa,2026-07-28 09:19:04,0.14,1,shuheikuroiwa
1717,15496466,Hassan Abedi,2026-03-26 19:26:52,0.14,1,habedi
1718,16296605,rumbling_b,2026-07-03 10:22:41,0.14,1,rumblingb
1719,16307369,Workiflow,2026-07-10 21:57:43,0.14,2,johnpaultheron
1720,15524800,Hafiz Muhammad Noor,2026-04-08 07:35:29,0.14,1,cmdhmn
1721,15486883,ffurkann,2026-07-22 20:01:39,0.14,11,fuego88
1722,16663749,Antoine Matemane Mahirwe,2026-08-11 01:38:39,0.14,6,antoinemah
1723,16612386,Rms387,2026-08-11 20:15:04,0.13,3,rms387
1724,16390777,Sebastien Andersson,2026-06-20 16:01:53,0.13,1,sebastienandersson
1725,16633894,Wale Bashir,2026-08-01 02:08:37,0.13,1,digitaldrreamer
1726,16463085,Archie Chaudhury,2026-07-06 00:50:17,0.13,5,archiechaudhury
1727,16368157,Shakil Mosharrof,2026-06-30 05:18:51,0.13,7,shakil19
1728,16601941,nk,2026-07-28 23:31:06,0.13,2,nagatakengo
1729,15875274,mathmonkeyliu,2026-05-06 13:32:00,0.13,1,"mathmonkeyliu,opfromthestart"
1730,16718169,Joyal,2026-08-14 10:04:27,0.13,1,joyalseejo
1731,16403849,TVK,2026-06-21 17:28:04,0.13,2,sarrveshwartme25b115
1732,16292156,Amant,2026-06-15 04:21:51,0.13,6,amantk
1733,15548877,Refound,2026-04-03 15:41:44,0.13,1,refound
1734,16420036,aureioo,2026-07-02 01:17:18,0.13,4,aureioo
1735,15615887,Anatolii Kandiuk,2026-05-29 20:46:30,0.13,7,"anatoliikandiuk,danieldan0"
1736,16553124,udi wijaya,2026-07-30 11:58:13,0.13,7,udiwijaya
1737,16443032,Pawit Sahare,2026-08-13 06:25:04,0.13,4,pawitky
1738,16707087,Melokuhle Sikhondze,2026-08-12 14:35:54,0.13,2,melokuhlesikhondze
1739,15609019,cha7ura,2026-05-23 07:07:10,0.13,3,cha7ura
1740,16630701,Justin CH123,2026-07-31 11:56:51,0.13,1,justinch123
1741,16657368,first_one_3322,2026-08-04 06:21:34,0.13,1,firstone3322
1742,15914096,Chengyi Liu,2026-05-18 13:36:33,0.13,3,cliu123456
1743,15771359,srujhans,2026-08-14 03:30:58,0.13,5,srujhans
1744,16684631,Mr6436,2026-08-09 20:39:17,0.13,1,mr6436
1745,16484900,YellwoJune083,2026-07-04 08:07:25,0.13,1,yellwojune083
1746,16719401,nicechun13,2026-08-14 02:55:58,0.13,1,nicechun13
1747,16375201,fyvguys,2026-06-29 00:33:47,0.13,10,nin417
1748,15520762,ArcWolf,2026-04-27 16:15:12,0.13,4,fenrirai
1749,15488866,Dhana Abhiraj,2026-03-29 03:54:46,0.13,1,dhanaabhiraj
1750,16406189,Adrián Pineda Moreno,2026-06-26 10:31:13,0.13,5,adrinpineda
1751,15523526,Muhammad Junaid,2026-04-22 16:04:39,0.13,3,junaid512
1752,15826792,Yixin Wang,2026-05-02 10:00:59,0.13,1,yixinwww
1753,15487368,alba,2026-03-29 10:55:01,0.12,3,itbert
1754,15486975,Suleiman Tawil,2026-06-30 19:04:49,0.12,2,suleimantawil
1755,16585165,zhangyues,2026-07-23 00:00:23,0.12,2,zhangyues
1756,16692708,ManasviSharma,2026-08-10 17:34:00,0.12,1,manasvi821
1757,16577093,yasuhiro hashimoto,2026-07-24 00:06:13,0.12,2,prez18
1758,16065243,bsenst,2026-05-25 08:27:49,0.12,2,bnzn261029
1759,16404236,Ansh Joshii,2026-06-20 20:48:41,0.12,1,anshjoshii
1760,16516860,Ali Mustafa Ali,2026-07-11 16:56:06,0.12,1,alimustafaali
1761,16617680,HE PEIYU,2026-08-12 10:22:26,0.12,5,hepeiyu004
1762,15585056,Alek Lacoustete,2026-04-12 11:19:56,0.12,1,aleklacoustete
1763,15611267,Leobertucci,2026-04-13 20:50:50,0.12,1,leobertucci
1764,15734831,Joshua Heidorn,2026-04-27 02:44:07,0.12,2,joshuaheidorn
1765,16251140,abhilash Manchala,2026-06-12 14:26:47,0.12,3,abhilashmanchala
1766,16318682,Raed Ennab,2026-07-13 04:48:16,0.12,4,raedennab
1767,15989494,Gunal Karthikeyan,2026-05-19 00:42:27,0.12,1,gunalkarthikeyan
1768,16685374,Tirenioluwa_K,2026-08-07 20:08:04,0.12,1,tirenioluwak
1769,15488263,Karen,2026-06-12 02:12:32,0.12,5,karendavis
1770,15487585,Faihaj,2026-03-31 17:19:25,0.12,3,faihaj
1771,15940399,Roy_Wang925,2026-05-20 14:39:34,0.12,5,roywang925
1772,16692578,Rohit Bhar,2026-08-13 17:15:22,0.12,4,rohitbhart
1773,16040367,Ryosuke SHIMIZU,2026-05-23 03:28:06,0.12,3,tttgazerttt
1774,16445777,Nesime,2026-06-28 08:51:43,0.12,1,monkeybox
1775,16419773,霓裳-Museon,2026-07-06 00:46:14,0.12,6,zealchou
1776,16670410,TumblingDice23,2026-08-06 12:54:31,0.12,2,tumblingdice23
1777,16652499,Yiğit Karadağ,2026-08-06 04:49:03,0.12,1,yiitkarada
1778,16570733,PankajGupta73,2026-07-24 01:35:27,0.12,1,pankajgupta73
1779,15752293,Guy Nachshon,2026-04-28 09:51:04,0.12,1,guynachshon
1780,16271923,Ian Blenke,2026-08-11 06:53:28,0.12,7,iancblenke
1781,16688028,Asher Tooley,2026-08-08 00:16:44,0.12,1,ashertooley
1782,15497542,Cosmin Budeanu,2026-06-30 21:23:33,0.12,7,cosmicbe
1783,15487309,Njabulo Bright,2026-03-29 05:25:52,0.12,4,njabulobright
0,15485225,Random Agent,2026-03-25 00:33:14,0.12,1,
1784,16501274,Samson Enoch,2026-07-08 02:01:03,0.12,2,samsonenoch
1785,16673415,Stijn,2026-08-10 06:03:12,0.12,3,stijnappelmoes
1786,15513411,nadirbekovnadir,2026-04-03 01:03:35,0.12,2,nadirbekovnadir
1787,15685341,Sid Devinen,2026-08-15 03:41:25,0.12,2,siddevinen
1788,16580355,Rick Gillespie,2026-07-21 10:29:44,0.12,1,bliztafree
1789,15636473,whflux,2026-05-12 10:39:38,0.11,6,whflux
1790,15492335,bobdobbob,2026-03-26 07:08:46,0.11,1,bobdobbob
1791,15492420,da_pond,2026-03-26 07:20:03,0.11,1,dapond
1792,15595610,georginio2000,2026-07-20 16:37:59,0.11,4,kouserisgeorgios
1793,16384499,Pranshu Sharma,2026-07-02 18:15:08,0.11,6,pranshusharmaa
1794,15503562,Mattias Nordstrand,2026-04-03 14:02:10,0.11,2,mattiasnordstrand
1795,15602825,ASHWINMSAD,2026-04-16 05:10:03,0.11,4,ashwinmsad
1796,16126100,Mukesh Patil,2026-08-11 04:42:46,0.11,7,speedforceyt
1797,16277881,Saif Bagmaru,2026-06-11 06:56:44,0.11,3,imsaif
1798,16506426,i moichchi :sob:,2026-07-09 02:42:03,0.11,2,abdullahshafi2021
1799,15939268,Lucien de Rubempre,2026-05-13 05:32:15,0.11,2,lucienderubempre
1800,15671155,Ravi Makhija,2026-04-26 17:51:17,0.11,2,ravimakhija
1801,16321982,Zhongyuan Zhang,2026-07-05 12:56:39,0.11,1,z1493916656
1802,16723459,Heinzstk,2026-08-15 03:59:44,0.11,1,heinzstk
1803,16025438,zohir benmalek,2026-05-19 16:38:19,0.11,1,zohirmalek
1804,15640764,Sai Shreekar G,2026-05-15 03:27:00,0.11,2,saishreekarg
1805,15493593,waechter,2026-03-26 10:01:16,0.11,1,waechter
1806,16117471,Quetzali Ramírez Guillén,2026-05-31 03:31:13,0.11,2,coystan
1807,16701218,huang shiyao 111,2026-08-11 02:42:34,0.11,2,huangshiyao111
1808,15494266,Tharaka Umayanga,2026-03-26 11:33:50,0.11,1,crazyfox001
1809,16249007,BlueFlame202,2026-06-13 19:10:34,0.11,2,aathreyakadambi
1810,16066658,Chia-Han Chen,2026-05-27 02:14:47,0.11,1,chiahanchen
1811,15504373,GanadorPlusUltra,2026-04-04 01:08:02,0.11,4,ganadorplusultra
1812,15495078,Revanth Kodati,2026-03-26 19:10:15,0.11,1,kodatirevanth
1813,16357889,Gopokionel,2026-08-04 05:35:58,0.11,5,gopokionel
1814,15488392,Omar,2026-03-27 00:03:23,0.11,1,omarafik
1815,15584179,Klgv Klgv,2026-04-19 20:08:57,0.11,2,klgvklgv
1816,16458373,Pallavi R,2026-07-15 13:55:50,0.11,2,pallavi1407
1817,16594962,abdallah farouk,2026-07-31 00:34:32,0.11,1,farouk09
1818,16374045,Ethan Liu,2026-06-20 14:47:35,0.11,3,ethanl22
1819,15512002,Tom,2026-03-29 11:38:54,0.11,1,tomokisano
1820,16551372,valentino ray isabell,2026-08-11 21:08:12,0.11,3,valentinorayisabell
1821,15488557,TeamRED,2026-03-27 04:14:08,0.11,2,noproo
1822,16582387,kwonj0815@gmail.com,2026-07-21 16:44:51,0.11,1,kwonj0815gmailcom
1823,15503023,hetul patel,2026-07-18 18:21:59,0.11,3,hetul803
1824,15880333,Ninym06,2026-06-23 10:29:05,0.11,2,ninym06
1825,16716151,Hsu HH,2026-08-14 04:57:25,0.11,2,beatles1823
1826,16716641,Sahasawatt,2026-08-15 05:36:05,0.11,3,sahasawatt
1827,16712506,WENJIE_Wang-dev,2026-08-13 03:13:30,0.11,2,wenjiewangdev
1828,16464853,guochangZhang,2026-07-05 03:18:23,0.10,1,guochangzhang
1829,16244857,Ben Jenkins,2026-06-07 22:03:12,0.10,2,benjenkins96
1830,15573392,Chitranjan Singh,2026-04-22 18:32:50,0.10,1,chitranjansingh
1831,15492306,H. Dewmal ,2026-08-09 17:10:07,0.10,1,dewmalnilanka
1832,15497023,rldoeswork,2026-08-13 01:58:12,0.10,1,maharishiva
1833,16541755,gugugaga!,2026-07-14 04:25:00,0.10,1,ccrcrcr
1834,16655317,Emin Gürbüz,2026-08-08 19:31:09,0.10,4,emingrbz0
1835,15834772,James Wilkins,2026-05-05 06:02:58,0.10,2,jameswilkins
1836,16674972,Noureddine Mohammedi,2026-08-12 11:31:54,0.10,4,noureddinemohammedi
1837,15828349,yang1911,2026-05-04 14:48:34,0.10,1,yang1911
1838,15998556,Kevin Shao,2026-05-27 08:26:54,0.10,2,kevinshao04
1839,16384154,Baris Yazici,2026-06-23 11:50:24,0.10,4,barisyazici30
1840,15573094,Hitchhiker2TheFuture,2026-06-09 01:28:50,0.10,8,hitchhiker2thefuture
1841,16688449,Vicwlau,2026-08-08 05:21:02,0.10,1,vicwlau
1842,16267486,reasonofmoon,2026-06-08 11:11:51,0.10,1,reasonofmoon
1843,15505322,Emiliano Gasparovic,2026-03-28 05:31:07,0.10,1,emilianogasparovic
1844,15499036,Jiwei Liu,2026-03-30 21:37:36,0.10,2,jiweiliu
1845,16664713,Udit Jain #2,2026-08-05 04:09:32,0.10,1,iamudit
1846,15509517,somebodyOnKaggle,2026-03-29 00:42:49,0.10,1,somebodyonkaggle
1847,16085896,Paul Joseph,2026-05-31 08:07:38,0.10,1,paultechm
1848,16324926,Buzz shocker,2026-06-29 05:54:09,0.10,1,"buzzshocker,lordyashpratap"
1849,15609207,Alexander,2026-04-13 13:30:07,0.10,1,krugex
1850,16266300,zzzzzzrc,2026-06-11 04:23:37,0.10,4,zzzzzzrc
1851,15487355,S,2026-04-02 21:22:29,0.10,3,carlostoppani
1852,15487103,Guanghan Ning,2026-06-19 18:45:08,0.10,5,guanghanning
1853,16430419,loadingAC,2026-06-25 08:31:18,0.10,1,loadingac
1854,15763912,Harry Zhao HY,2026-04-30 02:26:21,0.10,3,harryzhaohy
1855,15539171,GrootX,2026-04-03 21:51:16,0.10,1,grootx
1856,16536460,Cont Gi,2026-07-14 02:31:46,0.10,2,contgi
1857,16716260,Phoenix,2026-08-14 01:33:09,0.10,1,phoenix189
1858,15786837,macleonjinkan@hotmail.com,2026-04-29 22:19:16,0.10,1,macleon
1859,15585605,pkms,2026-06-30 00:04:15,0.10,5,prakamyamishra
1860,16327509,fabio rovai,2026-06-19 08:57:57,0.10,4,fabiorovai
1861,15498286,Hira-X,2026-03-30 23:23:49,0.10,2,abdullahasoliman
1862,16627226,JohnBaby,2026-08-02 17:17:04,0.10,1,junzhewong
1863,15536113,IjlalBaig,2026-04-05 16:51:20,0.10,1,ijlalbaig92
1864,16723651,Ehsan Patel,2026-08-15 01:11:08,0.10,1,ehsansp
1865,16349882,Nikhil Pradhan,2026-08-06 18:58:34,0.10,6,nikhilpradhan1
1866,16444911,JShen,2026-07-04 12:32:37,0.10,1,qjshen
1867,15995392,Hiroyasu Okuno,2026-06-06 01:47:51,0.10,1,hiroyasuokuno
1868,16273359,JinXian Chen,2026-07-16 16:06:45,0.10,6,jinxianchen
1869,16100782,StevenKaseiyo,2026-05-28 13:03:29,0.10,1,stevenkaseiyo
1870,15943261,Raphael Gusmao,2026-05-25 22:49:08,0.10,5,raphaelgusmao
1871,15817057,Erich Bochenek,2026-05-12 10:04:22,0.10,5,erichbochenek
1872,16588811,GameAGI,2026-08-10 06:32:09,0.10,1,"mama5647,voidin,zhangruichen66"
1873,16054431,Tuna Xiao,2026-06-13 09:41:13,0.10,1,tunaxiao
1874,15489968,Haradi Bots,2026-03-27 03:22:10,0.10,2,haradibots
1875,15510259,[Deleted] 148fbb43-b531-4414-91bf-40351a0788aa,2026-03-29 04:06:37,0.09,1,del=358c10d722d32731
1876,16387375,Tanh2405,2026-06-19 07:44:34,0.09,1,tanh2405
1877,15513341,wolf,2026-04-15 00:30:41,0.09,1,naoufelelbachir
1878,16716148,liuhungyi,2026-08-14 00:21:22,0.09,1,liuhungyi
1879,16717152,yesterdays_rebel,2026-08-13 12:09:43,0.09,1,irfanparaniya
1880,15506954,Rafay Shahid0,2026-03-31 02:15:53,0.09,1,rafayshahid0
1881,15708278,Huy Lôi Giang,2026-04-23 09:51:38,0.09,1,huyloi
1882,16561130,DA willowtree,2026-07-17 21:29:39,0.09,1,dawillowtree
1883,15637997,the_coder,2026-07-23 07:27:50,0.09,2,samyukthahr
1884,15863749,don gunning,2026-08-11 19:33:27,0.09,11,dongunning
1885,16559107,Joan Bitutu,2026-07-17 11:27:51,0.09,1,joanbitutu
1886,15785831,Kamal Biswakarma,2026-04-29 21:24:18,0.09,1,kamalbiswakarma
1887,16515996,Chnoor Lee,2026-07-13 06:37:05,0.09,3,chnoorlee
1888,15522177,Arpit Singh,2026-05-20 04:42:35,0.09,5,arpitsingh8809
1889,16675032,EonCrux,2026-08-14 15:31:20,0.09,4,"dhairyapratapsolanki,itsmepooja,jainp1508,mansisingh2072,sapnajain115"
1890,16468343,SonuYadav889,2026-07-11 16:35:09,0.09,2,sonuyadav889
1891,16417945,Rajshekar,2026-06-23 07:52:30,0.09,1,mtech24m0793
1892,16687920,nabil,2026-08-08 11:47:10,0.09,1,marchworks
1893,16386238,Aditya Singh,2026-06-19 10:44:39,0.09,1,adityasingh157735
1894,15498152,Rohan Dekate,2026-03-27 00:24:40,0.09,1,rohandekate13
1895,15490043,Pranav A,2026-06-27 14:39:32,0.09,1,pranav47
1896,15519101,yanjixiang,2026-04-01 14:55:49,0.09,1,yanjixiang
1897,15528321,Mawra Musawar,2026-06-09 11:47:50,0.09,1,mawramusawwar
1898,15488213,little cat,2026-04-13 06:37:32,0.09,1,tangtang1999
1899,15498108,GrassClass2026,2026-06-13 16:21:44,0.09,1,oxjunhao
1900,16564309,Nadav Lederman,2026-08-02 12:53:40,0.09,4,nadavlederman
1901,16559560,wonofone,2026-08-08 06:50:14,0.09,1,wonofone
1902,15488412,[Deleted] 03f7a0e7-4358-4906-88ed-86eadf91a51c,2026-03-28 00:17:12,0.09,3,del=158dba91f520bef9
1903,15641659,Avery Scott,2026-04-19 19:27:51,0.09,1,solarusblank
1904,15732134,Ryan Ghorbandoost,2026-04-24 18:46:29,0.09,1,ryanghorbandoost
1905,16400248,G4br13l,2026-06-20 08:34:02,0.09,1,g3br13l
1906,15574032,KARLMAC,2026-07-21 14:54:44,0.09,5,karlmac
1907,15492342,Jerome Sieber,2026-06-29 09:06:09,0.09,1,jeromesieber
1908,16379780,Jahir Chowdhury,2026-06-17 09:01:24,0.09,1,jahirchowdhur
1909,16593808,RuiFSPinto,2026-07-28 07:07:04,0.09,5,ruifspinto
1910,16498321,Matthew Childs,2026-07-08 00:01:12,0.09,2,varellium
1911,16475859,Sega Mega,2026-08-01 23:48:15,0.09,4,segamega
1912,16448948,Aur Shalev Merin,2026-07-03 18:10:27,0.09,4,aurshalevmerin
1913,15657134,WilsonFu,2026-05-28 05:12:13,0.09,1,willsonfu
1914,16697953,Macx Vasquez,2026-08-10 02:29:41,0.09,1,macxvasquez
1915,15985403,[Deleted] 2361894e-be69-404a-b6a8-928369b492a0,2026-06-24 00:16:53,0.09,2,del=5900c7ab80aef0b9
1916,15519186,Linda MacPhee-Cobb,2026-03-31 19:47:05,0.09,1,wrinkledtime
1917,16710381,Dong,2026-08-15 05:44:11,0.09,4,protostar
1918,16683904,Void_Rune,2026-08-12 13:14:20,0.09,6,voidrune
1919,15668591,Longkun Shi (Candyman),2026-04-25 04:21:39,0.09,3,longkunshicandyman
1920,15807768,shigeria,2026-05-01 05:20:53,0.09,1,shigeria
1921,15756777,Aimar Haddadi,2026-05-31 10:30:46,0.09,2,aimar00
1922,16296118,kobayasi,2026-08-14 01:00:09,0.09,2,boomvector
1923,16006820,pop smoke fan,2026-05-18 12:47:17,0.09,1,bibisorobabydjon
1924,16482397,Matt Mazur,2026-07-03 17:24:38,0.09,1,mhmazur
1925,16333016,PRANAY MANE ,2026-06-28 03:40:11,0.09,7,mpranay53
1926,15491631,Cody Terry,2026-03-27 02:21:20,0.09,2,codyterry
1927,16442486,Positive Quark,2026-07-31 18:58:36,0.09,1,quarkliu
1928,15618050,Elisha777,2026-07-11 07:17:23,0.09,7,elisha777
1929,15496358,Saurabh Dasgupta,2026-07-09 14:15:37,0.09,1,dasgupsa500
1930,16483109,kaixinw6,2026-07-05 16:42:17,0.09,2,kaixinw6
1931,16083613,shotaro sakaguchi,2026-06-13 12:36:35,0.08,2,sakaguti1211
1932,16094088,çağrı okan,2026-06-07 10:52:02,0.08,2,cagrokan
1933,16241510,KunalKakade,2026-06-09 01:27:41,0.08,2,kunal808
1934,16644285,Pedro_Afonso2,2026-08-03 00:14:29,0.08,2,pedroafonso2
1935,15505309,laoshucike,2026-06-14 05:44:41,0.08,2,laoshucike
1936,16274295,Mitotic,2026-06-12 14:51:52,0.08,2,"bytemuneeb,clarkcarter,muzicodes"
1937,16116181,MakiMakiAi,2026-06-21 11:01:52,0.08,1,makimakiai
1938,15488399,ZhiruiLuo,2026-04-03 00:32:09,0.08,1,zhirluo
1939,16715388,LiuChen1350,2026-08-13 03:14:24,0.08,1,liuchen1350
1940,16537516,Sunny Kumar,2026-08-15 12:23:00,0.08,6,sunnykumar6203
1941,15554719,Hajar Besbassi,2026-04-10 17:04:03,0.08,1,jolizare
1942,15492759,jungwon Eom,2026-03-26 14:23:37,0.08,1,jungwoneom
1943,15496387,Patryk Wolny,2026-08-15 01:31:41,0.08,3,patrykwolny
1944,16638027,Randynho,2026-08-14 21:56:55,0.08,4,randynho
1945,16722531,Ely2ba,2026-08-14 23:58:06,0.08,1,ely2ba
1946,15932596,Matt Davis,2026-05-24 02:02:34,0.08,3,matteius
1947,16613524,yoikoarmor,2026-07-31 23:33:59,0.08,2,yoikoarmor
1948,15626214,Mounika Kalamraju,2026-04-16 02:23:11,0.08,1,mounikakalamraju
1949,16096798,mark zhang,2026-06-01 15:46:50,0.08,1,markdaddy
1950,15643224,Rahul,2026-04-18 09:08:21,0.08,1,rahulatrkm
1951,15497364,Cuda Musume,2026-07-03 16:26:26,0.08,3,"chakrabhuanavdeva,gerryweber"
1952,15699347,Oskar Seweryn,2026-05-08 07:23:06,0.08,2,oskarseweryn
1953,16551905,Vladislav Babichev,2026-07-18 01:16:41,0.08,1,vladislavbabichev
1954,15487386,Evan Pieser,2026-06-19 00:27:57,0.08,3,evanpieser
1955,15492339,せいき,2026-03-29 13:58:56,0.08,2,gzyztc
1956,15517835,pexoML,2026-04-04 09:11:34,0.08,3,pexoml
1957,15836656,Sutee,2026-05-10 08:28:46,0.08,2,lszlst
1958,15985981,YUXIANG0853,2026-05-26 13:27:20,0.08,3,yuxiang0853
1959,16102239,Abhay Gupta,2026-05-28 18:59:18,0.08,1,abhaygupta404
1960,15487749,fnhirwa,2026-06-04 11:30:45,0.08,3,fnhirwa
1961,16157279,Ahmed Sobeih,2026-06-05 02:19:29,0.08,2,ahmedsobeih
1962,16297653,satyamsingh5512,2026-06-15 06:23:52,0.08,4,satyamsingh5512
1963,15841376,Afro AI,2026-06-16 07:22:33,0.08,10,aosanya
1964,16103492,Rubens Sosa,2026-06-28 01:54:27,0.08,4,rubenssosa
1965,16428391,GoodRelax,2026-06-30 12:59:08,0.08,3,goodrelax
1966,15940100,JINGBO SHI,2026-06-30 05:20:47,0.08,1,sherlockucb
1967,16077130,Ghbmaster,2026-07-21 13:13:33,0.08,3,ghbmaster
1968,15549210,Sardor Razikov,2026-08-05 10:16:41,0.08,6,sardorrazikov
1969,16404154,Boh,2026-07-15 18:47:04,0.08,2,bijiumi
1970,15657776,ignace mutuza,2026-07-19 08:55:32,0.08,8,ignacemutuza
1971,16500691,Vyomakesh Dundigalla,2026-07-24 17:41:49,0.08,3,vyomakeshdundigalla
1972,16634065,kuangfeng,2026-08-02 01:08:13,0.08,2,kuangfeng
1973,16693920,Muheng,2026-08-09 14:35:25,0.08,1,muheng
1974,16510962,Adrien Thomas,2026-08-14 03:10:54,0.08,5,adrienthomas
1975,16722258,Nilutpal Pathak,2026-08-14 18:21:15,0.08,1,neel21yt
1976,16268658,kiritohhhhh,2026-06-19 08:58:55,0.08,1,txdyhs
1977,16555623,Kent Takamatsu,2026-07-21 01:15:21,0.08,2,kenttakamatsu
1978,15487928,YERMES AMINE,2026-03-26 21:26:15,0.08,2,yermes
1979,15716261,John Taylor (AI),2026-08-15 00:02:02,0.08,20,johntaylorai
1980,16716052,yosi,2026-08-13 07:19:28,0.08,1,yositw3824
1981,16093040,Qianhao Yao,2026-06-13 11:55:44,0.08,2,yaoqianhao
1982,16086045,Praxis tools,2026-06-10 20:24:40,0.08,1,praxistools
1983,16607916,orangger,2026-07-28 07:18:41,0.08,1,orangger
1984,16714597,Cole Godfrey1,2026-08-13 02:05:25,0.08,1,colegodfrey1
1985,16582867,Lazyman,2026-08-10 02:45:00,0.08,1,lazyman
1986,16530791,Kyles Light,2026-07-11 05:11:23,0.08,1,kyleslight
1987,16292501,Chance Pickett,2026-06-10 21:37:07,0.08,1,chancepickett
1988,15504183,Luka Popovici,2026-03-27 23:39:49,0.08,1,lukapopovici
1989,16671699,sabari nathan,2026-08-08 08:02:10,0.08,3,sabarinathan
1990,16197314,Shubham Veer,2026-06-24 05:29:12,0.07,1,shubhamveer
1991,16422666,Sapiens Livre,2026-06-27 03:17:12,0.07,4,sapienslivre
1992,15930504,addi,2026-05-13 08:16:38,0.07,1,addi11
1993,15708044,[Deleted] a886bc33-8817-4775-a243-50321ef72a07,2026-04-26 19:52:12,0.07,2,del=b331b9c946b1b426
1994,15879401,LucyHe2,2026-05-06 22:27:42,0.07,1,lucyhe2
1995,16144803,MSG_Encrypted,2026-06-07 21:36:48,0.07,3,msghais
1996,15551669,Mark Coffey,2026-06-15 05:15:14,0.07,1,sasquilly
1997,15528577,kagglewangtang,2026-06-15 06:01:06,0.07,2,kagglewangtang
1998,15501158,Arunkumar dsci,2026-04-15 09:43:16,0.07,2,arunkumardsci
1999,16564803,dongfangdaguo,2026-08-09 08:30:14,0.07,2,dongfangdaguo
2000,15996416,Trung Nghia,2026-08-10 15:19:19,0.07,1,trungnghia
2001,16368320,Kyrenic,2026-08-15 02:41:18,0.07,4,kyrenic
2002,15566888,Arpit Singh Gautam,2026-04-08 21:45:42,0.07,1,arpitsinghgautam
2003,15833254,Poseidon,2026-05-07 23:14:06,0.07,3,posiedon
2004,16554964,clouds111,2026-07-29 07:27:27,0.07,1,clouds111
2005,16016320,Dengyi Liu,2026-05-20 03:20:47,0.07,1,dengyiliu
2006,15494712,Hasnaa Bennis,2026-04-24 15:50:33,0.07,2,hasnaabennis
2007,15655993,LarissaWF,2026-04-22 19:09:34,0.07,1,larissawf
2008,15496361,CheeseMaster,2026-03-26 16:55:43,0.07,1,timissosmart
2009,15889979,devomage,2026-06-19 01:36:51,0.07,8,devomage
2010,16562789,Preet,2026-07-25 18:14:19,0.07,1,hpkaur34
2011,16604162,LC-Swordsmen,2026-08-04 13:42:27,0.07,5,"jackylegends,ztcstudy"
2012,15505169,Deptrais1VN,2026-04-02 09:20:43,0.07,3,shiinehata
2013,16284941,Paul Piper,2026-06-11 11:33:29,0.07,1,paulmpiper
2014,16685812,Abasu,2026-08-10 00:46:23,0.07,2,abasu644
2015,16434341,Al Kibriar Hossain,2026-06-25 17:07:49,0.07,1,iamkhs
2016,16383087,Super Humanoid,2026-06-29 02:59:15,0.07,2,superhumanoid
2017,16143078,petkovacs,2026-06-01 13:10:14,0.07,1,petkovacs
2018,16483350,koyama_ryuji,2026-07-03 21:29:17,0.07,1,koyamaryuji
2019,15660025,arodmor,2026-07-13 18:04:10,0.07,1,arodmor
2020,16578050,ashsah,2026-07-21 02:06:59,0.07,1,ashsah
2021,16294943,Ömer Berkay Sarıgül,2026-06-11 01:52:00,0.07,1,omerberkaysarigul
2022,16208382,weiyi,2026-06-05 01:03:19,0.07,2,txdywy
2023,16610154,Wodo888,2026-08-12 14:19:17,0.07,12,wodo888
2024,16278020,flyingfox,2026-06-27 14:45:47,0.07,1,harrysun2006
2025,16585180,Yuchen Liu,2026-07-25 08:28:46,0.07,2,lyc070510
2026,16593632,Neko Core,2026-07-24 12:24:41,0.06,1,holilihu
2027,15542847,code4me2,2026-04-13 21:05:53,0.06,1,code4me2
2028,15984317,Zeref12344321,2026-05-20 19:04:39,0.06,6,zeref12344321
2029,16021260,Kushagra Bhushan,2026-05-19 11:27:26,0.06,1,kushagrabhushan
2030,16706846,Thierry Tuz,2026-08-14 05:16:49,0.06,2,thierrytuz
2031,16574597,c.e hsiao ,2026-07-21 07:44:40,0.06,1,cehsiao
2032,16671409,Thiago Farya,2026-08-10 12:05:18,0.06,2,thiagofarya
2033,16157264,raywu918python,2026-06-04 01:33:14,0.06,3,raywu918python
2034,15951910,Jim Jardine,2026-07-23 00:22:58,0.06,1,jimjardine
2035,16662968,Rangga Figo Hidayat,2026-08-05 07:06:51,0.06,1,aproditzecaspersky
2036,15515989,jessie riggle,2026-07-04 22:44:16,0.06,2,lashagogilidze
2037,15501055,Omar Isbaitan,2026-05-01 14:47:31,0.06,2,omarisbaitan
2038,16599680,Michal Swietek,2026-07-25 20:38:52,0.06,1,michalswietek
2039,15661391,Anna Barbato,2026-05-20 01:05:04,0.06,3,annabarbato
2040,15812600,HomieDaddy,2026-07-02 10:41:32,0.06,8,homiedaddy
2041,15545278,Tra Crew,2026-04-03 08:18:43,0.06,1,tracrew
2042,15546133,roc,2026-04-05 19:01:22,0.06,1,roebius
2043,15493616,STARGA,2026-06-30 12:35:44,0.06,1,cputer
2044,15883359,adhithyan u,2026-05-20 15:52:42,0.06,1,adhithyanu03
2045,16536319,Jiantao Zhao,2026-07-17 13:44:15,0.06,2,gordan123
2046,16595314, simplicity,2026-07-27 21:01:23,0.06,3,simplicity
2047,16677330,fistyee,2026-08-15 04:15:55,0.06,1,fistyee
2048,16640841,tang yangzhou,2026-08-04 01:09:46,0.06,2,tangyangzhou
2049,15702712,Opoch,2026-04-25 12:31:40,0.06,1,dvcoolster
2050,15899313,elmwood,2026-06-25 02:35:19,0.06,2,mmarsh5528
2051,15538912,jmorales,2026-06-11 03:46:41,0.06,8,javiermoralesestevez
2052,16552856,Warren Faassen,2026-07-20 14:13:37,0.06,5,warrenfaassen
2053,15513259,Nicolae Pascal,2026-07-30 07:59:20,0.06,4,nicolaepascal78
2054,16716143,Ianwah,2026-08-14 01:07:59,0.06,1,ianwah
2055,15491261,Hiyato,2026-03-27 01:21:32,0.06,2,hiyato
2056,15503157,Shreas Labib,2026-03-28 23:20:01,0.06,2,shreaslabib
2057,15487960,Stephen Kaskin,2026-05-25 11:06:21,0.06,6,stephenkaskin
2058,15487036,JeffFosterUK,2026-03-28 18:50:19,0.06,1,jefffosteruk
2059,15516534,OneUpKiwi,2026-04-02 07:35:33,0.06,3,oneupkiwi
2060,15745740,gyindeu,2026-04-30 16:57:39,0.06,2,gyindeu
2061,15663369,Nobel16,2026-05-20 04:07:34,0.06,1,nobel16
2062,15629748,Felix,2026-05-28 05:51:58,0.06,1,accidentalbrain
2063,16233392,Ruirong Feng,2026-07-07 20:14:22,0.06,5,ruirongfeng
2064,15530697,sasaki,2026-07-13 11:41:44,0.06,2,rsasaki
2065,16678230,Holsoul,2026-08-07 05:27:47,0.06,1,holsoul
2066,16032816,David Hartmann,2026-08-14 09:42:48,0.06,19,"dvhrtm,sbrodehl"
2067,16666743,mina wailin,2026-08-14 01:25:07,0.06,7,minawailin
2068,16532484,Alex Sehdeva,2026-08-15 02:21:19,0.06,28,alexsehdeva
2069,16400723,Vighnesh Deshpande,2026-06-20 08:55:24,0.06,1,deltaproxima
2070,16037188,Aastik Rajan15,2026-05-22 22:41:10,0.06,2,aastikrajan15
2071,16041599,AhmedberaT Ozer,2026-05-21 19:02:53,0.06,1,ahmedberatozer
2072,16538233,dozcat,2026-07-19 05:53:15,0.06,4,dozcat
2073,16698305,Takuma Kojima,2026-08-10 07:23:25,0.06,1,takumakojima
2074,16691339,zhongtian,2026-08-08 14:15:12,0.06,1,kmtbang
0,15485223,Just Explore,2026-03-25 00:34:54,0.06,1,
2075,16690521,Aditya #2,2026-08-09 02:17:10,0.05,1,a0x1ab
2076,15652099,Mohaned Najar,2026-05-07 08:28:32,0.05,6,mohanednajar
2077,15822703,Cheesecake,2026-07-07 02:39:46,0.05,5,chelseaaurel
2078,16675756,enes1359,2026-08-06 16:19:25,0.05,1,enzeceb
2079,15494467,Blade Runner,2026-03-27 08:18:32,0.05,1,lonesomefish
2080,16301451,Sarfaraz Ahamed,2026-06-13 13:17:40,0.05,1,sarfarazahamed
2081,15493007,Imaad Fazal,2026-06-29 07:43:07,0.05,1,imaadfazal
2082,15748139,Hunter,2026-05-06 10:34:49,0.05,5,satishhanchinal
2083,16368288,Atom McCree,2026-06-22 12:41:45,0.05,2,atommccree
2084,15506544,Geby Jaff,2026-03-29 07:22:43,0.05,2,gebyjaff
2085,16693306,Hongxin Su,2026-08-09 07:54:33,0.05,1,hongxinsu
2086,16579795,tobeMob,2026-07-23 10:56:06,0.05,1,tobemob
2087,16536163,Team GI,2026-07-14 00:47:10,0.05,1,mortadhaali
2088,15738880,Sean McGee,2026-05-16 00:37:13,0.05,3,seanmcgee2025
2089,16115562,JackLX,2026-06-22 19:13:10,0.05,1,jacklx
2090,15718994,wzk1015,2026-04-23 13:26:45,0.05,1,wzk1015
2091,15495411,Jin Niu,2026-03-26 14:41:32,0.05,1,gufanmingmie
2092,15487848,sigmaborov,2026-03-25 21:33:18,0.05,1,sigmaborov
2093,15509754,Thomas Greissler,2026-03-29 00:22:16,0.05,1,thomasg22202020
2094,16691314,EricYang03,2026-08-09 00:03:00,0.05,2,ericyang03
2095,16377188,ddplay03,2026-06-27 09:15:59,0.05,1,ddplay03
2096,15525344,vividmind,2026-04-09 15:37:06,0.05,1,frozenorb
2097,16682521,Saber #2,2026-08-08 22:59:21,0.05,2,kagurakurage
2098,15625666,Mingeon Kim,2026-04-28 22:03:31,0.05,8,maeng31
2099,15743819,Abd-alrhman,2026-05-29 17:54:18,0.05,2,abdalrhman2212
2100,16713253,bsqaqovo,2026-08-13 01:54:25,0.05,1,bsqaqovo
2101,16448425,Dmytro Rakovskyi,2026-07-18 21:15:40,0.05,3,dmytrorakovskyi
2102,16300602,YUKI OBARA,2026-06-11 16:06:39,0.05,1,yukiobara
2103,16724574,egangu,2026-08-15 08:16:59,0.05,1,egangu
2104,16719829,Mohammed Nomaan,2026-08-15 02:07:35,0.05,2,nomaanz
2105,15952276,David Li,2026-05-14 02:30:22,0.05,1,davidli2018
2106,15922138,Santiago D. J. V. G.,2026-06-15 20:31:37,0.05,1,seasthaalores
2107,15990682,pantrucas,2026-05-17 03:14:58,0.05,2,pantrucas
2108,16482651,Roy Lampe,2026-07-05 21:06:21,0.05,1,roylampe
2109,16444597,bohemian3657,2026-06-27 22:23:44,0.04,1,bohemian3657
2110,15971997,Hem Viramgama,2026-05-14 13:45:11,0.04,1,hemviramgama
2111,15660252,Blazooka,2026-05-12 12:34:33,0.04,1,cucurbitaceum
2112,15524360,JunjieZhong,2026-04-02 08:58:27,0.04,1,zephyrchilly
2113,16255768,jakkkc,2026-06-07 05:15:05,0.04,1,jakkkc
2114,15614439,Yogesh Jadhav,2026-08-14 04:44:12,0.04,4,dynamo14324
2115,15565022,Sterna Lucas,2026-04-26 19:25:16,0.04,1,sternalucas
2116,16005913,Sheldon Henriques,2026-05-17 20:46:59,0.04,1,sheldonhenriques
2117,16408996,Wu You,2026-06-30 23:58:53,0.04,2,yoevergarden
2118,16705241,Sima Yi,2026-08-11 04:48:57,0.04,1,aceplayer11
2119,15504516,Francis Ndirangu,2026-06-30 00:21:22,0.04,2,frankkojee
2120,16212098,Dhirpal Shah,2026-06-04 18:40:44,0.04,1,dhirpalshah
2121,16213573,White Lee,2026-06-04 07:41:10,0.04,1,tokaiteio114514
2122,16716199,ShuShu0401,2026-08-14 05:03:42,0.04,1,shushu0401
2123,16569312,Norman Neira,2026-07-24 23:38:46,0.04,1,normanneira
2124,16481217,Giulio,2026-07-06 00:17:45,0.04,4,giudo85
2125,16597934,Nehemiah Balozi,2026-07-25 11:17:34,0.04,1,nehemiahbalozi
2126,16055721,spacekkk,2026-06-01 13:38:45,0.04,1,spacekkk
2127,16328524,kalisto theo willaey,2026-06-13 16:39:52,0.03,1,kalistotheowillaey
2128,15946448,HKLucian,2026-05-13 08:38:43,0.03,1,hklucian
2129,16514055,Ollyhhhh,2026-07-10 00:23:49,0.03,1,ollyhhhh
2130,16451672,vinhdq17,2026-06-29 15:05:19,0.03,1,vinhdq17
2131,15912179,Dmitrii Gluzdov,2026-05-24 09:14:21,0.03,1,dmitriigluzdov
2132,15504738,AidenSong123,2026-03-29 01:14:19,0.03,1,aidensong123
2133,16377136,stoneworld,2026-07-01 00:01:20,0.03,3,thestarsea
2134,15492601,Raffi Ardhi Naufal,2026-03-29 10:50:34,0.03,1,raffiardhi
2135,15505149,[Deleted] be3f9888-a2cf-43ea-8a87-65c9ec1342ea,2026-03-28 03:45:12,0.03,1,del=6caa06b6f93c8e87
2136,15508153,[Deleted] cfcf3a12-2595-4671-b4a5-b9cf2df743f6,2026-03-28 15:21:24,0.03,1,del=d08a8a2f3da206df
2137,16410539,Toussaint,2026-06-29 14:41:56,0.03,1,captaindadja
2138,16459127,func-nano,2026-06-30 11:55:12,0.03,1,funcnano
2139,16710644,Arnav Mishra #2,2026-08-13 05:18:29,0.03,2,arnavmishra02
2140,16581219,Shreeshail Bhatta,2026-07-28 06:51:45,0.03,1,"jasonl126,shreeshailbhatta"
2141,16678058,2hani2,2026-08-07 06:52:52,0.03,1,venisatellis
2142,15998137,AIOPSAI,2026-05-16 22:14:21,0.03,1,aiopsai
2143,15504774,[Deleted] dc0f7a78-0d32-4f41-9672-f10150e45e5f,2026-03-28 01:25:51,0.03,1,del=59b016eccf073c77
2144,15504870,[Deleted] 8d2f140f-89b5-4525-a951-ca5ff685ea9d,2026-03-28 02:21:26,0.03,1,del=b522e068b119bc0a
2145,16565686,TheGravityZero,2026-07-27 09:28:14,0.03,3,gaptulkhakov
2146,16639552,MD IBRAHIM,2026-08-09 00:14:16,0.03,5,plasmacoder210
2147,15988786,Ilakk manoharan,2026-08-15 14:12:46,0.03,54,ilakkmanoharan
2148,16219405,ultimatum_game,2026-06-08 06:22:02,0.03,1,ultimatumgame
2149,15831308,Abinav Chandar,2026-05-02 18:21:13,0.03,1,abinavchandar
2150,15514828,llllyz,2026-04-21 12:14:38,0.03,1,llllyz
2151,16455238,[Deleted] 3a47646f-6ceb-4a06-95db-7abf478e0f41,2026-06-30 23:47:51,0.03,1,del=6bcd409465dcfd3b
2152,16312438,Biao,2026-06-14 07:58:55,0.03,1,wubiaowindy
2153,15620908,Zafer Liu,2026-04-16 00:11:29,0.03,1,zaferliu
2154,15631522,Ram Janam Yadav,2026-04-16 14:22:22,0.03,1,ramjanamyadav
2155,16716152,JHkaggle2026,2026-08-14 01:26:11,0.02,1,jhkaggle2026
2156,16594698,沼里太誠,2026-07-25 01:52:19,0.02,1,numaritaisei
2157,16021600,Baihua Xie,2026-07-09 01:56:22,0.02,1,baihuaxie1123
2158,15900482,Mianhua07,2026-05-18 20:57:45,0.02,1,mianhua07
2159,15610959,Volkan,2026-04-13 19:27:03,0.02,1,volkan97
2160,15773495,163231040-A2-MOCH. SHULTAN ALI S,2026-04-29 02:16:21,0.02,1,mochshultanalis
2161,16620515,Paulo Abelha,2026-08-09 23:52:58,0.02,6,pauloabelha
2162,16638255,Kushvinth Madhavan,2026-08-01 16:33:09,0.02,1,kushvinthmadhavan
2163,16683943,Sana Ben Driss,2026-08-07 09:57:51,0.02,1,sanabdriss
2164,16396357,Maryam Tahir,2026-07-04 03:28:28,0.02,2,maryamtahir09
2165,16369711,Rounak Mukherjee,2026-07-08 06:13:13,0.02,2,zade799
2166,16308848,Longfei Xing,2026-06-18 02:15:36,0.02,6,longfeix
2167,15904549,abcd,2026-06-17 06:06:18,0.02,1,tbmoon
2168,16483802,Zen dovid,2026-07-05 22:58:28,0.02,1,zendovid
2169,16326499,ershan23,2026-06-13 12:52:34,0.02,1,ershan23
2170,16046511,Pencil_Boxtime,2026-06-03 12:20:39,0.02,1,pencilboxtime
2171,15836123,Nick Lade,2026-05-03 17:09:14,0.02,1,nicklade
2172,16285734,zzgtylors,2026-07-23 03:18:07,0.02,1,zzgtylors
2173,16453621,chiehchang711,2026-08-11 12:22:23,0.02,1,chiehchang711
2174,15517514,Space Kangaroo,2026-06-30 23:06:55,0.02,11,spacekangaroo
2175,16281458,Lucas Lorenzo Savino,2026-06-10 00:00:32,0.02,2,lucaslorenzosavino
2176,16021605,QuchengG,2026-06-01 13:08:09,0.01,4,quchengg
2177,16088164,Rohan Alex Bimal,2026-05-27 03:13:40,0.01,1,rohanalexbimal
2178,15486757,Datrin,2026-03-25 17:55:24,0.01,1,datrin
2179,16228625,bami44,2026-06-08 14:15:19,0.01,1,bami44
2180,16705503,Kevin Li,2026-08-15 07:16:57,0.01,1,kevinli82
2181,16614253,gautik,2026-07-30 09:47:04,0.01,1,crossgg
2182,16034145,Jyzzzzzzzzzz1,2026-05-20 15:34:57,0.01,1,jyzzzzzzzzzz1
2183,15584837,🫎.🍷,2026-04-08 14:34:28,0.01,1,"aweiqih,evelynhxy"
2184,15700798,ziom,2026-06-18 21:59:15,0.01,1,ziombski
2185,16557388,china LZU,2026-07-17 04:26:31,0.01,1,chinalzu
2186,16545610,awxlong,2026-07-23 09:05:45,0.01,2,awxlong
2187,16702239,Kensei Furuya,2026-08-13 05:04:06,0.01,1,furuken0527
2188,16715965,AlanHsu_AI0116,2026-08-14 01:44:23,0.01,2,alanhsuai0116
2189,16155138,VillanelleXY,2026-06-02 08:32:51,0.01,1,villanellexy
2190,16051675,Klenio Padilha,2026-06-23 07:09:50,0.01,2,kleniopadilha
2191,16672387,Li Dongyuan,2026-08-06 05:37:57,0.01,1,lidongyuan00
2192,16497933,ni zhengqi,2026-07-07 03:34:21,0.01,1,nizhengi
2193,16561355,Kenny McCormick,2026-07-18 01:54:42,0.01,1,swishy
2194,15520477,Liviu Olos,2026-04-27 03:00:18,0.01,3,liviuolos
2195,16095411,Tuf Kookie,2026-06-12 05:42:33,0.01,2,bernubritz
2196,15759421,Nico Burger,2026-06-12 12:04:45,0.01,1,nicoburger
2197,15523389,rickzai,2026-04-25 00:15:47,0.01,1,rickzai
2198,15522865,mingiJ,2026-04-03 06:53:28,0.01,1,mingij03
2199,15994024,Sirmos34,2026-05-20 02:24:06,0.01,3,sirmos34
2200,15545397,RODNEY MAWERO,2026-04-03 08:42:19,0.01,1,rodneymawero
2201,15486980,kryptmancer,2026-04-13 08:48:27,0.00,2,aryankafle004
2202,16578998,zly2377,2026-08-10 05:43:43,0.00,9,zly2377
2203,15512139,Jakob Schellenberg,2026-05-07 14:11:10,0.00,5,jakobschellenberg
2204,15741495,Aritra Mazumder,2026-04-26 04:33:20,0.00,1,aritramazumder
2205,16716147,Sam Huang,2026-08-15 12:20:43,0.00,1,samhuang1974
2206,16407725,sidd,2026-07-31 06:27:25,0.00,3,siddanth5
2207,16716164,Eric Lin,2026-08-14 00:32:02,0.00,1,ericlin900111
2208,16716179,吳炳輝Jacky0916086,2026-08-14 01:40:36,0.00,1,jacky0916086
2209,15998011,Leonardo Domingues,2026-06-24 20:44:52,0.00,2,leonardodomingues
2210,15495117,Memento,2026-04-10 13:51:52,0.00,1,yihangchen1
2211,15625348,Shigeru Kuroyanagi,2026-04-16 08:57:16,0.00,1,shiger
2212,15495643,Arnav Salkade,2026-05-13 03:32:14,0.00,4,arnavsalkade
2213,16351525,SERG4NT,2026-06-16 08:42:54,0.00,1,serg4nt
2214,16701908,jealoussoil,2026-08-11 23:29:36,0.00,1,jealoussoil
2215,15493435,indhiran ,2026-03-27 02:12:47,0.00,1,indhiran
2216,15817082,Niloy Deb Barma,2026-07-06 16:44:34,0.00,1,niloydebbarma
2217,16327205,Wilson Mugabo,2026-06-13 16:56:39,0.00,1,wmugabo
2218,15570326,Junki Kanamori,2026-04-07 11:56:49,0.00,1,junkikanamori
2219,15994610,Muhammad Saeed Pak,2026-06-30 19:10:36,0.00,1,muhammadsaeedpak
2220,15494495,Preechanon Chatthai,2026-03-27 09:32:43,0.00,2,saouza007
2221,16583927,Rainbow,2026-07-22 04:38:51,0.00,1,visterbai
2222,16338364,Sonam Eyden,2026-06-18 14:22:41,0.00,3,sonhujkjk
2223,15492056,PRIYANSHU PRAJAPATI,2026-06-10 14:00:41,0.00,2,pentesterpriyanshu
2224,16407537,RhAE,2026-06-21 12:02:11,0.00,1,michaelroust
2225,16040804,Rayen BEN ABDALLAH 88,2026-06-03 01:37:02,0.00,1,rayenbenabdallah88
2226,15583830,Mohit,2026-08-12 05:03:42,0.00,4,mohit98765
2227,16585027,BastiitsaB,2026-07-23 18:36:08,0.00,2,bastiitsab
2228,16380944,SONAM EYDEN,2026-06-18 04:18:25,0.00,2,sonameyden
2229,15490131,DECEM,2026-03-28 00:18:54,0.00,2,zy1343930734
2230,15496145,aurascoper,2026-03-28 02:53:18,0.00,1,aurascoper
2231,15502949,Markus.JM,2026-04-11 07:29:18,0.00,5,maiernator
2232,15516003,KDZZZZZZ,2026-04-01 04:01:27,0.00,1,kdzzzzzz
2233,15551551,Shusuke Hayashi,2026-04-05 19:33:49,0.00,2,shusukehayashi
2234,15532162,umineko_kirie,2026-04-07 17:39:21,0.00,2,uminekokirie
2235,15539529,Bifurcation Lab,2026-04-05 18:50:16,0.00,1,bifurcationlab
2236,15561389,David Swift,2026-04-05 23:36:57,0.00,1,davidswift0920
2237,15487312,AyushmanKumar819,2026-04-08 07:39:51,0.00,1,ayushmankumar819
2238,15525370,ric,2026-04-08 08:49:01,0.00,1,ricardomrodrguez
2239,15566103,Shashank K C,2026-04-09 20:54:38,0.00,1,shashankkc
2240,15587207,Raunav Mendiratta,2026-04-10 01:08:53,0.00,1,raunavmendiratta
2241,15587555,Alx Spiker,2026-04-10 03:23:43,0.00,1,alxspiker
2242,15603705,Akash Kumar Barnwal,2026-04-12 16:14:35,0.00,1,sumeakash
2243,15509929,Beckett Dillon,2026-04-12 19:48:02,0.00,1,beckettdillon
2244,15496262,haseeb ahmad,2026-04-18 04:52:31,0.00,1,hasib007
2245,15642540,MAGMA COT,2026-04-18 05:44:59,0.00,1,magmacot
2246,15670977,skeey,2026-04-29 07:22:11,0.00,3,skeeyyann
2247,15672042,Aisha AL Mahmoud,2026-04-27 19:12:22,0.00,1,aishaalmahmoud
2248,15734660,NOBITA_7,2026-04-28 00:13:14,0.00,1,nobita7
2249,15515403,Gainulla Yeraly [dsmlkz],2026-04-28 03:37:05,0.00,1,eralygainulla
2250,15633520,Nikodim Svetlichnyi,2026-06-13 15:27:06,0.00,2,nikodimsvetlichnyi
2251,15842949,Shin7jp,2026-05-06 13:20:46,0.00,2,shin7jp
2252,15732123,Virgile86,2026-05-06 12:35:04,0.00,2,virgile86
2253,15869490,Sushanth,2026-05-08 21:03:24,0.00,2,sushanthmoole
2254,15827410,Anurag Sati6476,2026-05-09 14:36:18,0.00,1,anuragsati6476
2255,15513830,Joep van Opdorp,2026-05-10 19:54:49,0.00,1,joepvanopdorp
2256,15943252,Fred Wieser,2026-05-13 01:25:53,0.00,1,fredwieser
2257,15904529,Quantumized,2026-05-14 02:11:33,0.00,1,quantumized
2258,15988814,Malps,2026-05-15 22:48:28,0.00,1,riccardomalps2000
2259,16027629,Xin Xiang_000,2026-05-20 04:33:43,0.00,1,xinxiang000
2260,15639490,Marta Reinhardt - RS,2026-05-21 10:14:36,0.00,2,martareinhardtrs
2261,15741523,Tim Haserjian,2026-05-22 00:00:59,0.00,1,timhaserjian
2262,15582869,Yu-Yang Chen,2026-05-24 15:23:44,0.00,3,chen195
2263,16029284,Nikoo Yu,2026-05-22 07:17:29,0.00,1,nikooyu
2264,16053363,BIGHUB,2026-05-29 07:59:44,0.00,1,bighub
2265,16129644,vortex,2026-05-31 08:06:18,0.00,1,rewveortex
2266,15943543,VAGNER DANIEL DE VARGAS,2026-05-31 22:32:30,0.00,1,vagnerdanieldevargas
2267,16213381,Clawdy Huang (Andy's AI),2026-06-06 00:15:36,0.00,3,clawdyhuang
2268,15504632,Eissam.0,2026-06-08 14:08:12,0.00,1,eissam0
2269,16265567,Philip Vonderlind,2026-06-12 09:20:10,0.00,3,philipvonderlind
2270,16213443,Elington Machoka,2026-06-12 00:59:09,0.00,3,elingtonmachoka
2271,16299391,Darshan BR,2026-06-11 11:51:48,0.00,1,darshandarshu081
2272,16316026,Nguyễn Châu Tấn Cường,2026-06-13 05:47:24,0.00,2,nguynchutncng
2273,16332258,Tanmoy Pramanik,2026-06-14 03:26:48,0.00,1,tanmoypramanik07
2274,16337443,yuji y,2026-06-14 14:58:34,0.00,1,yujiyyy
2275,15657537,Pranay,2026-06-19 12:18:55,0.00,2,pranay7867
2276,16363221,seowoohyeon,2026-06-25 01:11:41,0.00,6,seowoohyeon
2277,16384246,Deng xinhang,2026-06-17 19:32:40,0.00,1,dengxinhang
2278,16399913,Cyrill Püntener,2026-06-21 15:18:36,0.00,2,cyrillpntener
2279,16369505,AlexN,2026-06-20 19:18:49,0.00,1,alexandrnikitin
2280,16375707,Faizal,2026-06-21 07:29:32,0.00,1,jaycrys
2281,16405985,Dima Staroselskyi,2026-06-24 12:38:42,0.00,2,dimastaroselskyi
2282,16092092,rjbl15184,2026-06-22 14:52:56,0.00,1,rjbl15184
2283,15640926,Yasser,2026-06-30 08:09:52,0.00,9,ressuy
2284,16376654,LêNhậtTân,2026-06-26 02:30:23,0.00,1,lenhattan86
2285,15531100,annyhelenv,2026-06-29 02:20:58,0.00,2,annyhelenv
2286,16445060,nonozzz,2026-06-28 03:51:59,0.00,1,nonozzz
2287,15930799,snuth,2026-06-29 04:12:00,0.00,2,nuthsharsh
2288,16439679,Xueqing Gao,2026-06-29 07:09:00,0.00,1,xueqinggao
2289,16385154,The Stoa,2026-06-29 23:11:56,0.00,1,thestoa
2290,16455784,King424242,2026-07-01 13:11:14,0.00,2,king424242
2291,16438058,Siel,2026-06-30 11:42:20,0.00,1,aeshmadaeva
2292,16416544,tasfuuu,2026-06-30 18:12:13,0.00,1,tasfuu17
2293,15514789,ArunMMadhu,2026-07-02 00:43:59,0.00,3,arunmmadhu
2294,16435264,KognitiveEngine,2026-06-30 21:23:14,0.00,1,kaihuchen
2295,16480717,Dmitry Belan,2026-07-03 10:26:07,0.00,1,dimong4
2296,16481572,zhuo wamg,2026-07-03 11:45:20,0.00,1,zhuowamg
2297,16483995,Tuan Nguyen,2026-07-04 02:04:21,0.00,1,manhtuanbn12
2298,16401346,AmaTiTa,2026-07-05 12:16:56,0.00,2,amatita
2299,16436251, Sai Chandu Lakkimsetti,2026-07-14 05:12:21,0.00,4,saichandulakkimsetti
2300,16518072,Sibaram Moharana,2026-07-11 20:15:15,0.00,2,texti0
2301,16480798,nlinhdangiu,2026-07-11 11:31:58,0.00,1,nlinhdangghet
2302,16552129,another1231245,2026-07-15 22:58:15,0.00,1,another1231245
2303,16380303,Manju S.N,2026-07-17 14:20:06,0.00,1,manjusn
2304,16464954,Hyunwoo_Park,2026-07-19 22:24:30,0.00,1,uts3125014010829
2305,16577113,NGABO FREDDY,2026-07-20 21:03:35,0.00,1,ngabofreddy
2306,16466160,Sara Neri,2026-07-21 21:41:46,0.00,1,saraneri0113
2307,15497426,Alaina Scott,2026-07-21 22:34:21,0.00,1,tensorhusker
2308,16499382,Rohit Narain,2026-07-22 14:20:46,0.00,1,damnimportant
2309,15611557,Anstey Research Group,2026-07-25 10:56:41,0.00,2,georgeanstey
2310,16588761,Constantine Vassilev,2026-08-15 01:11:05,0.00,6,constantinevassilev
2311,15503810,Dr. Mikholae Hutchinson,2026-07-31 02:30:32,0.00,3,drmikholaehutchinson
2312,16261270,alekh,2026-08-08 01:34:20,0.00,3,aleksanderhan
2313,16509234,ShuhratMaks,2026-08-06 18:00:16,0.00,5,shuhratmaks
2314,16634813,Adam n,2026-08-02 01:47:50,0.00,1,chowagent
2315,16656814,Hilbate,2026-08-04 07:25:10,0.00,1,hilbate
2316,16623184,TheFusionCube,2026-08-09 04:37:07,0.00,3,thefusioncube
2317,16634264,Yuvashree SD,2026-08-05 14:04:31,0.00,1,yuvashreesd
2318,16668013,FLYK67l,2026-08-08 13:04:20,0.00,2,flyk67l
2319,16667904,Francisco Cardia,2026-08-09 00:29:16,0.00,3,fcscardia
2320,16698216,Josh Philbrick,2026-08-10 04:55:46,0.00,1,joshphilbrick
2321,16584722, Diosardo,2026-08-13 12:44:58,0.00,3,diosardo
2322,16629050,Pyouneetm,2026-08-11 18:13:28,0.00,1,pyouneetm
2323,16713919,green algeria,2026-08-12 20:20:03,0.00,1,greenalgeria
2324,16548143,Kenneth Lie,2026-08-13 13:02:01,0.00,1,kennethlie16
2325,16713070,Abu Kayyisah Basyid,2026-08-15 00:57:02,0.00,2,abukayyisahbasyid
2326,16721325,Limidet Pro,2026-08-14 08:47:20,0.00,1,limidetpro
2327,16457997,Linbo Hui,2026-08-15 09:44:28,0.00,1,huilinbo
2328,16723589,sissoko cheick,2026-08-15 11:46:28,0.00,1,sissokocheick
