Rank,TeamId,TeamName,LastSubmissionDate,Score,SubmissionCount,TeamMemberUserNames
1,16364346,cstl,2026-08-24 15:35:26,5.99,35,"gatamaz,tehnar"
2,16371045,Lord Han Solo,2026-08-24 22:38:33,4.99,42,lordhansolo
3,15486995,Tufa Labs,2026-08-24 15:48:08,4.58,117,"dlorah,driessmit1,infinitecreativity,jeroencottaar,pressman1,stefano1283"
4,16665305,Tony G,2026-08-24 00:02:25,3.17,11,junvalue
5,16384837,Daniel Franzen,2026-08-24 19:33:55,2.88,51,dfranzen
6,15497833,Tony Li,2026-08-24 04:54:42,2.80,10,tonylica
7,16296124,Tatu Helander,2026-08-25 00:00:35,2.78,71,tatuhelander
8,15906822,Akhil Tolani,2026-08-24 07:42:35,2.73,76,saltb0x
9,16617501,AbeLincoln1865,2026-08-24 09:33:44,2.72,16,abelincoln1865
10,15972322,wking edewd,2026-08-22 02:47:50,2.70,3,wkingedewd
11,16766034,Diya Sharma,2026-08-24 11:20:25,2.69,1,diyasharmanexa
12,15653548,The AGI Boys,2026-08-24 07:17:37,2.66,45,"johnjanson,naladwepo,romanrozen,romantamrazov"
13,16537511,Vineeth Sai Varikuntla,2026-08-25 00:08:30,2.65,12,vineethsaivs
14,15732416,Jonathan Wang2022,2026-08-24 03:53:38,2.59,13,jonathanwang2022
15,15522677,Junhua Yang,2026-08-24 16:16:07,2.57,144,junhuay
16,15906367,Silhouette,2026-08-25 00:50:08,2.56,47,jamessargsyan
17,16061004,cocoaAI,2026-08-25 00:14:21,2.56,35,cocoaai
18,16729238,Mengfei Li,2026-08-24 02:05:10,2.55,9,meli19
19,16706087,rellik13,2026-08-24 05:51:37,2.53,11,sirikilohit
20,15524067,Patrick Chan,2026-08-24 00:23:28,2.53,35,drpatrickchan
21,15891143,Pathik Patel,2026-08-24 03:00:06,2.50,74,pathik1511
22,15975062,Cloud,2026-08-24 03:10:21,2.48,20,weijiezhoooou
23,16205712,DataRegressor,2026-08-24 12:58:04,2.47,15,azzamradman
24,16731398,Pathetic384,2026-08-25 00:04:00,2.47,9,pathetic384
25,15908708,vbnnn,2026-08-24 00:04:24,2.45,25,victorogobi
26,16733280,Cyrus,2026-08-24 18:25:14,2.43,7,jamalsaeedi
27,16273949,Proving AGI,2026-08-24 00:51:48,2.43,23,mikelou1
28,16569113,Tanaka Ai24,2026-08-24 09:04:31,2.43,19,tanakaai24
29,16712619,Natalia Jaśkowska,2026-08-24 07:37:17,2.43,10,nataliajakowska
30,15564514,暗黑AGI,2026-08-22 00:48:46,2.41,38,boristown
31,15501790,CuteClaw,2026-08-24 00:16:26,2.40,76,bloodmoonwq
32,16712506,WENJIE_Wang-dev,2026-08-23 04:19:32,2.39,4,wenjiewangdev
33,16650515,Ya Xu,2026-08-24 21:48:51,2.37,21,ataraxian
34,16623996,sawada,2026-08-25 00:17:43,2.37,26,sawada
35,16081764,YUTO KOJIMA,2026-08-25 00:00:14,2.37,79,kojimatech
36,15634702,Simosc,2026-08-24 00:43:57,2.34,65,simosc
37,15792174,Fufront-RyanX-AGI-Team,2026-08-20 20:56:30,2.33,50,ryanxatlasai
38,16577093,yasuhiro hashimoto,2026-08-24 03:04:45,2.32,8,prez18
39,16674808,HongchenDai,2026-08-24 02:55:02,2.31,15,hongchendai
40,15488774,Kenleung Leung,2026-08-24 08:35:10,2.30,95,kenleungleung
41,15525358,paul,2026-08-25 00:16:09,2.29,69,paulvvv
42,15493326,Benedicte HELFER,2026-08-22 21:10:39,2.29,88,benedictehelfer
43,15491637,Tony Y.,2026-08-24 01:11:24,2.28,115,tonyyy
44,15494968,Surya milenial,2026-08-25 01:02:20,2.27,80,suryamilenial
45,15494569,kglctf,2026-08-24 22:32:18,2.27,67,kglctf
46,15916756,MLRush,2026-08-24 14:05:08,2.26,58,mlrush
47,16300602,YUKI OBARA,2026-08-22 18:00:14,2.26,3,yukiobara
48,15500015,kwon yong deuk,2026-08-25 00:58:45,2.25,111,kwonyongdeuk
49,15823039,Tong Hui Kang,2026-08-24 00:15:52,2.24,52,huikang
50,15590762,"Seok, Jeongeum",2026-08-23 02:09:23,2.23,114,seokjeongeum
51,15504856,FOYSAL,2026-08-24 04:18:10,2.23,95,foysalemonshanto
52,15522512,Nic Barthelemy,2026-08-25 00:02:00,2.23,11,nicbarthelemy1
53,16475658,Extremis,2026-08-24 12:37:11,2.23,37,gameryoulose
54,16688248,Shicheng Rao,2026-08-25 00:54:43,2.23,18,shichengrao
55,15518436,Kevin E R MILLE,2026-08-24 03:10:34,2.22,60,kevinermille
56,15605182,Son Pham & Mark Barney,2026-08-24 23:45:02,2.21,28,"markbarney,sonphamorg"
57,15893823,Aditya Sasidhar,2026-08-21 07:31:00,2.21,4,tadityasasidhar
58,15636138,100rabh,2026-08-24 15:39:13,2.20,30,saurabhkumar234
59,16557922,Andy liu,2026-08-21 03:38:32,2.20,11,"codinggodandyliu,ichuqinggaove"
60,15488124,Breno & Sebastian,2026-08-24 00:04:43,2.20,48,"brenorb,sebastianmateus"
61,15512911,LLaMeRz,2026-08-24 21:48:11,2.20,15,"dorukdorular,richardaragon"
62,16609552,rfbr,2026-08-24 11:34:33,2.19,11,romainfabre
63,15493226,amosokello451,2026-08-23 18:14:15,2.18,40,amosokello451
64,15615054,OzanM.,2026-08-24 06:09:43,2.17,95,analyticaobscura
65,15948639,Akhilesh godugu,2026-08-24 02:17:06,2.17,33,akhileshgodugu
66,16497222,AI Winter,2026-08-24 05:54:43,2.17,39,"aiwinter,stoneshek"
67,15641805,TakamaruEX,2026-08-25 00:08:06,2.16,38,takamaruex
68,16440715,Just a Moroccan,2026-08-21 15:21:52,2.15,5,zbidaamine
69,15486675,Reminder:AGI ≠ Acing Benchmark,2026-08-24 17:02:36,2.15,74,nihilisticneuralnet
70,15703722,Ishan Bhargava,2026-08-24 04:24:55,2.15,41,ishanbhargava19
71,15631128,Kerolos Romans,2026-08-24 00:01:43,2.14,69,kerolosromans
72,15572627,Arunodhayan,2026-08-23 17:18:02,2.14,54,arunodhayan
73,15652896,Samrish B,2026-08-24 01:51:33,2.14,45,"samrishb,vignesh22609"
74,15491328,Jeki Wan Taufik,2026-08-20 08:26:25,2.13,27,jek1wantaufik
75,15508513,keithtyser,2026-08-25 00:13:55,2.13,67,keithtyser
76,16551138,Ethan Lee,2026-08-23 19:44:27,2.13,14,ethanlee43
77,16246219,Tara Labs-speedsci,2026-08-24 02:08:36,2.13,39,caoyupeng
78,15496021,hongan,2026-08-23 14:09:53,2.13,17,honganzhu
79,15931617,Alex A Zander,2026-08-24 15:27:31,2.13,51,alexazander
80,16496892,Muhammad Haaris 27083,2026-08-21 05:11:22,2.12,31,muhammadhaaris27083
81,16537667,HiroyukiSasaki,2026-08-24 02:17:12,2.12,31,hiroyukisasaki815
82,16288068,AkiraIshikawa,2026-08-24 13:22:00,2.12,27,akiraishikawa
83,16262417,Efthimios Fousekis,2026-08-24 12:46:06,2.11,7,efthimiosfousekis
84,15497430,Kumar Abhijeet,2026-08-23 13:11:00,2.11,27,krabhijeet
85,16720950,这比赛就像我用意念指挥军队打架，结果全看军队自己,2026-08-24 01:55:08,2.11,11,wocenmma
86,16438894,Nikita Sorokin,2026-08-22 12:12:00,2.10,11,nikitasorokin
87,15494354,MindMatrix,2026-08-24 09:28:53,2.10,79,hvanphucs112
88,15537446,Jakup Ymeraj,2026-08-24 05:44:32,2.10,128,kupedata
89,16663965,mosorio1,2026-08-25 00:05:00,2.10,9,mosorio1
90,16676993,Sankalp Sanand,2026-08-23 00:23:13,2.09,10,kesslerfrost
91,15492312,Hmm,2026-08-24 13:49:27,2.09,6,"cassinicraft,paritoshtripathi5,yash9439"
92,16698174,galatea,2026-08-24 13:54:43,2.09,3,ark911
93,15553406,Ravi's Agi,2026-08-24 15:11:02,2.09,48,ravi123a321at
94,16740720,Kazuta MIZUTA,2026-08-22 14:54:45,2.09,3,kazutamizuta
95,16460810,Nithin Kumar R C ,2026-08-22 00:40:35,2.08,34,nithinkumarrc
96,15489094,Pascal Ledesma,2026-08-23 00:51:48,2.08,38,pascalledesma
97,15580880,MANAS NARKAR,2026-08-23 07:50:31,2.08,20,manasnarkar
98,15509520,UlinNuhaAbduh,2026-08-24 02:49:44,2.08,10,ulinnuhaabduh12345
99,15491313,Mohammad Saadati,2026-08-24 01:54:49,2.07,131,mohammadsaadati
100,16730913,Luxshan Thavarasa,2026-08-24 05:51:35,2.06,8,luxluxshan
101,16598913,woguoat,2026-08-25 00:37:15,2.06,23,woguoat
102,16281126,Ghazaros Barseghyan,2026-08-23 15:02:38,2.05,16,ghazarosbarseghyan91
103,15505443,Trideca,2026-08-23 00:35:53,2.05,40,"ckguswn,kilhwanmoon"
104,15567149,Vinit,2026-08-24 01:51:03,2.05,35,ryotsuu
105,15657807,Chew Kok Wah,2026-08-24 23:57:00,2.05,79,chewkokwahibrainai
106,15490570,@Abstraction Lab & MindsAI,2026-08-24 11:35:19,2.05,128,"alisalmanrana,jcole75,kimura0415,sumirinn,ultsaza"
107,15486672,20252022_WoochangSim,2026-08-23 16:51:56,2.05,42,woochangsim
108,16148668,Sean Jones,2026-08-25 00:00:37,2.05,36,seanjones444
109,15622956,ippeiogawa,2026-08-24 13:28:05,2.05,65,ippeiogawa
110,15647114,Penguin,2026-08-24 11:31:24,2.04,121,penguin069
111,16736982,Lindicaphxag,2026-08-22 22:21:20,2.04,3,oblivicore
112,16598387,Ahmad Daffa Abiyyu,2026-08-24 00:00:57,2.04,29,ahmaddaffaabiyyu
113,15492032,Jing Hua,2026-08-24 02:43:06,2.03,21,linyeping
114,16550431,Biswajit,2026-08-21 07:39:20,2.03,5,biswajit1998
115,16514482,jkatdare,2026-08-24 16:34:29,2.02,29,jkatdare
116,16557729,yasu,2026-08-25 00:01:01,2.02,37,yasutakababa
117,16724574,egangu,2026-08-16 01:12:24,2.01,2,egangu
118,15601690,magang,2026-08-24 06:38:18,2.01,11,wadang88
119,16732054,try,2026-08-24 08:51:05,2.01,3,weishanshan033
120,16666743,mina wailin,2026-08-24 12:45:57,1.99,16,minawailin
121,15617028,VAP RF5,2026-08-20 15:14:54,1.99,6,vaprf5
122,15632509,MJVinay,2026-08-24 04:40:03,1.99,45,mallajayanthvinay
123,16707910,daoviet,2026-08-24 15:46:44,1.99,10,daoviet
124,15490134,骐骥驰骋CreateAMind,2026-08-24 23:00:17,1.99,40,aimind
125,16415350,Ryo,2026-08-23 15:26:49,1.98,38,ryosukekurakami
126,15488719,Yusaku Muroya,2026-08-23 06:46:50,1.98,76,ymuroya47
127,15720825,Leonid Stepanov,2026-08-25 00:20:46,1.98,103,lestep
128,15814821,Biubiu,2026-08-24 13:26:23,1.98,49,jianthuang
129,15602717,luckyappley,2026-08-24 13:23:50,1.98,14,"luckyappley,yemaoye"
130,16548313,Scott Le Grand,2026-08-24 02:08:22,1.98,30,scottlegrand
131,15495286,Yusuraume,2026-08-23 02:33:45,1.97,120,sugitatomohiko
132,15488219,Mathurin Ache,2026-08-24 08:26:54,1.97,108,mathurinache
133,15488665,Lonnie,2026-08-23 12:20:33,1.97,101,lonnieqin
134,15597873,iheng88,2026-08-24 01:48:37,1.96,18,iheng88
135,16644331,zhen931,2026-08-24 07:36:06,1.96,21,zhen931
136,16505021,HINAGI,2026-08-25 00:45:45,1.95,12,test013
137,15632547,Malla,2026-08-21 09:07:58,1.95,33,mallaphalguni
138,15496730,Rahul Ray,2026-08-25 00:00:06,1.94,41,rray646
139,16051212,Darío Ávalos - Quantum Howl,2026-08-24 00:02:39,1.94,18,"andrescarmona,darovalos"
140,16514219,SireeshLimbu,2026-08-24 08:01:59,1.93,22,sireesh
141,16710500,sukeke,2026-08-23 02:01:17,1.93,9,sukeke
142,15498347,richwomanbtc,2026-08-24 01:16:14,1.93,42,"fumiyauchiyama,richwomanbtc"
143,15499728,Nikita Makarov,2026-08-24 21:24:25,1.93,11,nikimakarov
144,16693078,"Sho Okiyama M.D., Aillis CEO",2026-08-22 04:58:28,1.93,13,shookiyama
145,16505869,blatant warrior,2026-08-19 00:51:18,1.93,7,blatantwarrior
146,15503635,Canivel,2026-08-25 00:07:10,1.92,121,canivel
147,16508241,Yan Zhang,2026-08-25 00:10:35,1.92,43,yanzhang3255
148,16611645,FUMIAKI,2026-08-24 06:39:04,1.92,26,fumiakiohno
149,15490642,Halla Yang,2026-08-24 17:55:44,1.91,56,hallayang
150,16589171,CNQR+,2026-08-23 11:07:46,1.91,21,poco34
151,16571567,spbforce,2026-08-23 07:33:56,1.91,11,spbforce
152,16542083,Kunal Desale,2026-08-19 17:46:35,1.91,10,kunaldesale2408
153,16680350,FinalSunFlower,2026-08-25 00:28:18,1.90,19,finalsunflower
154,15505632,rkd,2026-08-24 00:02:04,1.90,29,ryookd
155,16729044,Araadhay Kanojia,2026-08-23 09:02:32,1.90,6,araadhay
156,16272388,shineef,2026-08-24 01:22:06,1.90,34,squaree
157,16756396,Florencia Solange,2026-08-23 18:12:38,1.90,3,florenciasolange
158,16745292,Paul Kamau,2026-08-24 23:55:42,1.90,4,paulnkamau
159,15488945,Changyuan Zhou,2026-08-24 10:25:27,1.90,39,changyuanzhou
160,16568471,Garv88,2026-08-22 10:03:24,1.89,2,garv88
161,16741191,luye7490,2026-08-24 03:11:09,1.89,4,luye7490
162,15510098,ThomasG,2026-08-25 00:03:35,1.89,116,thomasgamet
163,15487522,Md Boktiar Mahbub Murad,2026-08-24 05:03:25,1.89,32,mbmmurad
164,15514094,SeshuRaju 🧘‍♂️,2026-08-24 13:23:58,1.89,3,seshurajup
165,16486019,Shivangoudaa,2026-08-24 05:04:06,1.88,20,ishivapatil
166,16406081,Tecnod8.AI,2026-08-24 04:04:00,1.88,63,"aksharthegamer,ravinderonkaggle"
167,15486850,ömer kiraz,2026-08-24 14:39:56,1.88,23,merkiraz
168,16679890,Ryan #3,2026-08-24 08:32:59,1.88,13,explcre
169,15577418,Kh0a,2026-08-24 19:21:40,1.88,21,llkh0a
170,15491318,@🤞@,2026-08-21 21:03:52,1.88,26,anglolodorf
171,16695088,Deniz Eryılmaz,2026-08-23 20:23:09,1.87,7,denizeryilmaz
172,15906643,KRATS LU,2026-08-24 00:08:10,1.87,59,kratslu
173,15751479,tantan,2026-08-25 00:07:11,1.87,28,tantan0327
174,16499667,EFZsj2804,2026-08-24 14:25:34,1.87,36,"geoffreygyh2416,programmerbillma"
175,16717456,Philipos64,2026-08-22 11:16:46,1.87,6,philipos64
176,16490178,Grigoriy Zatravkin,2026-08-24 00:03:09,1.87,18,grigoriyzatravkin
177,15486752,PRASHANT SHUKLA91,2026-08-23 06:20:40,1.86,55,prashantshukla91
178,16475496,Yuchen20,2026-08-21 23:26:08,1.86,37,yuchen2066
179,15493080,lingyu07,2026-08-24 06:42:46,1.86,32,lingyu07
180,16661300,Guru Prasaath S,2026-08-23 17:38:15,1.86,10,guruprasaathas111
181,15783669,I forgot the name..,2026-08-24 02:45:05,1.86,74,"aikyatansinha,baidalinadilzhan,ignatgotin,kindasomethin,ngusadeep,vamshikrishnaemmadi,zoli800"
182,15951001,stephenn,2026-08-24 02:13:02,1.86,27,stephennedumpally
183,16407743,Yasser Othman,2026-08-24 03:02:48,1.86,53,yasserothman
184,16256565,Mustang Liu,2026-08-24 16:28:15,1.85,39,"gladiatorxy,mustangliu,siranba,urbanemo"
185,15609417,NoOneAhead,2026-08-25 00:05:15,1.85,67,jerrlu
186,16606725,Daniel #3,2026-08-25 00:13:11,1.85,10,danieltsegaw
187,16725528,Ashok Godugu,2026-08-24 03:17:34,1.85,8,ashokgodugu
188,16424787,lgqfhwy,2026-08-24 17:18:53,1.85,40,lgqfhwy
189,15494539,Snow,2026-08-23 11:01:27,1.85,62,tasniemnasser
190,15634233,Spen,2026-08-24 04:59:39,1.84,27,spenny
191,15492338,Creator,2026-08-24 08:18:20,1.84,18,dev4585
192,16731862,Rahul Jiwane,2026-08-25 04:40:54,1.84,9,"rahuljiwane,sangitabannore"
193,16412819,史永刚,2026-08-24 00:42:28,1.84,4,shizehao
194,15487205,Error_1249x,2026-08-23 16:43:38,1.83,15,error1249x
195,16386864,Fahmi Azrhil,2026-08-24 17:51:15,1.82,13,fahmiazrhil
196,15567564,Nick Pellegrin,2026-08-24 23:44:57,1.82,18,nicholaspellegrin
197,15492005,Emre Cirak,2026-08-21 22:34:58,1.82,64,biohack44
198,15596749,hiranorm,2026-08-25 00:06:40,1.82,55,hiranorm
199,15488704,Natapong Nitarach (Schwyter),2026-08-25 00:59:27,1.82,72,natnitarach
200,16499402,John Park,2026-08-23 20:37:53,1.82,18,sigint
201,16680829,BambooCopter Analytics,2026-08-20 03:42:55,1.82,11,"cky666,kilin173,oliverwp,paradox23,ronglinlu"
202,15487391,Bright O.H.,2026-08-24 03:21:02,1.82,75,brightoh
203,15494498,Gultekin Gunduz,2026-08-24 07:41:34,1.82,33,gggggggggggggggg
204,15729951,AYAHM BARISH,2026-08-23 08:51:32,1.82,16,ayhampar
205,16764096,TripleHS,2026-08-24 20:15:51,1.81,1,triplehs
206,16658372,Monique Russell,2026-08-24 11:55:56,1.81,2,moniquerussell
207,16759102,0xbr4h1m,2026-08-22 16:54:28,1.81,1,brahimbrah
208,15508135,Nabid Nur,2026-08-24 03:37:32,1.81,98,"koushikrudra,nabidnur"
209,16053779,Fususu,2026-08-25 03:16:19,1.81,60,phuongncn
210,15494232,seele,2026-08-24 23:33:16,1.80,28,seele1917
211,16701876,zelin zhao,2026-08-24 02:31:09,1.80,13,cuhkzelin
212,15737262,Raviksh Singh Dikola,2026-08-24 04:14:02,1.80,94,ravikshdikola
213,16160324,GYUYOUNG PARK09,2026-08-23 14:06:09,1.80,17,gyuyoungpark09
214,15513178,Akagha Chimgozirim,2026-08-24 13:35:41,1.80,95,chiakazirim
215,16736777,Affriza Wildan Fauzan,2026-08-24 02:50:38,1.80,6,affrizawildanfauzan
216,16534961,Darren Amadeus Martin,2026-08-24 08:25:55,1.80,6,darrenamadeusmartin
217,16739068,WangZihao5649,2026-08-24 02:30:33,1.79,4,wangzihao5649
218,15607034,Reki,2026-08-24 13:30:07,1.79,89,"ruichardliu,russcore"
219,16260834,Hack2Publish,2026-08-24 05:42:18,1.78,20,"esfersami50,hosen42,raihanrt,tarekrahman82"
220,16461288,Jay Scambler,2026-08-24 12:19:52,1.78,20,jayscambler
221,15488797,Ayodeji Ibrahim Lateef,2026-08-25 00:56:41,1.77,60,ayodejiibrahimlateef
222,15487654,MarkDjadchenko,2026-08-19 17:25:42,1.77,2,markdjadchenko
223,15495299,aigood,2026-08-19 14:09:29,1.77,8,aigood
224,15605492,Wu,2026-08-24 04:15:15,1.77,26,gweiwu
225,15538649,Henry Javier,2026-08-24 00:06:29,1.76,3,henryjavier
226,15515494,Hendric Nazarius,2026-08-20 02:22:11,1.76,4,"hendricnazarius,marcbenjamessamuel,vyassenthilkumar"
227,16428372,Syed Salman,2026-08-19 07:58:58,1.76,8,salmanhabeeb
228,16390789,Yaro Perventsev,2026-08-25 00:32:18,1.76,30,yaroslavperventsev
229,16641385,Jadiel,2026-08-25 00:14:14,1.76,21,jadielam
230,15595428,Ernie,2026-08-23 07:09:10,1.76,75,ernie55ernie
231,16480717,Dmitry Belan,2026-08-23 12:18:49,1.75,4,dimong4
232,15731749,Dr_F,2026-08-21 11:41:06,1.75,68,algebraictopology
233,16696987,Indium AI Labs,2026-08-22 15:04:14,1.75,12,devaanshpa
234,16515996,Chnoor Lee,2026-08-24 16:37:02,1.75,4,chnoorlee
235,16482433,Jacques Buis,2026-08-25 00:15:23,1.75,32,jacquesbuis
236,16721580,Vaibhav,2026-08-24 00:01:03,1.74,8,vaibhavpatel
237,16330351,Ahmed Mobasher,2026-08-25 00:11:05,1.74,59,ahmedmobasher86
238,15504466,Grigoryan Sergey,2026-08-24 07:43:43,1.74,42,hertryggr
239,15518924,Team AIRIS,2026-08-24 15:33:23,1.74,147,"aadigupta1601,aadigupta7686,krno1legend,poby7722,uradkr"
240,16470206,mark22,2026-08-25 00:35:17,1.74,12,markus22
241,16665002,APEX LABS,2026-08-24 09:47:40,1.74,15,niswanth
242,15975358,Joanna C.,2026-08-23 18:50:22,1.73,15,joannaciesielski
243,15488353,today,2026-08-24 02:22:26,1.73,150,today55
244,16557360,akmr,2026-08-24 12:23:54,1.73,6,akimaru
245,16723040,Xuan,2026-08-19 00:27:04,1.73,3,"ljz1992,xuanyangge,xugeger"
246,15526617,Octavi Grau,2026-08-24 23:21:08,1.73,21,octaviograu
247,15486835,automatylicza,2026-08-22 14:44:53,1.72,17,automatylicza
248,15516579,jiashuo Ma,2026-08-17 09:13:02,1.72,5,ooo876
249,16694237,pwdh2026,2026-08-23 11:31:27,1.72,13,pwdh2026
250,15635054,wuliao_0,2026-08-24 01:12:02,1.72,44,wuliao0
251,16495269,Navid Nur,2026-08-23 13:08:45,1.71,15,navidnur
252,15523208,로라 Laura,2026-08-23 07:12:16,1.71,9,lmasca
253,16025402,Helmut AGI,2026-08-24 17:11:04,1.71,67,"antonijankowski123,jakobbrggen,nightmareblocks"
254,16471072,Faith,2026-08-25 00:05:55,1.71,9,faith853
255,15927787,Satoshi911,2026-08-23 06:06:20,1.71,43,satoshi911
256,15502388,LACK.AI,2026-08-24 13:15:25,1.71,10,ravikumar1234
257,15494997,yuki16,2026-08-23 01:39:39,1.70,27,yuki16
258,16590720,Panagiotis Toloudis,2026-08-21 19:34:37,1.70,24,panagiotistoloudis
259,16096640,Hiểu Vy,2026-08-24 12:07:26,1.70,44,thangnm1
260,15991395,Samyakraj Bayar,2026-08-18 16:29:44,1.70,53,samyakrajbayar
261,16125769,J.A.R.V.I.S,2026-08-19 05:12:18,1.70,22,learningkin
262,16716641,Thuitanium,2026-08-24 23:42:27,1.70,11,"sahasawatt,yocybercode"
263,15629613,Maren Sajdaras,2026-08-24 08:06:22,1.70,38,marensajdaras
264,15499421,Amon Kizawa,2026-08-24 14:37:49,1.70,10,amonkizawa
265,15487354,auxentr,2026-08-24 16:02:28,1.70,25,iseesmth
266,15495001,Rengarajan G,2026-08-23 08:08:56,1.69,22,rengarajang
267,15509227,Kunal Aarse,2026-08-24 03:33:13,1.69,27,kunalinfinite
268,16439788,Dawid Kopiczko,2026-08-25 00:00:45,1.69,37,dawkopi
269,15491239,Tara Labs,2026-08-22 13:29:46,1.68,11,theunforgiven7
270,15632507,DhanaLakshmiMalla,2026-08-21 09:12:29,1.68,32,dhanalakshmimalla
271,16713919,green algeria,2026-08-21 15:39:37,1.68,3,greenalgeria
272,16559747,Hugo Thorvaldsen,2026-08-24 02:10:04,1.68,39,hugothorvaldsen
273,15725289,webcainiao,2026-08-24 08:21:42,1.68,20,web3cainiao
274,16661802,hahah,2026-08-22 11:08:50,1.67,9,huangkangyu
275,16158038,Rokaiya Somapti,2026-08-24 02:19:44,1.67,73,rokaiyasomapti
276,15658295,Nazura Wirayuda Tama,2026-08-24 20:48:15,1.67,84,nazurawirayudatama
277,16744883,Madiyar Khamzanov,2026-08-22 07:07:53,1.66,4,mkhamzanov
278,16583818,ikun,2026-08-18 08:18:44,1.66,2,liangyan0322
279,15569555,Kaiser,2026-08-18 05:53:05,1.66,4,kaiserm
280,15490882,Kashyapsinh gohil,2026-08-19 03:31:08,1.65,22,kashyapsinhgohil
281,16040819,Munshi-PremChand,2026-08-25 00:26:56,1.65,30,munshipremchand
282,15524172,Quanyi Li,2026-08-21 03:58:24,1.65,24,ko0kip
283,16576456,Monibee Fudgekins,2026-08-25 00:02:03,1.65,15,monibeefudgekins
284,16591178,Semyon Epanov,2026-08-24 18:22:51,1.65,3,semyonepanov
285,16534688,邱新,2026-08-21 00:02:14,1.64,15,larklearning
286,15735428,GeniusYY,2026-08-25 00:23:42,1.64,58,alexyy
287,16734777,sobameshi,2026-08-23 13:48:31,1.64,6,sobameshi
288,16664713,Udit Jain #2,2026-08-19 16:11:11,1.64,3,iamudit
289,16759497,r1ck.sync,2026-08-24 01:30:52,1.64,3,r1cksync
290,16710381,Dong,2026-08-23 06:25:48,1.63,8,protostar
291,16028584,Ryoki Kunii,2026-08-24 18:20:18,1.63,30,programmerryoki
292,16696653,VZ,2026-08-25 00:00:29,1.63,13,"venkateshtata1997,zohrabouchamaoui"
293,15486816,KineticArc (Marc and Scott),2026-08-23 18:54:37,1.63,92,"marcshade,scottlaughlin"
294,16551828,Marseilles Bogano,2026-08-24 02:37:49,1.62,34,marboga
295,15531704,Matija Ludvig ,2026-08-23 22:01:20,1.62,17,matijaludvig
296,16727809,M-consciousness,2026-08-16 10:00:45,1.62,1,mconsciousness
297,15767021,Youssef Nader,2026-08-19 04:51:46,1.61,11,gamingconceited
298,16746850,no_wonderr,2026-08-24 10:04:53,1.61,3,nowonderr
299,16583451,Off Zeno,2026-08-24 03:50:32,1.61,9,roneynascimento123
300,15491563,dynamic24,2026-08-24 00:12:19,1.61,114,dynamic24
301,16513314,Artificial General illusion,2026-08-24 14:25:23,1.61,10,vansher
302,16745511,Rufus,2026-08-24 00:49:23,1.60,5,"ronghedragon,rufus666"
303,16759803,PavelLiashkov,2026-08-24 12:31:20,1.60,2,bigbag1983
304,15499660,Yi-Chia Chen,2026-08-20 23:51:26,1.60,1,threerabbits
305,16746389,orbit,2026-08-20 12:24:07,1.60,1,sc1884
306,15496478,Bradley Shervheim,2026-08-24 14:25:08,1.60,54,bradleyshervheim
307,16739874,AWEL-AI,2026-08-24 22:43:29,1.59,6,awelai
308,16745501,MOODYMU,2026-08-20 06:18:01,1.59,1,moodymu
309,15770660,Jason Feng,2026-08-25 00:07:33,1.59,57,iamjasonfeng
310,15505799,Hao Yu,2026-08-24 00:20:51,1.58,13,ocensis
311,15488215,Evgenii Rudakov,2026-08-20 11:26:00,1.58,14,dolphininacoma
312,16759926,Jai Kamal,2026-08-22 18:17:19,1.58,1,jtheyogi
313,16735076,sssskilo,2026-08-25 00:02:28,1.58,5,wellkilo
314,16446039,len8487,2026-08-23 02:40:39,1.58,8,len8487
315,15497811,Nick2187,2026-08-25 00:21:05,1.58,46,nick2187
316,16609469,Nkosi Ndwandwe,2026-08-25 00:01:29,1.58,28,nkosindwandwe
317,16762152,AlekseiProvorov,2026-08-23 12:48:53,1.58,1,leoprovorov
318,16665571,Leszek Góra,2026-08-24 15:08:33,1.57,16,leonixis
319,16032510,anngle,2026-07-25 04:14:21,1.56,12,anngle
320,16735398,Jayaprakash Sundararaj,2026-08-24 20:42:33,1.56,17,"jpsundararaj,sushanthtiruvaipati"
321,16480531,tyz123456,2026-08-24 13:39:13,1.56,8,tyz123456
322,16689701,Chicken Labs,2026-08-22 16:30:34,1.56,3,"babychick,nickckb"
323,16455981,Jay Gautam,2026-08-22 13:07:00,1.56,22,jaygautam007
324,16722132,YunlinCity,2026-08-24 14:17:40,1.56,2,yunlincity
325,15516498,Boiled-Sweet-Potato,2026-08-21 09:46:28,1.55,13,boiledsweetpotato
326,15488264,sanyul,2026-08-23 16:20:34,1.55,25,sanyul
327,16497826,maxingkong733,2026-08-18 23:47:00,1.55,15,maxingkong733
328,16634992,manas joshi,2026-08-18 12:06:16,1.55,6,justforgags
329,16530607,SCU_12603231,2026-08-24 13:11:25,1.55,17,ljs2546
330,15857608,BBK,2026-08-24 01:43:09,1.54,41,bang1850
331,16713070,Abu Kayyisah Basyid,2026-08-24 12:09:10,1.54,4,abukayyisahbasyid
332,16430198,Beyond Good and Eval,2026-08-24 12:41:46,1.54,34,"alancai27,thtennant"
333,15631835,JerrySun,2026-08-20 04:32:37,1.54,3,jerrysy
334,15750018,Zehra Korkusuz,2026-08-18 14:43:36,1.54,9,zehrakorkusuz
335,16234077,Artem Pshenitsyn,2026-08-24 21:24:43,1.54,6,artem21
336,16406091,Chiekh ALLOUL,2026-08-24 09:15:57,1.53,28,chiekhalloul
337,15520570,Whatever it takes...,2026-08-24 20:59:09,1.53,104,"dineshkumar0705,kesavan2006"
338,16653964,Göktürk Akman,2026-08-24 19:15:54,1.53,7,gktrkakman
339,15685341,Sid Devinen,2026-08-24 09:36:42,1.53,6,siddevinen
340,15708911,Xiaokai Cui,2026-08-21 09:54:22,1.53,10,xiaokaicui2008
341,16620170,ocean240812,2026-08-24 01:43:23,1.53,12,ocean240812
342,16572745,yw8837,2026-08-24 16:00:36,1.53,20,yw8837
343,16767685,Breno L Freitas,2026-08-24 19:44:32,1.52,1,brenolfreitas
344,16487108,aarrcc,2026-08-18 16:29:21,1.52,19,aarrcc
345,16395976,Hippolyte Pilchen,2026-08-22 07:38:03,1.51,17,hippolytepilchen
346,15487426,Pavel Pavlov,2026-08-18 06:56:30,1.51,14,akakii
347,16734362,Raef Guizani,2026-08-20 05:41:54,1.51,2,raefguizani
348,16450379,cm391,2026-08-23 17:17:50,1.51,6,mccocoful
349,16487086,goalllll,2026-08-14 18:00:44,1.50,15,goalllll
350,15633995,Sébastien henry,2026-08-25 00:05:06,1.50,51,sebmontreal
351,15486658,wwwwzz,2026-08-15 09:15:17,1.50,34,wwwwzz
352,16390087,JohnLussier,2026-08-23 15:37:25,1.50,27,johnlussier
353,16752218,Kaileh57,2026-08-24 17:24:45,1.50,3,kaileh57
354,15486823,Souhardya,2026-08-22 16:39:22,1.49,7,souhardyatalukdar
355,16271316,Kristian Gohi Bi,2026-08-19 08:11:29,1.49,1,kristiangohibi
356,15513629,Pragnyan Ramtha,2026-08-20 16:05:37,1.49,14,pragnyanramtha
357,16439181,sunnyraj,2026-08-22 02:25:45,1.49,20,sunnyraj10411
358,16715802,ShoaibSSM,2026-08-20 19:14:03,1.48,3,shoaibssm
359,16567629,Manan Gupta #2,2026-08-16 17:19:10,1.48,10,obirdy
360,15517514,Space Kangaroo,2026-08-24 03:52:10,1.48,19,spacekangaroo
361,16431229,kgr,2026-08-17 21:35:31,1.48,2,yixuliu
362,16410614,Amil Gentili,2026-08-24 22:36:33,1.48,27,agentili
363,16663172,Sourab Ghosh,2026-08-23 19:51:31,1.47,1,sourabghosh
364,16408642,Krizsó Gergely,2026-08-24 18:57:52,1.47,18,lucifer19
365,16544373,Nilesh Sarkar,2026-08-04 12:57:15,1.47,2,nileshsarkarra
366,15495211,Peter Findley,2026-08-20 09:55:57,1.46,41,raist321
367,16421943,Kochi Loki,2026-08-24 01:58:32,1.46,46,"satadruhalder,soumyacryptic"
368,15510427,Komil Parmar,2026-08-22 20:06:10,1.45,19,komilparmar
369,16185949,Shree85,2026-08-24 01:04:47,1.45,14,shree85
370,16711864,Singaraj B,2026-08-22 19:44:08,1.45,11,singarajb
371,16295260,Pompompurin,2026-08-25 00:03:52,1.45,29,kimdoong
372,16498846,common-people-whereIsMyFuckingPrize,2026-08-11 08:04:47,1.45,2,aizealotwu
373,16736818,Chika Komari,2026-08-21 05:12:29,1.44,2,gothamjocker
374,16459830,Giovanny Rodríguez,2026-08-24 17:08:40,1.44,5,giovannyrodrguez
375,16464329,brand HZYsds,2026-08-21 02:42:05,1.44,7,brandhzysds
376,16483544,zentropy,2026-08-25 00:20:03,1.44,53,jessky
377,15672922,Aarav Bajya,2026-08-24 09:44:41,1.44,67,aaravbajya
378,15510081,Tshithihi,2026-07-03 03:54:59,1.44,22,nawfeelrahman1124444
379,16153655,michaeltg,2026-08-23 23:01:42,1.43,22,michaeltgao
380,16422860,hierarchical,2026-08-17 05:35:35,1.43,24,felixwang1m
381,15570368,Liang Wan Yiu David ,2026-08-17 06:22:07,1.43,8,liangwanyiudavid
382,16729699,YinuoChen271,2026-08-18 08:46:35,1.43,2,yinuochen271
383,16441614,AGI Not Found,2026-07-19 17:26:29,1.43,13,"angran,kaixuanosmas"
384,15504888,aira666,2026-08-11 05:00:56,1.42,5,aira666
385,15486769,Ali,2026-08-24 08:56:03,1.42,47,asalhi
386,16600201,Edward Koh,2026-08-19 15:13:17,1.42,23,edwardwkoh
387,15741726,Data Dreamers,2026-08-24 06:39:38,1.42,31,"ishiyamamasaharu,mabo1141,monaka12,rionakamura10,yoshioka0209"
388,16658469,Ashwin Goyal,2026-08-24 16:22:42,1.42,3,letthedreamersrise
389,16738611,yap,2026-08-20 02:15:00,1.42,3,yaphellee
390,16457997,Linbo Hui,2026-08-25 00:18:16,1.42,7,huilinbo
391,16432008,AAAAAtjc,2026-08-20 06:22:36,1.41,24,aaaaatjc
392,16561834,gamesu7107,2026-08-24 00:04:26,1.40,35,gamesu7107
393,15492192,J8J,2026-08-23 22:41:34,1.40,10,sundong
394,16585831,Muhammad Imran,2026-08-20 11:06:07,1.40,24,muhammadimranchitral
395,16694974,emi,2026-08-13 16:39:00,1.40,1,emigor
396,15495420,tf,2026-08-18 10:45:06,1.40,72,tfukuhara
397,16733171,斬る,2026-08-24 15:42:47,1.39,4,"handawang,weiyawang31415926"
398,16598990,Zhuo Li,2026-08-22 16:04:25,1.39,11,ctfxiao
399,16690614,Yaroslav,2026-08-24 13:31:21,1.39,12,yaroslavrogoza
400,16245600,Tom DiFiore,2026-08-19 11:49:07,1.39,25,tomdifiore
401,16429632,in blue,2026-08-17 18:26:29,1.39,11,bhatiji
402,16347117,AnchorBlock,2026-08-20 10:07:07,1.39,24,anchorblock
403,15590907,Thien Nguyen,2026-08-18 06:28:57,1.38,4,ntthientn
404,15517357,simmons1025,2026-08-21 09:24:04,1.38,4,simmons1025
405,16016635,Recursive Intelligence Lab,2026-08-24 07:32:30,1.38,25,tirth1402
406,16127529,Cam-Luan Truong,2026-08-21 06:12:20,1.37,3,luantruong
407,16428239,Gopsy,2026-08-12 03:31:55,1.37,8,anhsirk
408,16619609,datnt114,2026-08-17 11:31:40,1.37,5,kingkong153
409,16761482,Kartik,2026-08-24 17:35:29,1.37,1,krabie
410,15993595,Hugues Fontenelle,2026-08-24 05:15:02,1.35,6,hugues
411,16626972,Lawrence,2026-08-23 01:30:22,1.35,8,ziweiresearch
412,16514079,geodesic,2026-08-22 16:25:30,1.35,11,kermityoung
413,15574185,AGIIGA,2026-08-15 15:45:43,1.35,24,agiiga
414,16406654,HelloWorld5050,2026-08-22 20:21:25,1.34,12,helloworld5050
415,16639523,Rogers Johnson,2026-08-25 00:01:25,1.34,21,rogersjohnson
416,16080197,Charbel Nehme,2026-08-24 11:10:02,1.34,17,charbelnehme
417,15510458,put me in harness,2026-08-24 05:00:43,1.34,51,zabojeb
418,16045343,Peter,2026-08-24 20:23:08,1.34,33,vaphab
419,16397720,Khoa 👑,2026-08-20 15:31:23,1.33,4,khoahunhtngng
420,16569341,Thereforyou_Jasmine,2026-08-21 15:16:15,1.33,3,"jasminethereforyou,wuzhiwen7445"
421,15754603,greyhound,2026-08-18 16:26:08,1.33,8,tapaskd123
422,16752213,Skystellan,2026-08-21 06:37:27,1.33,1,skystellan
423,16671263,soltani abdellatif,2026-08-24 18:25:43,1.33,3,soltaniabdellatif
424,15487143,Ishraq Tanvir,2026-08-22 08:03:58,1.32,2,ishraqtanvir
425,16653887,YUKRUB,2026-08-20 07:21:21,1.32,2,yukrub
426,15529375,Felix S.,2026-07-07 11:40:30,1.32,39,pylixx
427,16456142,Sypher_S,2026-08-17 11:44:54,1.32,2,syphers
428,16465268,shakinghand,2026-08-25 00:00:19,1.32,20,"emitrajshokuhi,weichseltree"
429,16676611,sezer ali,2026-08-23 11:39:15,1.32,8,sezerali01
430,16498541,Sous Lab,2026-08-24 22:10:08,1.32,31,basi1man
431,15487398,Kerem çelik,2026-08-24 09:01:32,1.31,9,keremelik
432,16542443,LG,2026-08-15 02:19:50,1.31,3,"lokeshjasrotia,vengatagirig"
433,15660740,Ahmet Pamuk,2026-07-20 20:31:27,1.31,3,ahmeterdempamuk
434,16352058,Gavedu Ai,2026-08-08 07:19:16,1.31,33,verise6211
435,16718390,SangJinJung,2026-08-15 01:11:34,1.31,2,sangjinjung
436,16635343,Aurora wy,2026-08-05 03:22:15,1.31,1,aurorawy
437,16656755,Vanya Cherepukhin,2026-08-19 00:07:49,1.30,13,vanyacherepukhin
438,15487598,CCT,2026-07-11 09:38:58,1.30,56,chuhanwu86
439,16569312,Norman Neira,2026-08-17 23:35:06,1.30,2,normanneira
440,15540551,szs,2026-07-19 17:35:37,1.30,17,runshengyu
441,16289337,1104,2026-08-04 12:42:08,1.30,15,"emojilin,qianjunggg"
442,16292719,Pierre Baume,2026-08-16 15:18:24,1.29,36,pierreb4
443,15562422,OceanVenue,2026-08-25 00:09:04,1.29,63,"benhaslam,guilhermeferraribr"
444,16702680,Alariun,2026-08-24 18:13:09,1.29,9,calebrown
445,15488127,Kirderf,2026-08-14 13:23:47,1.29,22,kirderf
446,16398281,maplewolf,2026-08-23 13:34:33,1.29,10,maplewolf
447,16575299,Elazar fuchs,2026-08-24 07:00:44,1.29,10,elazarfuchs
448,16662159,KiKi,2026-08-22 10:55:31,1.29,5,kingkiller2164
449,15546305,Zoe Wang,2026-08-15 04:34:37,1.29,20,"chonghuan718,zoeywaang"
450,15504769,CHRONOS,2026-07-18 15:08:17,1.29,69,"kevinrussell83,projectforty2"
451,15573979,cihan atak,2026-08-24 00:56:44,1.29,45,cihanatak
452,16670844,Vera Σ¹ - DI,2026-08-20 05:39:48,1.29,4,"dreaddevelopment,seanornberg"
453,15538056,Abdulmuiz Abdullateef,2026-07-22 08:44:18,1.28,13,capthwi
454,15724943,Nuno Ferreira,2026-08-24 01:01:04,1.28,47,ngcferreira
455,15503849,Hu Xingyu,2026-07-22 03:43:54,1.28,24,huxingyu
456,16650762,Toprak Gundogdu,2026-08-21 10:14:56,1.28,4,toprakg
457,16579154,ych~sun,2026-08-20 13:41:14,1.27,19,ychsun
458,15612343,PabloTBA,2026-08-25 02:52:26,1.27,26,pablotba
459,16349448,Manas Rajan Pandya,2026-08-18 07:57:20,1.26,1,manasrajanpandya
460,16543772,Avyaay Rathi,2026-08-20 05:06:18,1.26,26,"arjuntaware,avyaayrathi"
461,15489752,TREX99,2026-07-13 00:28:40,1.26,30,trex99
462,16120017,uesi,2026-07-30 11:45:27,1.26,5,uemura687
463,15594093,yuki matsumori,2026-07-09 01:52:46,1.26,16,yukimatsumori
464,16328245,ola sadek,2026-08-17 06:51:44,1.26,24,olasadek
465,16420933,Yuya Miyanogawa,2026-08-24 12:10:10,1.26,55,veritalogos
466,16556635,Vishvesh Bhat,2026-08-09 15:52:46,1.25,1,vishveshbhat
467,16407310,Mark Cooper,2026-08-01 00:01:05,1.25,36,markjcooper
468,16586230,Optimal Prime,2026-07-27 18:29:34,1.25,2,caelix
469,15985912,Mr_Ralphie,2026-08-24 06:25:36,1.25,76,mrralphie
470,15887660,wuhjie,2026-08-20 13:23:00,1.25,26,hongjiewu
471,16449629,Stefan Henß,2026-07-11 06:07:20,1.24,5,shenss
472,15498652,jazivxt,2026-08-24 03:59:36,1.24,5,jazivxt
473,15531604,panda__MB__maximus,2026-08-09 13:10:18,1.24,15,tanishmohokar09
474,15490333,Hellboy,2026-08-22 07:44:12,1.24,10,helmirinaldi
475,16625560,Vishvesh Bhat #2,2026-08-10 00:40:00,1.24,3,vishbhat8
476,16556973,Animesh Kumar,2026-08-08 06:32:01,1.24,18,animeshkumar187
477,16461501,Ashutosh Agarwal,2026-07-04 18:19:36,1.23,5,ashutoshagarwal088
478,15564509,Shubham Sahu2003,2026-08-17 09:00:35,1.23,41,shubhamsahu2003
479,16052968,Alex Frazier,2026-07-08 17:52:16,1.23,11,alexfraze
480,16582937,Hole Neckles,2026-08-24 08:45:24,1.23,2,holeneckles
481,15653856,RanJeet Gupta,2026-08-04 09:03:40,1.22,1,ranjeet258
482,16676700,Akira Imae,2026-08-16 00:14:16,1.22,8,imaeakira
483,16517844,AAElter,2026-07-28 05:59:43,1.22,4,aaelter
484,16725926,Travis Lambert,2026-08-21 04:13:42,1.22,3,travislambert
485,16700886,wjd Andy,2026-08-14 06:29:17,1.22,3,wjdandy
486,16481200,AdamJonesJohnson,2026-07-27 00:14:56,1.22,21,adamjonesjohnson
487,16283372,TWEAK,2026-08-16 00:23:23,1.22,20,tweakai
488,16430872,Reyhan Ksatria,2026-08-12 05:50:37,1.22,4,reyhanksatria
489,15736475,Yukeiso,2026-08-22 02:27:40,1.21,6,katayuji
490,15531007,alfaraco,2026-08-19 18:33:14,1.21,91,alfaraco12
491,16503424,wangzhang wu,2026-07-13 00:04:48,1.21,5,wangzhangwu
492,16492019,HuaLQin,2026-08-07 00:41:20,1.21,21,hualqin
493,15910208,Dr Chandrasen Pandey,2026-08-13 06:46:58,1.21,35,devchandra
494,15504445,Alberto Luengo,2026-08-25 00:01:05,1.21,30,albertorkive
495,16701696,Rikito Kanda,2026-08-24 01:55:38,1.21,11,rikitokanda
496,15760141,Abhijay Gupta,2026-08-04 02:02:09,1.21,2,bobrg123
497,16302369,Ke-Xu-2026,2026-08-19 11:42:19,1.21,24,kexu2026
498,16025506,Bitterbot,2026-08-13 01:12:41,1.21,14,"douglasfinlay,victormgil"
499,16245172,Shannan,2026-07-18 12:54:27,1.21,4,shannanl
500,16744862,Dražen Kapusta,2026-08-25 00:00:03,1.21,7,draenkapusta
501,16387065,lihaoling,2026-08-02 12:18:26,1.20,24,lihaoling
502,16709444,Salem Ali,2026-08-23 20:52:46,1.20,2,salemali7
503,16591722,hongqian miao,2026-08-06 06:37:26,1.20,3,hongqianmiao
504,15495351,icezzzz,2026-07-29 14:33:15,1.20,28,icezzzz
505,16491207,KAIWALYA RAUT,2026-08-06 13:53:36,1.20,3,kaiwalyaatulraut
506,16652828,ali nebi dal,2026-08-13 11:51:05,1.20,6,alinebidal
507,16554415,Sai Abhishek,2026-08-12 15:37:50,1.20,16,saiabhishek14
508,16017402,sukirman,2026-08-18 09:54:56,1.20,44,rakbidb
509,16763577,Ashish Gupta,2026-08-24 02:35:31,1.20,1,eashish
510,16394140,MM12345678,2026-07-11 01:09:35,1.20,9,mm12345678
511,15489865,Quan Nguyen,2026-08-04 06:51:54,1.20,13,quannguyn12
512,15538060,Pedro Caycho,2026-08-24 00:05:00,1.19,5,pjcc1123
513,15629200,shu yu,2026-08-13 03:06:02,1.19,1,shidun66
514,15486681,MatheusPSorancoDeCarvalho,2026-08-14 02:16:58,1.19,2,matheussoranco
515,16702830,Serguei Makarov,2026-08-24 02:42:23,1.19,8,sergueimakarov
516,16012081,Plamen,2026-07-27 16:42:49,1.19,28,plamen06
517,16517742,Rokonuddin Ahamed Sohan,2026-08-11 03:36:18,1.19,3,rokonuddinahamed90
518,16703334,frogsilverberryleoi,2026-08-20 21:05:22,1.19,2,frogsilverberryleoi
519,16701873,Jason Jin,2026-08-12 11:31:41,1.19,3,cascadematrix
520,16558484,MAIDANG,2026-08-15 06:23:49,1.19,14,daifanhao
521,15621440,KostasMouratidis,2026-08-21 09:10:11,1.19,1,kostasmouratidis
522,16485920,Rasdafar,2026-07-11 09:29:44,1.18,7,rasdafar
523,15505268,Shivam Shinde,2026-08-22 08:32:30,1.18,11,shindeshivam
524,16479960,Imran Ahamed,2026-08-23 21:51:30,1.18,2,immu4989
525,16065643,MadrARC,2026-08-09 07:42:15,1.18,5,rahulvimalkanth
526,16420889,vladee,2026-08-13 00:43:22,1.18,14,vladee
527,16642459,syouya tobita,2026-08-05 03:07:09,1.18,2,syouyatobita
528,15487662,Ganesh Sharma,2026-08-23 21:25:46,1.18,8,ganeshstemx
529,16493372,welogme,2026-07-30 03:12:47,1.18,12,"ijoucho,welogme"
530,15531744,ashvin singh,2026-07-25 08:30:33,1.17,37,ashvinsingh
531,15567543,Kaito N. Soga,2026-07-02 07:09:48,1.17,4,kaitosoga
532,16727880,Serhii Marinchenko,2026-08-24 16:21:52,1.17,4,serhiimarinchenko
533,16566154,Julian Camilo Villa,2026-08-25 00:00:05,1.17,24,juliancamilovilla
534,15606567,MA RAN,2026-08-17 23:44:34,1.17,9,ranmadi120
535,16048620,Xander,2026-07-17 14:05:36,1.17,16,canqiang
536,15501827,Dhe Yeong,2026-08-14 02:19:20,1.17,12,dheyeong
537,16713350,coolin666,2026-08-13 01:36:49,1.17,1,coolin666
538,16679235,toprakthegoat,2026-08-07 00:01:34,1.17,2,toprakthegoat
539,15506893,Mark Slavin,2026-07-30 00:36:02,1.17,3,markslavin
540,15745709,Aryan Haritsa,2026-08-15 16:30:37,1.16,4,aryanharitsa
541,16510371,haodou092,2026-07-19 05:57:40,1.16,5,haodou092
542,16475818,Matthew.lee,2026-07-15 09:47:19,1.16,8,matthewlee010299
543,16316931,Rajan Nagarajan,2026-08-11 16:44:14,1.16,7,narajan
544,16137967,Cacinie,2026-08-03 03:49:41,1.16,1,cacinie
545,16717506,un0o7,2026-08-15 04:43:47,1.16,2,hjhsdsdww
546,15486931,Mirza Milan Farabi,2026-08-16 20:47:36,1.16,14,mirzamilanfarabi
547,15487953,cc,2026-07-29 05:54:42,1.16,7,baytree1238
548,16148316,pscamillo,2026-07-09 17:52:53,1.16,29,pscamillo
549,15635738,Rookie,2026-08-20 12:07:42,1.15,31,steveninje
550,16473776,Sumatorikki,2026-07-08 08:21:33,1.15,5,jakublutyk
551,16751372,Ronit Agarwal,2026-08-25 00:47:30,1.15,4,ronitagarwal1
552,16361271,BBD,2026-08-18 10:09:13,1.15,20,"absolutetheone,ahaanvermalol"
553,16338619,Jiaqi Hu,2026-08-11 05:56:49,1.15,7,hlgendr
554,15895561,TY.Yang,2026-08-18 09:22:40,1.15,58,tianyiy
555,16650336,Inncenta,2026-08-07 00:01:11,1.15,4,inncenta
556,16474440,Yuri Freitas,2026-08-04 15:43:55,1.15,13,yuribzfreitas
557,15488488,Ikki Katsuyama,2026-07-26 04:21:16,1.15,17,kacchanwriting
558,16551999,Celestia,2026-07-26 04:01:28,1.14,11,gladoscc
559,16635888,Poojan,2026-08-06 07:42:35,1.14,4,poojankumartandel
560,16683994,destire 1,2026-08-12 10:01:13,1.14,4,destire1
561,16723459,Heinzstk,2026-08-20 11:49:33,1.14,6,heinzstk
562,15556547,Felipe Galdino Folk,2026-08-25 01:41:17,1.14,23,felipegaldinofolk
563,16694609,Debmalya,2026-08-09 14:33:10,1.14,1,debmalya84
564,16490445,Suman Sharma,2026-07-05 19:55:01,1.14,1,suman2208
565,16052598,JackGong,2026-08-04 13:27:02,1.14,9,jackgong
566,16574125,zhangyue-xmdx,2026-08-16 23:45:00,1.14,8,zhangyues0000
567,16472153,Changyuan Chen,2026-08-16 14:12:35,1.14,27,changyuanchenmit
568,16070503,Yuki Okumura,2026-08-14 19:34:02,1.14,4,yukiokumura1
569,16234007,smlcr,2026-08-09 08:49:44,1.13,13,simulacri
570,16409318,AI-Cat,2026-07-19 08:50:43,1.13,2,konstantinboyko
571,15569839,kakuteki,2026-08-15 13:04:56,1.13,5,kakuteki
572,15602746,Gabriel Amaral,2026-08-21 10:53:48,1.13,2,gabrielsamaral
573,16728348,falloficaruss,2026-08-16 13:53:42,1.13,1,areusnow
574,15487549,Muurur,2026-08-19 21:36:54,1.13,8,muurur
575,16461597,S J Moudry,2026-08-22 19:17:23,1.13,15,sethmoudry
576,16616910,Stonks,2026-08-22 18:45:49,1.12,16,erikqu
577,16500777,cAco3,2026-08-13 12:56:41,1.12,4,caco3r
578,15932761,J&F AI,2026-08-25 00:02:27,1.12,39,junjin2
579,15694242,Team Algorithm Tech Institute,2026-08-09 14:39:25,1.12,9,"adeshinaashiata,adesinaabeeb,gidadoshukura"
580,16762921,Eduardo Molina,2026-08-24 14:20:17,1.11,1,oturameji
581,16482421,senkin13,2026-07-21 05:01:33,1.11,4,senkin13
582,15491056,Kumaran K,2026-08-16 04:02:40,1.11,4,kumarandatascientist
583,15540637,Nat Bel ML Fun,2026-08-06 18:43:54,1.11,33,natbel4ml
584,15658668,Pawan,2026-07-26 13:08:12,1.11,31,jatalepawan
585,15986223,Amon Suzuki,2026-07-21 00:05:37,1.11,11,amonsuxuki
586,16068577,Leonid Majbits,2026-08-07 20:46:20,1.11,32,leonidmajbits
587,15488849,codelion,2026-08-11 13:04:20,1.11,48,codelion
588,16422585,Abhi,2026-07-16 14:32:32,1.11,13,zeroday19
589,16482359,Igor Kirko,2026-07-08 02:18:36,1.11,6,igorkirko
590,15592971,muhualiushui1217,2026-08-17 21:02:10,1.10,4,muhualiushui1217
591,16644310,Nikolas Silveira,2026-08-04 13:00:15,1.10,2,nikolassilveira
592,15520694,Barada Sahu,2026-07-15 07:38:48,1.10,51,mercurialsolo007
593,15587315,waticson,2026-08-07 23:55:51,1.10,9,yutodennou
594,16270968,Yizhang Lou,2026-07-28 17:27:20,1.10,6,yizhanglou
595,16540131,LinZihanAdam,2026-07-15 03:56:11,1.10,3,linzihanadam
596,16658246,kaanz,2026-08-07 07:30:26,1.10,4,emirkaanozd
597,16380532,A0158737N,2026-07-26 03:04:55,1.10,15,kanhon
598,16474959,[Deleted] ade0214e-cb0f-436e-95f5-47784b00e897,2026-07-11 05:35:37,1.10,5,del=9ab3e1420ebaee89
599,16539376,Sha1ee,2026-07-18 03:08:31,1.10,4,sha1ee
600,16688839,benzousilvia,2026-08-15 22:14:19,1.10,7,benzousilvia
601,16078747,varianceofx,2026-07-16 00:50:46,1.10,21,varianceofx
602,16669732,zhangzhuang li,2026-08-10 11:19:45,1.10,1,zhangzhuangli
603,16573558,qwertykeypadapple,2026-08-15 01:04:35,1.10,8,qwertykeypadapple
604,16699653,Yvonne.,2026-08-11 06:02:03,1.10,1,zdawer250
605,16591491,Alex Zhang g,2026-08-03 01:33:12,1.10,6,alexzhangg
606,16486775,Денис,2026-07-05 03:12:12,1.09,1,dambek
607,16489497,Tom1115,2026-08-24 16:18:03,1.09,20,tom1115
608,15916434,nilochan,2026-08-16 14:29:50,1.09,12,nilochan
609,16360913,Mikael Kerimov,2026-08-06 05:21:24,1.09,18,mikaelkerimov
610,15504783,Hossein,2026-08-13 00:29:03,1.09,42,tomi85
611,15493886,Code by Nadiia,2026-07-09 11:25:07,1.09,1,codebynadiia
612,15503995,randyzhang666,2026-08-10 08:21:02,1.09,1,randyzhang666
613,16037949,hungry_hawking,2026-07-31 17:07:58,1.09,12,hungryhawking
614,16728559,jiaqi zhu,2026-08-22 00:46:15,1.09,3,user82699026
615,16747862,Sixian Deng,2026-08-20 10:40:32,1.09,1,sixiandeng
616,16099769,Dual Singularity,2026-08-24 01:48:06,1.09,61,"christianhowson,mileshowson"
617,16666852,[Deleted] f2f8deaf-b3c2-4404-8dc4-80949e37c482,2026-08-05 23:23:29,1.09,1,del=3d4e77c735b4fb0e
618,16233589,gosu.Kouts,2026-07-23 15:06:53,1.09,14,gosukouts
619,15491099,chinnum97,2026-08-07 14:59:58,1.09,6,madarshbb
620,15504550,kishizaki-sci,2026-08-24 21:32:35,1.09,4,superstringdev
621,15497682,jorge fabian avila,2026-08-23 00:33:22,1.08,3,jorgefabianavila
622,16616627,yuritosci,2026-08-24 22:27:55,1.08,5,yuritosci
623,16414058,wenyuan Guo,2026-07-06 07:56:15,1.08,6,gwey1025
624,15499946,DarkPhoenix,2026-07-12 07:33:47,1.08,30,darkphoenix2077
625,16729922,Aarush Kute,2026-08-21 03:13:26,1.08,6,aarushkute
626,15487135,Satkar sarvankar,2026-08-24 07:06:11,1.08,5,satkar003
627,16562449,Praj Koduri,2026-07-20 02:21:05,1.08,2,"gregorydaley,prajkoduri"
628,16757415,hansama.qht,2026-08-24 15:44:52,1.08,2,hansamaqht
629,16256714,table spoonful,2026-07-13 05:03:52,1.08,11,tablespoonful
630,16268784,TUC,2026-07-13 09:03:38,1.08,7,tobiassesterhenn
631,16283854,Vu Tran Hoang,2026-08-03 06:51:00,1.07,4,hoangvux
632,15549873,WQing_Z,2026-07-11 21:29:21,1.07,8,wqingz
633,15929872,Ashad Alam,2026-07-30 12:15:30,1.07,2,ashad8949
634,15486953,Sangram Patil,2026-08-02 06:12:15,1.07,18,sangrampatil5150
635,15511462,Ali Haydar Özdağ,2026-08-02 00:01:51,1.07,28,ahoirg
636,15511931,Zhehan,2026-08-10 04:03:48,1.07,7,cyberzzhhss
637,16472209,[Deleted] 4c436f13-5592-4c03-b39e-5c69e95e5294,2026-07-19 11:02:30,1.07,6,del=a8f3af9aeaa6ae2f
638,15488304,panterlab,2026-07-25 09:39:51,1.07,13,hweowe
639,16275978,lkevincc,2026-07-15 11:39:50,1.07,7,jjsdfd22
640,15645087,Shankha Suvro Mullick,2026-08-20 13:20:21,1.06,6,shankhasuvromullick
641,16555957,studious students,2026-07-30 03:24:53,1.06,10,"asiansnextdoor,djerok116"
642,16409969,Dante Lok,2026-07-19 06:24:56,1.06,1,dantelok
643,15494269,Patrik Pivoda,2026-07-02 07:28:05,1.06,17,patrikpivoda
644,16466598,Mohammed Maqsood L,2026-08-15 03:29:21,1.06,3,mohammedmaqsoodl
645,16320456,Abdalrahman mohamed,2026-08-21 13:58:24,1.06,4,abdalrahmanmohamed3
646,16275272,ByteSized,2026-08-13 16:26:01,1.06,10,"amit24f1002112,prishagupta97"
647,15536350,arman1o1,2026-07-25 04:21:14,1.06,7,arman1o1
648,16497431,Matthew Huang,2026-08-01 23:19:12,1.06,7,matthewwh
649,16535094,HongYuNeil,2026-08-11 03:53:07,1.06,24,hongyuneil
650,16483685,jmatsukuma,2026-07-25 00:08:19,1.06,10,jmatsukuma
651,15522372,Thiago Munhoz da Nóbrega,2026-07-24 05:34:51,1.05,16,thiagommtmn
652,16296710,Kapilraj R,2026-07-31 11:08:51,1.05,8,kapilrajr
653,16672421,NIHAR RANJAN PANDA,2026-08-06 06:40:43,1.05,1,niharrpanda
654,16410428,DataLover,2026-07-31 18:59:11,1.05,12,paulknidler
655,15512064,soso,2026-07-03 03:21:19,1.05,17,"koesnuj,suminshim"
656,15508705,Giovanni Marco Dall'Olio,2026-07-27 21:35:16,1.05,1,dalloliogm
657,16534447,Liao Zixu,2026-08-24 02:31:17,1.05,10,liaozixu
658,16599559,Ismail Mabrouki,2026-07-28 18:52:11,1.04,2,ismailmabrouki
659,16599963,shuto,2026-07-29 00:21:34,1.04,4,kisigan
660,16742759,Dharaniraj Lakshmanan,2026-08-21 05:53:43,1.04,1,dharanirajlakshmanan
661,15487261,Giba,2026-08-09 10:55:31,1.04,12,titericz
662,15490575,Nf4d1l,2026-08-10 06:45:25,1.04,5,nf4d1l
663,16059932,wkdrbwnd1,2026-08-17 00:03:38,1.04,6,wkdrbwnd1
664,16566144,Yiko01,2026-08-01 08:14:51,1.04,3,yiko01
665,15494543,THIRUPATHI KANNAN K,2026-08-01 10:58:51,1.04,8,thirupathikannank
666,16263464,khj1222,2026-07-06 08:58:05,1.04,16,khj1222
667,16585824,htatsumi,2026-07-29 13:55:03,1.04,4,tatsumihasebe
668,15615332,ColmOBrien1234,2026-08-19 18:29:07,1.04,20,colmobrien1234
669,15703192,ADARSH REDDY B,2026-07-21 03:22:45,1.03,3,adarshreddyb
670,15487284,Team_Haumea,2026-08-14 14:12:34,1.03,13,chaitanyagullapalli
671,16557082,Arjun Sharma,2026-07-30 01:32:11,1.03,2,arjundsharma
672,15509841,Ant,2026-08-02 21:08:36,1.03,8,anthonytrevino
673,15633586,Nikita #2,2026-08-11 06:03:55,1.03,3,nikitagajbhiye30
674,16670917,Ikeda0516,2026-08-12 16:15:11,1.03,1,ikeda0516
675,16649433,lxmjlove1,2026-08-04 01:34:36,1.03,1,lxmjlove1
676,16603860,Aadi Joshi,2026-07-27 04:53:13,1.03,1,aadijoshi19
677,15777740,lemTree,2026-07-31 14:30:39,1.02,8,lemtree
678,16361627,MinJaeChoics,2026-07-27 13:09:44,1.02,2,minjaechoics
679,16484775,Jiajia Dawang,2026-07-19 02:27:04,1.02,1,jiajiadawang
680,16768256,DarkMatterNet,2026-08-25 00:27:53,1.02,2,darkmatternet
681,15487488,Richard Beauchamp,2026-07-28 23:20:58,1.02,37,rbeauchamp
682,16434918,Murat,2026-08-24 18:20:34,1.02,2,kaggleuserr2
683,16696545,Nikhil00718,2026-08-11 07:58:13,1.02,2,nikhil00718
684,15578475,Santiago Maniches,2026-08-04 13:53:17,1.02,26,santmani
685,16612903,DeineBossin,2026-07-31 00:05:54,1.02,3,deinebossin
686,15590953,k.mas,2026-08-06 06:41:43,1.01,1,kgethimas
687,15730169,Veeramuthu Babu,2026-07-07 06:20:54,1.01,3,veeramuthu
688,16093130,Team Name*,2026-07-20 09:24:30,1.01,3,jiaruicao7
689,15821658,Keven Li,2026-07-18 18:56:38,1.01,6,kevin250304
690,16263662,joicygiore,2026-07-07 03:23:11,1.01,11,joicygiore
691,15512938,hjw10086,2026-08-09 04:12:17,1.01,5,"fanglimo,hjw10086"
692,15501454,Vicens Gaitan,2026-07-27 07:09:30,1.01,13,vicensgaitan
693,15650271,yellowleaf,2026-07-26 11:21:24,1.01,10,wcqyfly
694,16706846,Thierry Tuz,2026-08-25 00:19:38,1.01,4,thierrytuz
695,16592865,zbbw,2026-08-15 21:15:06,1.01,6,rakizbw
696,16500185,Lovlace、,2026-07-10 01:28:50,1.01,4,"irisis,lovlace"
697,15531997,Jordan Franklyn McCann,2026-08-06 01:56:44,1.00,30,jordanfranklynmccann
698,16272917,Ni123456&,2026-07-28 15:09:29,1.00,22,bingdongni
699,15488649,Tanmay,2026-08-24 12:49:06,1.00,29,tanmaysah
700,15495491,Mohammed Abdullah,2026-08-14 18:20:59,1.00,1,curiousmohammed
701,16683244,Yiğit Virdil,2026-08-07 08:11:53,1.00,1,yigitvirdil
702,16764633,yutaka arase,2026-08-25 00:02:24,1.00,2,yutakaarase
703,15493761,george yazaji1234556,2026-08-15 20:55:27,1.00,8,georgeyazaji1234556
704,15532510,Mohamed IDRISSI GHALMI,2026-08-10 22:39:45,1.00,4,mohamedidrissighalmi
705,16678314,Melisakman,2026-08-07 02:04:40,1.00,2,melisakman
706,16416921,Andrey Kulakov,2026-07-01 08:29:47,1.00,3,jex398
707,15492202,KooDol,2026-08-04 08:08:45,1.00,2,koodol
708,16703813,Ayça Güler,2026-08-24 15:20:36,0.99,13,ayagler
709,16368858,Shivam Sharma,2026-08-24 02:31:39,0.99,19,jxm222
710,16508566,Harshank Matkar,2026-07-08 15:19:17,0.99,1,harshankmatkar
711,15493851,VasanAust,2026-08-11 04:37:24,0.99,2,vasanaust
712,16611553,Fidel Escalona,2026-08-16 23:12:30,0.99,4,fbescalo
713,16439222,Zhang.ZJ,2026-07-26 17:38:39,0.99,1,evilyevihut
714,16282858,Schroll🇧🇷,2026-07-04 17:17:59,0.99,6,andrefernand
715,16556855,Theo Serieys,2026-07-31 23:35:41,0.98,3,theoserieys
716,16566829,Mikey Marszewski,2026-07-25 05:59:48,0.98,2,mikeymarszewski
717,16493630,AI super coder,2026-07-12 07:12:10,0.98,6,aisupercoder
718,15498578,TuMinhDang,2026-08-19 06:09:14,0.98,16,darkswordmg
719,16691651,Abhiraj Singh,2026-08-16 00:17:02,0.98,3,cyberdrago
720,16428606,ダルシャン・キラリ,2026-07-26 06:17:34,0.98,1,darshankilari
721,15488816,Quadruped,2026-08-13 13:50:46,0.98,12,jaclyndeem
722,16286208,kutenk,2026-08-16 23:48:38,0.98,3,"guxianzhan,kalilon,kalonme,kutenk,meqikat"
723,16417375,Mogja J,2026-07-21 03:34:11,0.97,6,mogjaj
724,15608330,Naga Bhanuja,2026-08-15 09:45:59,0.97,7,nagabhanuja
725,16348686,carpe diemviva,2026-07-15 06:36:41,0.97,10,carpediemviva
726,15503225,Luo,2026-07-06 09:19:44,0.97,13,chaoqiluo7
727,16700076,JOSHUA EDWIN JACOB V 24F,2026-08-14 13:50:26,0.97,3,joshuaedwinjacobv24f
728,15581107,AGI RL,2026-08-08 02:09:16,0.97,18,fondrose
729,15604096,Bazinga!,2026-07-11 18:29:56,0.97,17,"damndeepesh,swapisticated"
730,15515601,xsong2020,2026-07-18 21:58:23,0.96,6,xstargate
731,15486998,Will,2026-07-27 07:17:35,0.96,3,wguesdon
732,16466675,nmst,2026-08-14 23:40:22,0.96,8,nmstopen
733,16652540,Kreytorn,2026-08-06 00:32:30,0.96,4,kuzeytorlak
734,16327552,srgmsowmya,2026-07-09 04:55:14,0.96,12,srgmsowmya
735,15594996,Brothers of Creations,2026-07-21 20:34:19,0.96,2,rahulrathnavel
736,15990012,islet,2026-07-06 03:05:03,0.96,4,kojimar
737,15590844,ghatotkachh,2026-07-08 06:29:02,0.96,1,ghatotkachh
738,16543278,tim chen,2026-07-22 05:21:53,0.96,5,tim310579
739,15495700,taopy2,2026-07-25 17:01:52,0.96,9,taopy2
740,16623594,alireza zarei,2026-08-08 21:20:30,0.96,3,arzarei
741,16742448,castermoanah,2026-08-19 10:51:30,0.96,1,castermoanah
742,16280739,Hafida Belayd,2026-08-14 10:08:11,0.95,5,hafidabelayd
743,15633864,ErenAGI,2026-08-24 17:32:58,0.95,17,"erenagi,mehmetakifoltulu"
744,15921900,Saúl Delgado ,2026-07-03 16:25:17,0.95,2,saul369delgado
745,16599829,venks,2026-07-26 01:05:30,0.95,1,vterli
746,15921682,Mathemortician,2026-08-08 22:32:19,0.95,8,mathemortician
747,15491011,Smart Manoj,2026-07-04 05:59:47,0.95,8,smartmanoj
748,15494842,Aman Atar,2026-08-17 08:19:51,0.94,41,amanatar
749,15885954,Zhuravlev Viktor,2026-08-11 08:33:51,0.94,1,zhuravlevviktor
750,16256464,LosOrange,2026-07-21 02:33:35,0.94,1,losorange
751,16578102,三天,2026-08-12 01:18:30,0.94,2,gggggggxy
752,15487887,Mohammad Albaddawi,2026-07-01 11:31:35,0.94,2,m7mdalbaddawi
753,16730655,MrPro1357,2026-08-19 01:29:06,0.94,3,meghdesai03
754,15488032,MagicBeatMagic,2026-08-21 10:23:59,0.94,62,"del=3ef421aac96c6cd5,del=e7869adb695afcf7,jiahaohuang0711,zhengxuyu"
755,15553513,TaKi,2026-08-04 04:13:14,0.94,13,jinjieqiu
756,16673702,wasp01,2026-08-07 00:02:03,0.94,2,wasp01
757,15771316,Ivan Martin Valle,2026-08-25 00:05:45,0.94,37,ivanmartinvalle
758,16668219,MIKE DAN7,2026-08-10 14:07:37,0.94,4,mikedan7
759,15506671,Pilkwang Kim,2026-08-05 11:07:41,0.93,19,pilkwang
760,16593977,SYC,2026-07-29 05:25:50,0.93,2,yichengs
761,16727198,blurrylogic,2026-08-25 00:02:06,0.93,10,"jainam213,ningshanma"
762,16424695,준환,2026-07-20 06:05:18,0.93,5,paulguilbert
763,16661138,Demir Durbakayım,2026-08-23 14:08:00,0.93,2,sixcode
764,16594767,"HE, Jiayou",2026-07-27 05:30:18,0.93,2,hejiayou
765,15494444,Ifeoluwa Adewumi,2026-07-24 08:52:50,0.93,5,ifeadewumi
766,16585942,Vlad Kochetov,2026-07-25 16:58:29,0.93,1,vladkochetov07
767,16567569,t-enstar,2026-07-26 02:52:38,0.93,5,tstustatama
768,16722531,Ely2ba,2026-08-24 14:57:33,0.93,8,ely2ba
769,16603057,Jason Matthew Suhari,2026-07-27 08:43:21,0.92,2,jasonmatthewsuhari
770,16282855,TAMU-TACO,2026-07-21 03:47:07,0.92,6,"linfangzhou,peirancs"
771,16760467,James McGarry IV,2026-08-25 00:00:03,0.91,3,jamesmcgarryiv
772,15488731,Johnson Chishimba,2026-08-12 23:32:08,0.91,22,johnsonchishimba
773,16679257,Lamine Yamal,2026-08-06 22:26:05,0.91,1,ermanman
774,16517287,pAIoneers,2026-07-19 18:56:31,0.91,8,"jahansinghisdagoat,noahrauch"
775,15494921,Tagir Analyzes,2026-07-26 08:05:29,0.91,1,tagirkhairutdinov
776,15492225,Charismatic Pizza Party🍕,2026-08-09 13:09:50,0.91,11,debugendless
777,16544283,Alison Moura,2026-07-20 11:15:02,0.91,3,mouraalison
778,16655146,Benjamin H Pepper,2026-08-15 17:19:41,0.91,1,bhpepper
779,15919665,Nam Nguyen,2026-07-08 20:19:42,0.91,32,namthanhnguyen2001
780,15556286,joaopedrotocantins,2026-07-24 00:06:15,0.91,5,joaopedrotocantins
781,16690379,NMZP,2026-08-23 05:43:52,0.90,3,numsap
782,15532157,DanielGuy,2026-08-04 03:19:58,0.90,11,danielguy111
783,15518885,Pawan Rama Mali,2026-08-07 04:06:41,0.90,8,pawanmali
784,16484458,interneuron,2026-07-18 03:23:36,0.90,3,interneuron
785,16646937,shelbe41,2026-08-10 14:56:10,0.90,7,shelbe41
786,15789987,q zh,2026-07-02 08:53:34,0.89,11,hrbzhq
787,16633862,pushkin05,2026-08-01 01:01:12,0.89,1,pushkin05
788,16445972,DummyIndex,2026-07-23 21:48:51,0.89,10,dummyindex
789,16580350,Musa Tur Farazi,2026-07-21 13:00:43,0.89,1,musaturfarazi
790,16371120,sam,2026-07-30 03:21:31,0.89,4,samgreen2046
791,16549662,Mark Grayson,2026-07-15 11:53:27,0.89,1,flyingsinclair
792,15989721,nptd,2026-07-19 12:01:37,0.89,1,hitheone
793,16697910,Nolin Nguyen,2026-08-13 23:37:06,0.89,2,nolinnguyen
794,16452307,Dalton Omondi,2026-07-08 11:58:05,0.89,4,daltongabrielomondi
795,16047765,pensukesan,2026-07-29 23:30:15,0.89,12,pensukesan
796,15692916,Matthew Blake Ward,2026-08-24 10:58:19,0.88,41,matthewblakeward
797,16711456,HarijsPoters,2026-08-12 16:30:59,0.88,1,harijspoters
798,15492017,Nabil Alagi,2026-07-01 03:00:57,0.88,33,nabilalagi
799,16086026,not-overfitting,2026-07-06 21:15:49,0.88,6,zidan2020
800,16135652,Izukia,2026-07-08 01:48:23,0.88,6,"accelra,izukia,tendenho"
801,16620772,kagglejohn15,2026-08-24 07:46:24,0.88,10,kagglejohn15
802,16732495,Weisong Kuang,2026-08-19 02:31:55,0.88,2,weisongkuang
803,16370290,Rishav Utkarsh,2026-07-27 10:16:22,0.88,4,"nehak76044,rishavutkarsh"
804,16663762,🔥🦫📿🗽,2026-08-09 13:51:26,0.88,2,datafad
805,16560062,caspian,2026-07-21 06:21:02,0.88,5,haivan11
806,16535806,James Iffen,2026-08-18 15:33:57,0.88,1,jamesiffen
807,16486164,Siva Voleti,2026-07-10 19:10:15,0.88,1,sivavoleti
808,15554031,YOUSSOUF KAMAGATE,2026-08-06 23:46:05,0.87,1,youssoufkamagate
809,16603419,hh h,2026-07-27 01:48:21,0.87,1,hhhcqy
810,15504137,Tariku Mehdi,2026-08-13 03:03:39,0.87,6,tarikumehdi
811,16590347,G!vIOne,2026-07-24 18:46:46,0.87,2,gvione
812,16491432,ll,2026-07-06 23:21:18,0.87,1,sergeevii123
813,16492717,たかゆき,2026-07-08 00:07:30,0.87,3,takayuki0127
814,15553784,skjazz,2026-07-09 19:12:30,0.87,4,skjazz
815,16669635,Prajwal Rawoorkar,2026-08-23 19:06:55,0.87,9,"kunaltilaganji,prajwalrawoorkar"
816,16664378,Dimitri ZABRE,2026-08-05 11:25:42,0.87,1,dimitrizabre
817,15526403,BhargavaAbhi,2026-07-02 12:40:01,0.87,14,bhargavaabhi
818,15487960,Stephen Kaskin,2026-08-24 09:52:28,0.87,8,stephenkaskin
819,16679298,Ozan AKMAN,2026-08-07 02:04:44,0.87,2,ozanakman
820,16388372,Nat,2026-07-17 04:19:50,0.86,15,natgurlain
821,16471727,FasterYouChase FasterIRun,2026-07-08 12:19:30,0.86,5,icoguser
822,15772533,⸻AgentZZ ⸻,2026-07-30 21:07:45,0.86,4,agentzz
823,16698118,Suman Nandamury,2026-08-25 00:22:28,0.86,16,nandamury
824,16629364,Aishik Rakshit,2026-08-12 19:58:05,0.86,2,aishikai
825,16328387,atila vahedian,2026-07-28 02:14:06,0.86,8,atilavahedian
826,16437247,Mimic Mohsin,2026-08-02 14:01:04,0.85,3,mimicmohsin
827,16670567,Suavemango,2026-08-17 01:01:51,0.85,4,suavemango
828,16611103,myab07,2026-07-30 14:25:21,0.85,1,myab07
829,16419023,Jacky Lin,2026-07-21 12:32:41,0.85,1,jackylin047
830,15510923,Ravi Ramakrishnan,2026-08-16 08:29:59,0.85,14,ravi20076
831,16551776,WUHAOZHE618,2026-08-22 00:00:50,0.85,4,wuhaozhe618
832,15526518,Andreas Bisiadis,2026-08-12 11:17:24,0.84,16,andreasbis
833,16535086,Hyunsik Park,2026-08-14 03:59:32,0.84,3,hyunsikpark
834,16499873,Harish K,2026-08-10 13:46:27,0.84,2,harishk2209
835,16658228,Deniz Mucur,2026-08-07 04:18:40,0.84,3,denizmucur
836,16652475,i efe Yeşildağ,2026-08-03 12:13:58,0.83,1,iefeyeilda
837,15833545,lp,2026-07-07 03:03:56,0.83,10,lihu6666
838,16759600,Rustam Bazarbayev,2026-08-22 17:06:08,0.83,1,rustambazarbayev
839,16431554,Pirate-Emperor,2026-07-05 17:23:37,0.83,2,piratekingrahul
840,16681401,Ada Sarp KIRIK,2026-08-07 04:57:55,0.83,1,adasarpkirik
841,16500424,bihrain,2026-07-16 17:42:00,0.83,3,bihrain
842,15660503,weiyang,2026-08-09 12:04:49,0.83,4,weiyangeliu
843,15513955,Light&Thunder,2026-07-16 07:41:01,0.83,3,yerne39
844,15702685,Shreyas Mahimkar,2026-08-18 14:57:22,0.83,19,shreyas4
845,15490682,fenger001,2026-07-04 00:04:33,0.83,2,fenger001
846,16696612,Shishkov Vladislav,2026-08-11 08:01:16,0.82,2,timetoti
847,15996264,RameshG888,2026-07-24 18:17:30,0.82,18,ramesh888
848,16726847,Mina Gayid,2026-08-16 00:04:24,0.82,1,minagayid
849,15646085,ASGModels,2026-08-05 05:20:03,0.81,2,mkjhfghfgh
850,16543687,Coen Hewes,2026-08-02 05:32:23,0.81,3,coenhewes
851,16444749,Henry CKW,2026-08-02 01:02:43,0.80,12,kinwochan
852,16673306,Sarp Öztürk,2026-08-07 06:36:38,0.80,1,sarpztrk
853,16668629,Giwrgos Savvidhs,2026-08-05 15:29:17,0.80,1,gsavvidhs
854,16428454,letanhm,2026-07-10 06:40:18,0.80,6,letanhm
855,16679281,oguzaydin.72,2026-08-07 00:06:09,0.80,2,oguzaydin72
856,15488163,Berkay,2026-07-13 18:20:17,0.80,50,stormchaser
857,15487124,Anthony Nwafor,2026-07-08 22:46:56,0.80,3,anthonynnagbo
858,16693391,Jacob Davis,2026-08-25 04:05:01,0.79,17,jacobtdavis
859,16605252,borro1980,2026-07-30 22:54:45,0.79,1,borro1980
860,16673942,Seongsoo Park,2026-08-06 09:18:49,0.79,1,pssupkaggle
861,16722143,Devraj Singh,2026-08-18 08:42:05,0.79,4,devrajsinghk
862,16303618,Isaac Menard,2026-07-18 17:52:21,0.79,3,isaacmenard
863,15487089,Rafaël Labbé,2026-07-01 01:44:08,0.79,4,hashpanda
864,15494211,Zulqar,2026-08-06 12:54:22,0.78,1,johndoe2011
865,15488435,Artem Goncharov,2026-08-10 14:02:17,0.78,4,artemgoncarov
866,15545901,CHENGQI ZHENG,2026-08-17 12:13:32,0.78,10,chengqizheng
867,16632186,Chang Sue,2026-08-10 00:13:18,0.78,4,sc2005
868,16516797,Lea Longepierre,2026-08-03 18:03:56,0.78,2,lealongepierre
869,16651393,Doruk Kaan Kaptan,2026-08-07 07:04:40,0.77,1,dorukkaankaptan
870,15587430,Akira Hirohashi,2026-07-03 13:44:04,0.77,6,akirahirohashi
871,15562926,Oluyinka Oginni,2026-07-13 03:56:19,0.77,8,"datatemple,olugbemioginni"
872,16717315,Arda Ceylan,2026-08-14 11:13:39,0.77,1,ardacey
873,16696783,maximo lorenzo y losada,2026-08-13 01:42:30,0.76,1,maximolorenzoylosada
874,16487140,Huilei Wang,2026-07-04 18:22:50,0.76,1,gracewang011026
875,16762134,evazhan,2026-08-23 12:31:38,0.76,1,batcheval
876,16725521,Ding Ding,2026-08-18 06:41:17,0.76,4,ddddir
877,16552724,Jahan Kazimi,2026-07-23 11:37:32,0.76,2,jahankazimi
878,16620509,joequant3,2026-08-01 01:41:22,0.76,2,joequant3
879,16218547,Jiachen Li,2026-08-11 03:02:04,0.75,4,llccqq624
880,16566656,62326368,2026-07-19 01:35:59,0.75,1,mooniim
881,16448996,MakersLabTM,2026-08-18 14:53:44,0.75,17,makerslabtm
882,15538930,Ashmawy,2026-08-17 16:46:09,0.75,11,ashmawy
883,16661285,Basheer Marzoog,2026-08-04 19:22:04,0.75,1,basheermarzoog
884,16497948,Vaibhav Arduino,2026-07-07 06:25:54,0.75,1,vaibhavarduino
885,16710666,Pengyi Peng1,2026-08-17 13:12:07,0.74,4,pengyipeng1
886,16554652,Paweł Jankiewicz,2026-07-19 19:22:21,0.74,1,paweljankiewicz
887,15677791,Rayan Chakib Idris,2026-08-14 20:53:28,0.73,3,rayanchakibidris
888,16584442,juricek chen,2026-07-22 07:34:41,0.72,1,juricekchen
889,16388387,ancientLuck,2026-08-03 15:04:59,0.72,1,ancientluck
890,15917525,Chris Paul Walker,2026-07-11 03:37:17,0.72,28,chrispaulwalker
891,16486428,Matěj Kopecký,2026-07-04 18:01:49,0.72,1,matjkopeck
892,16269683,Mathieu W,2026-07-31 12:41:03,0.72,3,mathieuw
893,16494808,MiHu,2026-07-06 12:16:33,0.71,1,chenboluo
894,16021367,the last dance,2026-08-24 22:34:35,0.71,34,"dwellement0baser,fses91,gklambauer,lukasaichberger"
895,16575052,Кирилл Алешин,2026-07-20 19:33:54,0.70,1,kirneo
896,16132261,face-of-agi,2026-07-08 21:05:14,0.70,33,"cmechevalier,richardcsaky"
897,15620054,bueno,2026-08-01 14:42:50,0.70,8,"marynaborovska,yuriygreben"
898,16679963,uzair,2026-08-07 06:04:14,0.69,1,quantumcurator
899,16481141,Dajai Stewart,2026-08-09 06:15:55,0.69,2,dajaistewart
900,15660677,Udit Jain,2026-07-07 18:09:47,0.69,1,uditjain13
901,15707928,Michael Poluektov,2026-07-31 15:40:51,0.69,1,michaelpoluektov
902,15600061,adakoda,2026-08-01 00:38:22,0.69,51,adakoda
903,16454096,1tracksystem,2026-07-13 10:24:23,0.68,14,onetracksystem
904,15513545,Redfield Rentals,2026-04-17 04:11:30,0.68,20,niyatisingla
905,16723217,Jinx JK,2026-08-15 05:03:53,0.67,1,jinxjk
906,16323563,ym_xqm121,2026-07-18 12:28:33,0.67,4,ymxqm121
907,16599650,prvsiyan,2026-07-28 17:08:23,0.67,2,prvsiyan
908,16688319,kid william,2026-08-14 09:29:11,0.66,1,kidwilliam
909,15545043,Wild Star217,2026-08-17 15:20:37,0.66,35,wildstar217
910,16652771,EmirKaanozdemr,2026-08-06 20:55:08,0.65,3,emirkaanozdemr
911,16668517,Toprak Gundogdu #2,2026-08-07 00:13:14,0.65,3,toprakgundogdu123
912,16663634,Grayskull,2026-08-18 10:38:44,0.65,13,maciejbrzeski
913,15494399,SVG,2026-04-16 06:23:59,0.65,21,sandeepgoyal1980
914,16705639,JungHwan,2026-08-13 00:12:01,0.65,3,najunghwan
915,15892305,moeuuu,2026-07-15 07:50:40,0.64,2,moeuuu
916,15495380,AnpAn_Men,2026-07-03 17:57:26,0.64,4,anpanmen
917,15504761,Matthew Philip Poetker,2026-06-30 12:28:06,0.64,19,mattpoetker
918,15513542,[a-z A-Z] [1-9],2026-04-16 06:23:27,0.63,19,sumanb1985
919,16475680,hydrogenbonds,2026-08-12 09:49:15,0.63,18,jeffreyntse
920,16462946,YouKnoWho,2026-07-11 10:39:50,0.63,4,darksoul026
921,16448505,Mando,2026-07-24 14:30:33,0.62,1,chesteryuan
922,16448608,goose goose duck,2026-07-03 14:12:23,0.62,5,"deniseguo,jiexusheng20bz"
923,16128418,woihexi,2026-07-05 17:48:44,0.62,1,"woihexi,xzw9178"
924,16292356,Scrattle,2026-08-24 23:15:47,0.62,32,scrattle
925,15513536,Kamado Tanjiro,2026-04-17 05:42:48,0.61,20,parthg0106
926,16612413,Mike Lee,2026-08-20 11:55:27,0.60,19,mikejlee
927,16500512,Joseph Adamski,2026-07-21 19:04:31,0.60,13,josephadamski91
928,16436012,yxy,2026-07-01 11:32:13,0.60,4,yingxuanyang
929,15513547,"Winner Winner, BBQ Dinner",2026-04-17 05:43:08,0.59,20,manavsingla2005
930,15568397,neeraj b,2026-04-17 05:17:58,0.59,11,neerajb2000
931,15942555,Abraham,2026-07-14 22:23:11,0.59,17,abram007
932,15513538,Dhanashree Chavan,2026-04-17 04:09:23,0.58,20,dhanashreechavan2000
933,15531976,Sanjay Dutt,2026-04-16 06:23:47,0.58,16,sanjaygoyal1982
934,16683236,engiemin,2026-08-07 08:11:13,0.57,1,engiemin
935,16598196,Andrei Chulkov,2026-08-18 13:57:38,0.56,2,andreichulkov
936,15486706,AGgIes,2026-07-12 02:49:59,0.56,4,"bhavyanukapotula,flash36,shahidaamirsheikh,spark8433"
937,16458923,Tareq,2026-07-09 07:06:04,0.55,3,talkhaldi
938,16416577,Chandu Lakkimsetti,2026-07-22 07:25:26,0.55,2,chandulakkimsetti
939,16459523,hahastone,2026-07-02 20:41:04,0.54,3,hahastone
940,16276663,Qiwei,2026-07-04 08:11:41,0.53,5,qiweiyin
941,16387842,Ruxiao Qian,2026-07-31 14:12:17,0.53,7,ruxiaoqian
942,15907021,Huangxin14,2026-07-17 02:46:17,0.52,4,huangxin14
943,16402997,Vedant Gupta,2026-07-12 18:44:21,0.52,1,vedantgupta070
944,15488639,[Deleted] 31dcedba-a700-4b00-9079-1d3195779db2,2026-06-10 09:01:08,0.51,66,del=795a5bc1dd2cd32b
945,16466739,Zhecho Mitev,2026-07-01 14:21:35,0.51,1,zhechomitev
946,15494057,Sergei Fironov,2026-04-03 10:51:19,0.50,5,sergeifironov
947,16740456,Tianyi HE,2026-08-24 07:16:54,0.50,3,uu1002
948,16658256,Emrullah Söyler,2026-08-05 13:17:51,0.50,2,emrullahsyler
949,16537624,Student,2026-07-20 17:23:23,0.50,3,jonahm
950,16387036,Jens Lehmann,2026-08-23 20:02:37,0.50,12,jenslehmann
951,15641620,Rachid Caich,2026-08-10 13:11:47,0.50,1,rachidcaich
952,15494779,accforantigravity1,2026-04-06 04:59:47,0.49,9,accforantigravity1
953,16393597,Tahsin Arafat,2026-06-30 17:37:17,0.48,1,tahsinarafat
954,16485287,Haily_mary,2026-07-05 15:25:24,0.48,2,hailymary
955,15552958,최강 필립,2026-05-23 19:49:01,0.48,29,hakgyuhong
956,15486661,theredbluepill,2026-06-21 15:18:26,0.47,67,"del=fccf4a7a35741c78,poonszesen"
957,16348978,Son Tran,2026-07-12 09:12:04,0.47,9,s27813
958,15940553,Quinn,2026-05-21 03:56:20,0.47,7,fooboy
959,15513541,Pg0106,2026-04-03 05:21:56,0.46,6,pg0106
960,15517097,IC2,2026-06-05 09:20:02,0.46,10,jonathanchan
961,15531140,HongyuChen123321,2026-07-03 03:50:13,0.46,8,hongyuchen123321
962,15500383,Sumit Pandey,2026-04-06 04:08:05,0.46,3,itsyoursumit
963,16679156,Seniha Dal,2026-08-07 04:23:38,0.45,2,senihadal
964,15659990,动物朋友,2026-04-26 13:25:50,0.45,3,"breadkaggle,chenyixu2004"
965,16444733,Lamsiu,2026-07-01 00:23:28,0.45,2,samzliu
966,15520587,Sweety Seelam,2026-08-03 20:29:07,0.44,65,sweetyseelam
967,16424567,Samuel Xu,2026-07-14 17:39:42,0.44,15,samuelzxu
968,16302564,Cameron Warrennn,2026-06-22 13:07:41,0.44,8,cameronwarrennn
969,15513551,PAG0106,2026-04-03 05:22:52,0.44,6,pag0106
970,15500528,Sonnia AI,2026-06-30 23:52:40,0.44,6,drozza
971,16432576,Mario Gemoll,2026-07-03 20:26:55,0.43,8,mariogemoll
972,16421960,Gopal Krishna Gundumalla,2026-07-25 15:25:20,0.43,13,gopalkrishnag
973,15491953,Umer Haddii,2026-06-08 10:16:55,0.43,25,umerhaddii
974,15540497,PyJa,2026-06-26 10:31:43,0.43,10,pixiux
975,15491649,Samsay24,2026-06-28 18:33:03,0.43,6,samsay23
976,15635434,Gabriel Mirea,2026-06-30 10:15:17,0.42,10,gabrielmirea
977,15731261,Genki,2026-07-01 02:22:21,0.42,30,genkiwatanabe
978,15543640,李闯,2026-05-26 01:17:24,0.42,45,deyiao
979,15564597,Bogdan Kovenko,2026-08-24 04:41:51,0.42,16,bogdan355
980,15510096,Beyond Logic,2026-08-08 21:27:26,0.42,15,"beyondlogic,mazharie,turag10"
981,16574175,Ohmikawa,2026-08-16 00:31:19,0.42,1,koheiomikawa
982,15905450,Ngoc Nguyen Tuan,2026-07-05 05:23:57,0.42,18,ngocnguyentuan
983,15509312,zorojuro,2026-06-30 08:15:22,0.42,58,vyankteshdwivedi
984,16246061,Jingjing,2026-08-24 03:00:43,0.41,9,imppie
985,16694368,easonyanyan,2026-08-23 15:25:36,0.41,4,easonyanyan
986,15501006,Jan Disselhoff,2026-07-12 00:07:51,0.41,23,insanitycheck
987,15495944,Chenyu Wang,2026-05-06 16:21:09,0.41,8,ataraxyyeah
988,15494694,Makarr,2026-06-26 04:26:47,0.41,51,makarrogovik
989,16298652,yuru1yang,2026-06-30 03:09:23,0.40,10,yuru1yang
990,16024999,JiSung,2026-06-13 15:50:31,0.40,5,jisungreal
991,16639352,John Artzi,2026-08-01 22:26:58,0.40,1,johnartzi
992,16645880,HΣM ΔKΔRΔPU,2026-08-06 00:11:04,0.40,4,hemakarapu
993,16023573,PRAVIN_SJCE,2026-06-07 16:50:20,0.40,6,pravinkannan18
994,16431170,lxh unbound,2026-06-29 11:23:44,0.40,2,lxhunbound
995,15511978,Adam Rudd,2026-08-24 14:01:16,0.39,128,rudddy
996,15571729,omar zoloev,2026-06-03 21:06:27,0.39,44,tsebaka
997,15522769,Anyang Su,2026-06-29 09:16:19,0.39,6,anyangsu
998,16310005,Ehab Ibrahim Khalil Mohamed,2026-06-29 06:32:00,0.39,4,ehabkhalil0
999,15742001,Kaustav Banerjee,2026-06-23 09:28:22,0.39,19,gitkaustav1996
1000,16377858,Prateik Sinha,2026-07-01 02:43:38,0.39,7,prateiksinha
1001,16286664,Ayodeji Akinola,2026-08-23 17:10:35,0.39,18,ayodejiakinola
1002,15518338,Eslam Elokpy,2026-05-05 19:12:00,0.39,7,eslamelokpy
1003,15639195,Facundo Olcese,2026-07-13 18:39:51,0.38,23,facundoolcese
1004,15707799,Kun Zhang,2026-08-13 19:41:58,0.38,99,beicicc
1005,15486999,Kamal Das,2026-05-09 18:23:24,0.38,6,kmldas
1006,15490521,MUHAMMAD SAMEER TARIQ,2026-06-18 03:10:54,0.38,5,muhammadsameertariq
1007,15880404,Ahmad Fakhar,2026-06-16 08:30:59,0.38,1,ahmadfakhar
1008,15487029,vialactea,2026-05-30 12:04:51,0.38,39,vialactea
1009,15563995,Artem Nazemtsev,2026-05-03 14:16:07,0.37,3,artemnazemtsev
1010,15824014,KimMun,2026-07-10 15:02:09,0.37,22,munhyeong
1011,16100940,Pranesh,2026-07-03 02:25:38,0.37,24,praneshsaha
1012,15489635,aha_Yann Zhenxuan,2026-06-16 08:49:38,0.37,2,yannzhenxuan
1013,16259498,AlexJoseph12312,2026-06-19 10:43:59,0.37,6,alexjoseph12312
1014,15491441,Vitor Hugo Barbedo,2026-07-24 00:04:39,0.37,21,vitorhugobarbedo
1015,15914947,Sid_AI_Engineer,2026-05-20 03:35:59,0.36,1,sidaiengineer
1016,16750358,Stephane Aroca-Ouellette,2026-08-24 11:17:03,0.36,4,stephanetao
1017,15504594,Hibachi Fried Rice,2026-05-09 05:56:54,0.36,18,samvalladares
1018,15788942,JustRadr,2026-05-02 09:48:47,0.36,2,justradr
1019,15579683,Elvis Bui,2026-05-05 19:23:28,0.36,16,elvisbui
1020,16110416,Artem Gorokhov,2026-06-30 19:00:05,0.36,1,ga5534
1021,15504828,Ryan Adams,2026-07-14 12:02:53,0.36,34,ryanadamsai
1022,15705374,rahul singh nsec,2026-06-10 04:07:05,0.36,17,rahulsinghnsec
1023,16441059,Rohit Kumar Sahoo,2026-06-29 18:32:32,0.36,1,rohit4118
1024,16095073,Gaurav Kushwaha,2026-06-30 06:47:51,0.36,3,fridaycode
1025,16311340,Tim Krige,2026-07-14 20:55:38,0.36,3,timkrige
1026,16087024,primal,2026-06-24 21:59:11,0.36,3,primalhost
1027,15496181,Rui Costa,2026-04-20 01:53:33,0.36,7,ruicos
1028,16594029,Martin Balla,2026-08-04 20:20:05,0.36,5,martinballa
1029,16556956,Stefan Reinmann,2026-07-21 08:43:53,0.36,2,stefanreinmann
1030,16594426,Aaryan Pawar,2026-08-24 16:26:53,0.36,12,aaryanpawar16
1031,15502834,LongHuL,2026-07-04 13:22:58,0.36,13,longhul
1032,16429321,OctoByte,2026-06-28 17:49:14,0.35,4,octobyte
1033,15526661,Gena,2026-04-02 08:06:54,0.35,3,gdonchyts
1034,15620751,AnonymousTorchCat,2026-04-15 09:14:41,0.35,1,anonymoustorchcat
1035,15496986,Marek Nurzynski,2026-05-07 13:44:05,0.35,12,marek3000
1036,15495023,Heminator,2026-04-03 00:04:08,0.35,3,heminator
1037,15494449,Ahmed Wez,2026-05-05 10:58:59,0.35,19,ahmedwez
1038,16158545,yp011235,2026-07-28 21:54:11,0.35,18,yp011235
1039,16659717,jinbo wang1,2026-08-24 11:56:56,0.35,3,jinbowang1
1040,15540981,Quintilis Academy,2026-08-25 02:06:04,0.35,56,"paulgrenci,quintilisacademy,sarthakpatnaik1998"
1041,15721993,naveen11@12,2026-05-14 08:27:34,0.35,15,naveen1112
1042,16161345,VibeMesh Labs,2026-07-17 17:45:15,0.35,23,toverly
1043,16730066,Emek Can Doğru,2026-08-25 00:05:54,0.35,6,emekcandoru
1044,15493035,NamVIDIA,2026-04-21 06:10:39,0.35,18,"alexsandaer,del=37a64735fd4afda1,kevinnqt,vanngothanh"
1045,15598296,Marek Wyborski,2026-04-21 11:12:51,0.34,3,marekwyborski
1046,16306699,shunsuke240117,2026-06-17 07:39:34,0.34,3,shunsuke240117
1047,15733920,S. Jason Prohaska,2026-07-30 07:51:37,0.34,46,sjasonprohaska
1048,15499056,David Martin,2026-07-16 15:54:03,0.34,20,databasecsv555
1049,15506165,Nine1Eight,2026-08-15 06:41:06,0.34,46,wethepeople918
1050,15518410,耶✌,2026-07-13 15:03:39,0.34,23,qifeihhh666
1051,15697214,L1a0JH,2026-07-06 07:37:16,0.34,2,coolkid14122
1052,15626455,Young,2026-05-06 02:53:55,0.34,15,christie
1053,16105765,ali.bhji,2026-07-05 02:02:54,0.34,2,alicomtec
1054,15605359,Dmitry Kozlov,2026-05-06 00:01:39,0.34,16,dkozlov
1055,15489507,Arnaldo Pereira,2026-06-16 00:12:54,0.34,2,arnaldoapp
1056,16042212,HARIDOSS24,2026-05-21 13:20:36,0.34,1,haridoss31
1057,16426329,Santiago Mota,2026-06-24 08:51:55,0.33,1,santiagomota
1058,15618765,zaka26019,2026-06-25 17:21:53,0.33,9,zaka26019
1059,15490455,MuChat007,2026-05-09 00:06:29,0.33,20,muchat007
1060,16362930,Hafiz Atif Ali,2026-06-28 01:32:11,0.33,2,dingolingo
1061,15490245,tdeshpan,2026-05-22 03:14:21,0.33,21,tdeshpan
1062,15740088,subbarao pothineni,2026-05-07 20:45:40,0.33,9,subbaraopothineni
1063,16250440,Neeraj,2026-06-13 11:43:34,0.33,8,nee404
1064,15529479,JarvisMaker,2026-04-08 07:07:08,0.33,4,piuati
1065,15632995,Cnueua,2026-04-16 17:50:42,0.33,1,cnueua
1066,15504124,UEFO-PRO,2026-04-02 15:22:47,0.33,3,adejumobidaniel
1067,15785736,Konstantin Kuzmichev,2026-04-29 19:12:15,0.33,1,konstantinkuzmichev
1068,15643108,shivansh patel4354,2026-07-03 22:39:38,0.33,13,"ishanbojja,shivanshpatel4354,vihaandashputre"
1069,15632280,zzllusa,2026-05-11 01:02:15,0.33,18,zzllusa
1070,16098518,Leifson1337,2026-07-08 16:07:43,0.33,18,leifson1337
1071,15534003,yukanglimofficial,2026-06-30 14:29:31,0.33,11,yukanglimofficial
1072,16603382,Carlos Ponce,2026-08-19 18:39:59,0.33,5,carlosoponce
1073,15748091,Karnakbayev Artur,2026-05-08 19:44:19,0.33,9,karnakbaevarthur
1074,15966733,Brain is all you need,2026-06-21 17:34:07,0.32,20,yaroslavkholmirzayev
1075,16292160,Nandakishor Convai,2026-06-26 05:01:39,0.32,15,nandakishorconvai
1076,16654262,Liesvy Valladares,2026-08-04 01:07:43,0.32,1,liesvyvalladares
1077,16253774,Søren Ravn Andersen,2026-06-27 07:14:33,0.32,18,sorenravn
1078,15552236,Adarsh,2026-06-29 10:34:45,0.32,5,adarsh2626
1079,15542241,"NICOLAS B. QUIROZ, MD",2026-04-30 18:52:03,0.32,12,quirozmd2010
1080,15488651,没落者,2026-06-02 01:07:50,0.32,40,needless090
1081,15486911,Dhavan Shah,2026-08-05 22:52:56,0.32,4,dhavanshah99
1082,15561509,RickyCOrozco,2026-04-21 02:01:49,0.32,6,rickycorozco
1083,15570121,Priyanshu Sharma,2026-04-07 09:31:00,0.32,1,priyanshujiiii
1084,15497526,shafiullah,2026-06-03 05:03:30,0.32,21,bigdataanalysis1
1085,15902343,Peter_P77,2026-05-11 01:50:11,0.32,4,peterp77
1086,15749242,ccccccy q,2026-05-07 12:40:33,0.32,3,ccccccyq
1087,16594301,ArnavGr0ver,2026-08-17 19:45:43,0.32,10,arnavgr0ver
1088,15830194,Mariglen Allushi,2026-05-06 06:36:12,0.32,4,gucci1337
1089,16026169,Tkhanna96,2026-06-11 23:21:54,0.32,14,tkhanna96
1090,16393169,Aditya Gupta,2026-06-23 11:20:31,0.32,1,shadowmonarc95
1091,15495155,Marco Ledda,2026-04-15 10:26:44,0.32,5,marcoledda29
1092,15771264,Manav Trivedi,2026-06-13 05:08:13,0.32,12,manavtrivedi
1093,16430313,Leszcz,2026-07-19 23:16:55,0.32,6,franciszekpiechocki
1094,15586866,AEONICAL LAB,2026-08-03 06:52:15,0.32,9,kudzaiking
1095,15491937,Imaad Mahmood,2026-05-16 17:11:54,0.32,23,imaadmahmood
1096,16299461,ksjksj,2026-07-02 13:39:45,0.32,4,ksjksj
1097,15494935,Mattpelor,2026-04-17 08:49:03,0.31,22,mattpelor
1098,16560494,victor,2026-08-07 03:01:34,0.31,11,vicmcorrea
1099,15733342,warriorjod,2026-06-29 05:19:00,0.31,7,warriorjod
1100,15624195,Zerabyte_X,2026-06-04 11:56:09,0.31,4,zerabytex
1101,16532032,Takao Morita,2026-08-17 05:49:13,0.31,20,takaomori
1102,16150014,Banwait_13,2026-08-15 10:07:50,0.31,11,banwait13
1103,15486743,Yash Marathe,2026-06-28 17:08:44,0.31,2,maratheyash
1104,15702803,Yiding Wang,2026-06-19 08:50:54,0.31,11,"jalenchang,yidingwangwill"
1105,15596779,Vandit,2026-06-16 08:09:02,0.31,43,vandittyagi0909
1106,16390772,Abid Ali Awan,2026-06-18 18:54:08,0.31,1,kingabzpro
1107,15533115,P3069,2026-04-01 19:23:16,0.31,1,pietrocol
1108,16269931,Trueis,2026-08-24 12:39:07,0.31,8,"trueis,vaibhavkovela"
1109,16371167,TG_Aetheryx,2026-07-11 00:59:51,0.31,24,subzerin
1110,15557566,Petitgen,2026-08-21 04:19:49,0.31,8,negtitep
1111,15858349,Leave Blank,2026-05-14 04:52:42,0.31,6,ai4funnwp
1112,15562202,Daris Dzakwan Hoesien,2026-04-06 02:41:49,0.31,1,darisdzakwanhoesien2
1113,15858927,Mehul Mathodia,2026-06-05 11:41:22,0.31,16,mehulmathodia
1114,15546253,Digitally Demented,2026-06-03 17:40:16,0.31,40,digitallydemented
1115,15883736,kusui26,2026-05-27 01:27:36,0.31,8,kusui26
1116,16082260,Saptak Banerjee,2026-05-26 10:48:40,0.31,1,saptakbanerjee123
1117,15488017,AMD,2026-05-06 14:56:50,0.31,10,amadesouki
1118,16153444,Jeffan Chen,2026-06-16 03:34:00,0.31,11,jeffanc
1119,15489579,Kiki,2026-06-04 11:30:12,0.31,4,rouiou
1120,15496864,Alper Ugurcan,2026-05-31 12:52:03,0.31,16,alperugurca
1121,16260267,blackseashark@gcvt,2026-08-24 07:20:35,0.31,10,"blackseasharkgcvt,morsmanipulus,shreyjauhari,sidheshmishra,trushti"
1122,15819155,yi-yang,2026-06-05 06:08:40,0.31,14,yihsiuyang
1123,16234131,Tyler Hughes,2026-08-24 19:40:19,0.31,60,tylerbrianhughes
1124,15511390,NinjaNick,2026-04-03 00:31:54,0.31,6,ninjanick
1125,16261636,dan 0438,2026-06-26 02:02:19,0.31,10,dan0438
1126,16678752,GB1105,2026-08-07 09:23:26,0.30,2,gb1105
1127,15561790,sillyveh,2026-04-20 12:17:26,0.30,7,sillyveh
1128,15503127,TARUN8808,2026-05-07 18:32:47,0.30,15,tarun8808
1129,16261586,ahmet akyurt,2026-06-30 08:01:47,0.30,16,ahmetakyurt
1130,16380819,jdysjg,2026-07-11 01:00:00,0.30,19,tgmath
1131,15506605,Troyxxf,2026-04-29 05:07:09,0.30,25,troyxxf
1132,15490684,Mansour A. S. Ataa,2026-08-23 21:45:56,0.30,13,profmansoor
1133,16254990,Peter Kim,2026-06-07 15:51:05,0.30,1,petekiam27
1134,15504827,Yeshua,2026-06-07 14:42:30,0.30,33,mosesjoshuacoker
1135,15557388,Ttkuma,2026-06-27 03:15:33,0.30,4,ttkuma
1136,16205244,HaochenShi,2026-07-04 02:44:17,0.30,3,haochenshi
1137,15770611,Ayaka Kirima,2026-06-24 13:57:25,0.30,1,ayakakirima
1138,15508564,Marius Heuser,2026-06-30 20:36:28,0.30,44,mariusheuser
1139,15541601,Shhn,2026-04-04 00:19:56,0.30,3,shahinkh
1140,16701499,ZHUO ZIJIE,2026-08-18 00:00:48,0.30,5,zhuozijie
1141,15861414,Mario Santorelli,2026-05-10 00:20:07,0.30,5,mariosantorelli
1142,15502772,Ameya Tanikella,2026-04-18 15:02:10,0.30,1,axizcc
1143,16095139,Apex,2026-06-15 22:46:01,0.30,10,brendank1ng
1144,16059142,TheLightIs,2026-06-06 22:06:31,0.30,3,thelightis
1145,15601708,Liew Keong Han,2026-07-01 00:17:32,0.30,7,farmountain
1146,16534180,ShadowJutszu,2026-07-31 07:11:15,0.30,12,gshadow
1147,15495259,geolearnerr,2026-06-11 03:49:27,0.30,1,geokocha
1148,15865894,fengren,2026-05-06 02:20:22,0.30,2,fengrenyang
1149,15569757,Jules,2026-07-15 11:25:02,0.30,8,julesvanligtenberg
1150,15628830,Pz,2026-05-14 13:47:03,0.30,9,phillipvz
1151,15491130,christopher athans crow,2026-07-20 03:29:42,0.30,13,cchrisaa
1152,15509337,Daniel Cooper,2026-04-05 14:06:03,0.30,9,habrt03
1153,16530739,陈星余csu,2026-07-14 05:12:32,0.29,3,csucxy
1154,15549790,Md Feroz Ahmed,2026-04-03 17:56:59,0.29,1,mdferozahmedafm
1155,15552744,Gwho,2026-04-24 14:18:08,0.29,14,gwhoxd
1156,16155197,XiaoYan12,2026-06-28 06:25:03,0.29,9,xiaoyan12
1157,16438896,pilipala,2026-06-27 06:32:13,0.29,2,nianshi
1158,16490468,Yogi Godara,2026-07-13 13:53:42,0.29,4,yogigodara
1159,15607045,ChenZiang,2026-05-13 02:20:12,0.29,3,leoziangchen
1160,15488321,khalwaniev,2026-05-07 08:05:20,0.29,5,khalwaniev
1161,16191729,Pruden,2026-06-11 05:53:36,0.29,2,mohammedm0iz
1162,16432466,ne Artem Savchenko,2026-06-29 08:05:25,0.29,3,neartemsavchenko
1163,15526600,iheb2023 ,2026-04-02 12:56:12,0.29,2,iheb2023
1164,16012003,AdamBelniak,2026-05-19 09:29:17,0.29,1,adamos581
1165,15486978,Lennart Haupts,2026-04-08 14:52:11,0.29,1,lennarthaupts
1166,15500416,Aditya Krishnan Mohan,2026-05-01 07:16:27,0.29,4,adityakrishnanmohan
1167,15582918,colt,2026-06-30 00:39:05,0.29,6,xiaomaguo
1168,16475988,Vishnu R Mohan,2026-07-20 03:50:39,0.29,12,vishnurmohan
1169,15548641,hiromi maeo,2026-05-08 09:31:57,0.29,34,hiromimaeo
1170,15588843,Nilesh kumar yadav,2026-04-11 18:12:53,0.29,1,nileshyadavme
1171,15932748,Paulo Pinto,2026-05-14 13:09:43,0.29,1,paulorzp
1172,16017546,Shiva,2026-06-09 19:42:54,0.29,3,shivasai77
1173,15545902,bailh1,2026-04-03 10:05:26,0.29,1,bailh1
1174,15521649,Thangtm,2026-04-06 02:48:08,0.29,1,theaiboy
1175,16262158,Shlok Sah,2026-07-04 00:20:01,0.29,9,shloksah
1176,15622692,Ralf,2026-06-08 07:33:50,0.29,22,ralfffhs
1177,16305354,dan0437,2026-06-30 05:44:41,0.29,8,nishitdashputre
1178,15622290,minghao mei,2026-04-16 05:36:00,0.29,2,minghaomei
1179,15558459,Chek,2026-06-16 02:48:06,0.29,23,"lnmson,mncuchiinhuttt"
1180,15815046,Panagiotis Katsakioris,2026-06-14 09:10:52,0.29,2,panagiotiskat
1181,16089303,13-Strings,2026-06-21 06:02:13,0.28,24,thirteenstrings
1182,16701377,Rafał Wiktorowicz,2026-08-24 22:15:32,0.28,14,"budzajantoni,rafawiktorowicz"
1183,16014477,Mandel,2026-06-05 12:46:46,0.28,5,mandelxu
1184,15504932,Soymilk,2026-04-21 16:54:39,0.28,2,gap123
1185,15789748,oQoXOdK6,2026-04-30 03:34:38,0.28,1,oqoxodk6
1186,15584520,Nadine Squires,2026-04-15 11:11:56,0.28,7,nadinesquires
1187,15993194,Jonas von Kobylinski2,2026-06-23 01:03:19,0.28,4,jonasvonkobylinski2
1188,16278339,Kyriakos Tsourekas,2026-06-20 10:47:34,0.28,6,kyriakostsourekas
1189,16767988,pranjal99999,2026-08-25 05:47:00,0.28,2,pranjal99999
1190,15780213,Justin Arndt,2026-07-01 01:01:10,0.28,8,justinarndt
1191,15486959,The Loose Goose,2026-07-27 23:46:05,0.28,41,konradbhopenottaken
1192,15501420,SIVA S,2026-08-25 04:14:45,0.28,148,codingmaster24
1193,15497723,[Deleted] 5dfc4429-6f3c-47d1-ba2d-0ac9055a8eaa,2026-04-22 05:12:50,0.28,18,josefedwards
1194,15575054,yuri-ao,2026-05-20 04:02:44,0.28,8,yuriao
1195,16371227,Anand Kumar,2026-07-06 04:48:05,0.28,5,anandkg22
1196,16001833,Yield Smarter,2026-06-10 14:24:49,0.28,5,yieldsmarter
1197,16266590,liuweiqing147,2026-06-26 01:40:56,0.28,11,liuweiq
1198,16248093,EddieSong08,2026-06-21 06:39:27,0.28,6,eddiesong08
1199,15703826,shwesh,2026-04-28 04:08:30,0.28,3,shwesh
1200,16721325,Limidet Pro,2026-08-21 18:37:50,0.28,3,limidetpro
1201,15507995,Manish Swami,2026-04-06 15:43:45,0.28,4,manish756
1202,15487588,Benjamin Storck,2026-04-21 07:31:12,0.28,12,benjaminstorck
1203,16298976,AnSuSu,2026-06-25 20:25:36,0.28,3,asusu
1204,15623247,Kujaomega,2026-04-15 16:25:26,0.28,1,kujaomega
1205,15821468,royvivasi,2026-05-07 20:27:51,0.28,5,royvivasi
1206,16426243,tsdocode,2026-06-29 05:37:56,0.28,6,tsdocode
1207,16733268,Prometheus,2026-08-24 00:43:17,0.28,5,luisignaciomoreno
1208,15917281,Ansel,2026-05-17 02:58:38,0.28,6,sitaochou
1209,16715087,Karl Ambrosius 2020,2026-08-21 00:18:26,0.28,8,karlambrosius2020
1210,15525116,Jack,2026-04-10 21:24:23,0.28,5,jackvd
1211,16674916,مشعل العتيبي,2026-08-22 19:16:56,0.28,9,vexsz71
1212,16600353,Tom Yim,2026-08-10 04:12:10,0.28,2,tomyim
1213,15931624,Jaksen,2026-05-29 19:51:39,0.28,12,jaksencharles
1214,15493869,Anh Khoa Đoàn Nguyễn,2026-06-30 05:19:32,0.27,40,anhkhoaonnguyn
1215,16573365,Vadim Soin,2026-08-09 04:19:25,0.27,5,vvsoin
1216,15785849,ARC 3,2026-05-13 03:50:53,0.27,7,pinkrahnanaofosuhene
1217,15553625,schanitater,2026-04-09 08:14:00,0.27,2,schanitater
1218,16549764,hidude562,2026-08-25 07:12:27,0.27,2,hidude562
1219,16053147,Zie Chan,2026-06-25 07:32:05,0.27,1,ziechan
1220,16097064,PYK0409,2026-07-06 09:49:56,0.27,10,pyk0409
1221,15496613,Shivam Singh,2026-04-07 17:04:52,0.27,3,shivamsingh17072001
1222,15573480,Carlos Henrique C. Matos,2026-04-08 12:43:56,0.27,2,carlosmatos97
1223,16030817,medkhalil hawachi,2026-07-01 13:19:55,0.27,6,medkhalilhawachi
1224,16057217,Zhou Canyu,2026-07-01 04:03:57,0.27,26,zhoucanyu
1225,15785832,Benjamin Woodson,2026-04-29 19:38:25,0.27,1,benjaminwoodson
1226,15488011,dataWr3cker,2026-04-07 12:40:29,0.27,11,gourabr0y555
1227,16317238,Nandakishor,2026-06-27 10:16:36,0.27,1,nandukuttan
1228,15559270,ommo007,2026-04-13 07:06:51,0.27,6,ommo0047
1229,16275076,Gloria_Leille,2026-06-12 04:37:24,0.27,4,mathemagicianbb
1230,15549819,kawaii,2026-04-15 07:55:46,0.27,4,vrshyamsunder
1231,16320397,Demirhan1,2026-08-10 01:06:24,0.27,10,demirhan1
1232,16209449,Ajay_Rao_43,2026-06-28 07:59:21,0.27,2,ajayrao43
1233,15657107,Inexperienced Me,2026-07-31 08:58:04,0.27,10,inexperiencedme
1234,15495088,Albert Wang,2026-06-26 22:24:47,0.27,3,mianwang1024
1235,15522913,[Deleted] 7ce58550-6ceb-4cf7-a465-8262efdf1126,2026-04-08 06:55:01,0.27,2,del=98bb24a0882b539e
1236,15629139,vishnuvardhan33,2026-04-16 09:47:01,0.27,1,vishnuvardhan33
1237,15904528,Jihang Li,2026-05-15 00:00:58,0.27,7,jihangli1121
1238,15493240,Abdul wahab Khan,2026-04-06 07:55:22,0.27,3,abdulwahab2321
1239,15554292,Yang Lv,2026-04-06 03:52:34,0.27,2,lvyang199888
1240,15493727,Taurowl,2026-06-16 07:48:19,0.27,2,lnminh
1241,16535729,Soft,2026-08-23 10:51:35,0.27,12,fabienwaitzenegger
1242,15607879,Gijs Schenk,2026-07-07 00:03:25,0.27,18,gijsschenk
1243,15616560,Raja T,2026-06-15 14:39:13,0.27,3,rajathiagaraj
1244,15582875,stunningvn,2026-04-23 03:06:15,0.27,13,dedquoc
1245,15909953,Quang Anh Đặng,2026-06-24 07:14:14,0.27,1,quanganh27th
1246,15487443,Ravi Annaswamy,2026-04-27 00:48:07,0.27,9,raviannaswamy
1247,15676875,TmDofi,2026-06-27 18:38:01,0.27,2,tmdofi
1248,15533773,Bo Peng,2026-04-09 13:01:48,0.27,4,bopengiowa
1249,15645555,Luke Stafford,2026-05-02 15:11:19,0.27,13,luketstafford
1250,15785836,Joycelyn Adjekum,2026-04-30 00:06:58,0.27,2,adjekumjoycelyn
1251,16018267,NotWhatYouThink,2026-06-05 07:55:13,0.27,12,notwhatyouthink
1252,15633641,Froggy McFrogson,2026-07-03 03:27:36,0.27,14,aidetective
1253,16315646,Shrike,2026-06-30 14:41:11,0.27,3,h0zier
1254,15499385,Scenery SunFireInk,2026-05-23 12:37:52,0.27,10,scenerysunfireink
1255,16750349,Bader alotaibi -,2026-08-25 02:01:37,0.27,6,baderalotaibi11
1256,15734440,Teitlax,2026-05-06 15:05:11,0.27,10,teitlax
1257,16403751,Md. Faisal Sheikh,2026-07-02 19:50:01,0.27,1,mdfaisalsheikh
1258,15584321,Nikolay Bogatikov,2026-05-07 04:34:25,0.27,16,nikbgv
1259,15650626,sidney niu,2026-06-25 13:34:55,0.27,12,sidneyniu
1260,15504646,claudius codexius 🐾,2026-06-27 05:21:55,0.27,30,lucyellu
1261,16733480,cogitAI,2026-08-25 01:45:24,0.27,3,jefersoncollutte
1262,15604365,derealt,2026-04-12 21:40:17,0.26,1,derealt
1263,15592269,sun xiaotang,2026-05-05 07:43:13,0.26,5,sunxiaotang
1264,15495734,dia,2026-04-15 05:14:30,0.26,4,adkasd
1265,16302886,Samuel Bartlett,2026-06-17 08:31:59,0.26,1,samuelbartlett1
1266,16019513,rivzzzzz,2026-05-26 08:10:23,0.26,7,rivuletnriver
1267,15538144,Dhruv Bansal,2026-04-06 22:02:46,0.26,1,dhruvb2028
1268,15846957,JISHNU CHAUHAN,2026-05-05 18:35:13,0.26,2,jishnuchauhan1
1269,15499301,SANNNNN,2026-04-11 18:48:06,0.26,5,zuhairsan
1270,16701218,huang shiyao 111,2026-08-25 00:10:04,0.26,11,huangshiyao111
1271,15487910,Ova,2026-03-29 13:33:43,0.26,1,overvalueawareness
1272,15584272,rndmprsn7,2026-05-08 12:31:20,0.26,6,rndmprsn7
1273,15487988,Jason Yoon,2026-04-05 02:22:01,0.26,8,jasongyoon
1274,15585956,Jason-Oh,2026-08-11 00:57:46,0.26,4,dossantoss
1275,15493499,Thomas Ferraz,2026-07-01 19:10:33,0.26,4,thomasferraz
1276,15527662,JinchengZhang1,2026-04-16 06:06:54,0.26,2,jinchengzhang1
1277,15499396,everythingisnew,2026-04-05 07:54:09,0.26,2,everythingisnew
1278,16541906,Kethan Sai,2026-08-11 09:21:54,0.26,4,kethansaikoneru
1279,15758349,Yuke_jpn,2026-06-02 04:26:38,0.26,2,yukejpn
1280,15975675,bbarclay6,2026-07-07 13:04:44,0.26,7,bbarclay6
1281,16609684,Mary Dun,2026-08-16 21:08:02,0.26,9,mukdal
1282,15526849,SkittlesGod,2026-05-07 01:38:17,0.26,5,svanikkolli
1283,15991890,sakshigoswami335,2026-06-11 06:02:37,0.26,7,sakshigoswami335
1284,16369299,Furina,2026-06-29 05:48:12,0.26,1,dfgtde
1285,15834133,Amrita_Singh1011,2026-05-09 03:20:12,0.26,7,amritasingh1011
1286,16599278,Chandram Dutta,2026-08-17 17:31:51,0.26,3,chandramdutta
1287,15989051,Ömer,2026-06-07 12:44:06,0.26,5,otaskaya
1288,16238028,_imerdell,2026-06-08 12:29:44,0.26,2,imderdell
1289,15560998,Reza Azami,2026-04-05 19:35:43,0.26,1,rezaazami
1290,15724003,Khai Phan Van,2026-06-09 05:09:31,0.26,9,khaiphanvan
1291,16253766,@s3werst,2026-06-06 19:11:47,0.26,1,mellamoa
1292,16144889,Aleksandr Nikolich,2026-06-13 00:19:11,0.26,12,alexwortega
1293,15603524,Shamim Kabir Kazim,2026-04-23 12:10:37,0.26,5,shamimkabirkazim
1294,15567100,Yash Rathod,2026-08-12 16:37:48,0.26,5,yash02102
1295,15573272,Engram,2026-05-02 00:01:12,0.26,18,engram
1296,16444395,Saumya Jagishbhai Shah,2026-06-28 17:56:27,0.26,2,saumyajagishbhaishah
1297,16702239,Kensei Furuya,2026-08-16 13:10:17,0.26,3,furuken0527
1298,15991895,Terry,2026-06-30 08:21:10,0.26,13,terrywongvip
1299,15634401,IAI,2026-04-30 16:14:29,0.26,3,fuyu1304
1300,16593937,Adaption State,2026-07-06 13:59:55,0.25,12,"aurorcys,micmlmodels"
1301,16417738,cwdcca,2026-06-24 00:46:42,0.25,2,cwdcca
1302,16530489,Yaroslav Hryhorenko,2026-08-07 10:37:13,0.25,10,yaroslavhryhorenko13
1303,15489992,songling,2026-06-02 04:36:38,0.25,4,"lvbingrong,miguelhu,oralia"
1304,16095200,Derek Earnhart,2026-08-21 00:35:03,0.25,6,derekearnhart
1305,16151241,Ivan Tretyakov,2026-06-02 01:46:33,0.25,1,hopeofchange
1306,15488208,BROSKI,2026-04-01 13:17:34,0.25,2,nacefmbarek
1307,16758783,zjukop1,2026-08-25 01:18:10,0.25,2,zjukop1
0,15485224,Stochastic Goose,2026-03-25 00:34:10,0.25,1,
1308,16745114,Viktor Korsun,2026-08-25 00:04:06,0.25,4,viktorkorsun
1309,16301639,killf,2026-06-12 05:32:44,0.25,1,killf2019
1310,16300712,Krishna Harish,2026-06-16 09:15:14,0.25,1,krishnaharish
1311,15503925,Leandro,2026-04-30 12:21:24,0.25,22,leandro357
1312,16432610,Qubic Nxon Vivancos & Sanchez,2026-08-25 06:49:52,0.25,58,davidvivancos
1313,15988957,wd13ca,2026-06-22 01:44:26,0.25,12,wd13ca
1314,16200283,Gowri G,2026-06-25 05:46:52,0.25,2,sarg99
1315,15501430,kcy4,2026-04-22 07:57:17,0.25,5,cy4ego
1316,15660900,Hammad Farooq,2026-06-04 02:00:35,0.25,5,hammadfarooq470
1317,16304225,Bian Sun,2026-06-11 18:03:19,0.25,1,biansun
1318,15646919,MASAAKI HAYASHI,2026-04-30 10:17:33,0.25,4,masaakihayashi
1319,16580779,Darkhan Nurakhmetov,2026-07-30 04:13:24,0.25,9,hoogleraar
1320,15879901,Ruby Nguyen,2026-05-07 23:00:24,0.25,2,nguyenthianhngoc
1321,16617725,Y10x17,2026-07-31 14:48:01,0.25,2,y10x17
1322,15493721,Zejun_,2026-04-13 10:28:44,0.25,7,zejunfool
1323,15615868,Parsa,2026-06-15 09:26:00,0.25,6,parsahriri
1324,15940415,ganapathi ekambaram,2026-07-13 02:01:28,0.25,11,vivekgana
1325,15576315,IGpig1226,2026-06-16 12:28:20,0.25,5,"igpig1226,quanruili"
1326,15516474,Esabelle Chen,2026-04-05 07:12:47,0.25,5,esabellechen
1327,15493522,Suneet Saini,2026-05-24 20:49:40,0.25,5,suneetsaini
1328,15750948,Suprivi,2026-04-27 15:13:05,0.25,1,suprivi
1329,15516659,john,2026-06-01 10:49:43,0.25,13,jaejohn
1330,15557086,Guus Bouwens,2026-04-05 04:17:51,0.25,1,guusbouwens
1331,16237585,humble_some1,2026-06-06 18:25:48,0.25,2,some123e23
1332,15586166,hiroto funasaki,2026-05-19 22:45:53,0.25,40,hirotofunasaki
1333,15631567,Hiryu,2026-06-17 04:12:21,0.25,2,kusurizuke
1334,16340437,Pilferer,2026-07-04 09:41:16,0.25,4,pilferer
1335,15584000,Muhammad Firdaus,2026-04-24 01:35:30,0.25,4,ldausl
1336,15495756,Corentin Lespagnol,2026-04-20 14:07:38,0.25,3,lespagnolcorentin
1337,16410979,Zoooom,2026-07-15 08:08:45,0.25,12,zoooom
1338,15556399,Eric Stone,2026-04-26 21:59:37,0.25,11,ericstone92
1339,16213488,Laljith Legend,2026-06-08 03:13:23,0.25,3,laljithlegend
1340,15493283,Falling Entropy,2026-05-16 06:32:03,0.25,1,jasongsloan
1341,16012288,lee,2026-07-08 06:16:00,0.25,14,kannanlee
1342,15803277,Md Mahfuz Sumon,2026-05-01 14:09:12,0.24,2,mdmahfuzsumon
1343,15670669,Rohanrk1813,2026-04-25 09:29:14,0.24,1,rohanrk1813
1344,16444046,ChaiHuacan,2026-07-01 10:51:25,0.24,4,chaihuacan
1345,15486758,Chen,2026-06-17 23:59:54,0.24,11,chenku
1346,15499412,JRSSKumarD,2026-06-05 14:34:32,0.24,4,jrsskumard
1347,16194970,Hanif Noer Rofiq,2026-06-03 11:07:21,0.24,1,hanifnoerrofiq
1348,15875904,CODE AZE,2026-05-31 08:19:25,0.24,5,codeaze
1349,16384033,UnknownNull,2026-06-24 05:20:24,0.24,7,unknownnull
1350,15516538,GarlicToday,2026-04-02 06:25:17,0.24,4,garlictoday
1351,15610405,Victor Merckle,2026-04-22 06:59:22,0.24,6,vmerckle
1352,15585110,niub_hihi,2026-04-09 16:18:45,0.24,1,niubhaihai
1353,16039638,Nithin Nivhar,2026-05-23 07:16:32,0.24,2,nithinnivhar
1354,15487794,janeodum,2026-04-03 17:16:05,0.24,6,janeodum
1355,16406609,Prabhjot Singh,2026-06-29 14:14:42,0.24,3,issajatt
1356,15743130,senileFelines,2026-04-26 11:16:49,0.24,1,digantabhattacharya
1357,16157287,mywind,2026-06-02 11:12:40,0.24,1,mywind
1358,16760421,Jason Liu,2026-08-24 04:15:54,0.24,2,jasonliuyiming
1359,15569794,AMATEUR,2026-04-10 08:02:30,0.24,2,lxx0114
1360,15517687,bouganvillea,2026-04-05 10:09:54,0.24,1,bouganvillea
1361,15745821,II,2026-05-22 05:10:18,0.24,20,kravets
1362,15496330,Amin Haidar,2026-06-04 16:48:49,0.24,14,aminhaidar
1363,15621355,Hong Dae Kim,2026-07-18 07:55:28,0.24,13,hongdaekim
1364,15529411,mt,2026-07-30 12:37:43,0.24,1,mtanakaslgfreak
1365,15800355,betterme12345,2026-05-19 14:19:25,0.24,2,betterme12345
1366,16610821,Shashwat Bajpai,2026-08-24 05:52:05,0.24,18,shashwat1729
1367,16743039,Leo Vesin,2026-08-23 15:24:09,0.24,4,leovesin
1368,16727405,MadarCode,2026-08-24 07:47:02,0.24,5,"mukundrawat,sukulbagai"
1369,15668277,Saad Sharif Ahmed,2026-04-23 00:44:53,0.24,3,zeon01
1370,15612479,capyun007,2026-04-14 03:06:00,0.24,1,capyun007
1371,15693630,lon guo,2026-05-06 01:50:10,0.24,2,longuo
1372,16418442,SK,2026-07-04 03:06:14,0.24,6,sheronkoshy
1373,16532564,Chris Eldho Varghese,2026-07-11 19:54:43,0.24,1,chriseldhovarghese
1374,15655305,Fernandosr85,2026-05-21 03:38:18,0.24,8,fernandosr85
1375,16004449,Justin Tang,2026-05-17 16:50:37,0.24,1,justin2009
1376,16277739,Harshit Shakya,2026-06-17 10:33:06,0.24,8,harsh707
1377,15493639,Ivan Zdravkov,2026-04-25 05:15:42,0.24,7,ivanzdravkov
1378,16561363,Seanwang,2026-07-27 21:21:27,0.24,4,seanwang0215
1379,15501113,DAYDREAMER,2026-06-23 04:40:44,0.24,6,annsnow
1380,15566563,Asan Ashirov,2026-06-03 05:12:40,0.24,2,asanashirov
1381,15812290,がっちむち♂,2026-08-03 07:58:07,0.24,3,tecchannn
1382,16049416,rahul ji indian,2026-07-18 05:55:44,0.24,3,rahuljiindian
1383,15773862,Mayank Bhaskar,2026-05-22 16:04:03,0.24,15,cataluna84
1384,15565341,Brad7161,2026-04-17 04:19:38,0.24,3,brad7161
1385,15651728,Stella Nova,2026-04-19 14:54:05,0.24,1,ponlawatk
1386,16306541,1J SHEN,2026-06-20 07:03:04,0.24,8,yijieshen123
1387,15859241,Randomhandsomeguy,2026-05-08 22:25:57,0.23,1,rayyen216
1388,15517983,Zack Hlongwane,2026-08-09 00:01:37,0.23,4,zackhlongwane
1389,15656668,Putra Pribowo,2026-06-03 02:42:07,0.23,28,putrapribowo
1390,15569310,titanascended,2026-06-24 15:04:50,0.23,4,itsyuvrajsharma
1391,16402409,SingularityML,2026-08-25 00:07:52,0.23,23,dnaftalovich
1392,15487431,epigene,2026-04-20 17:00:25,0.23,4,nadhu59648
1393,16346007,How bad can it go?,2026-08-24 00:16:59,0.23,13,calamitychasm
1394,15511692,Riku,2026-04-02 00:07:08,0.23,4,riku443
1395,16539872,RiBenWanDuZi,2026-08-02 11:39:02,0.23,2,ribenwanduzi
1396,15489085,Rithvik Redrouthu,2026-06-18 00:12:48,0.23,6,rithvikredrouthu
1397,15860627,Yassir Acharki,2026-06-11 14:42:54,0.23,4,yacharki
1398,15519725,RJThompson,2026-06-06 00:18:25,0.23,8,rjthompson
1399,15490758,Jean-Louis Roy,2026-04-13 00:30:16,0.23,8,jeanjean111
1400,15909598,Matianyuu,2026-05-09 11:38:11,0.23,1,matianyuu
1401,15513766,Arnav Ashank,2026-04-11 22:43:56,0.23,1,ashank19
1402,16497884,KevinST,2026-07-13 00:06:13,0.23,2,keisukesaito
1403,16339698,Alexey Samosadov,2026-06-24 14:48:06,0.23,5,alexeysamosadov
1404,15550219,Kanishk Paul,2026-07-14 10:41:01,0.23,5,kanishkpaul
1405,15500702,Yuxuan-Wang,2026-04-14 12:26:23,0.23,4,linkinin
1406,16559294,Curious_Crumb,2026-08-17 20:35:45,0.23,15,nouryassir101
1407,15998500,Kazi Aishikuzzaman,2026-08-23 10:30:06,0.23,9,kaziaishikuzzaman
1408,15498454,Auravana,2026-04-25 03:09:29,0.23,22,fountainheadle
1409,15551895,Fabian Henning,2026-06-15 09:17:32,0.23,1,crustacean
1410,15510267,zacsho,2026-03-31 05:43:59,0.23,2,zacsho
1411,15738224,kokinnwakashuu,2026-06-22 10:33:55,0.23,5,kokinnwakashuu
1412,16706947,Antonio,2026-08-16 12:34:41,0.23,4,heyang993
1413,15580888,yiheagicom,2026-07-08 07:43:30,0.23,46,yiheagicom
1414,15756664,Chase Bonfiglio,2026-06-20 21:48:15,0.23,27,chasebonfiglio
1415,16230355,secret_society,2026-06-29 20:17:17,0.23,6,"abusafwanmdfarhan,iftekharmohammed,kmmehrabhossain,zihadulislamtasin"
1416,15924651,Minh Ky,2026-06-05 07:49:16,0.23,5,phamminhky
1417,15865282,[Deleted] 382a8fa2-3d67-4ed9-9dc8-6f828d5e8ded,2026-07-02 05:14:27,0.23,19,del=d11a993744c492c4
1418,16003022,Vengeful,2026-07-23 19:42:05,0.23,49,vengeful
1419,15532771,Yousef Turk,2026-07-09 13:34:07,0.23,2,yousefturk
1420,16392203,Samuel Lippert,2026-06-30 23:59:16,0.23,3,samuellippert
1421,16712466,A.P.R.I.L,2026-08-15 03:15:16,0.23,4,puneeth333
1422,15502192,Santhana,2026-08-24 05:24:31,0.23,8,santhanalekshmic
1423,15583795,imranyaishaik,2026-04-10 05:05:29,0.23,2,imranyaishaik
1424,15602587,Martin Mbalkam,2026-05-31 13:53:07,0.23,3,martinmbalkam
1425,15631257,K.THARUN KUMAR,2026-08-20 16:30:37,0.23,9,tharunkumar369
1426,15489961,Chirapathleo Saelim,2026-05-17 10:20:57,0.23,8,chirapathleosaelim
1427,15537216,[Novosibirsk] Nikita Kuznetsov,2026-04-26 12:30:06,0.23,3,nikitakuznetsof
1428,16329511,xinhao642,2026-06-22 18:29:02,0.23,5,xinhao642
1429,15775532,insuperabilehart,2026-05-08 19:48:58,0.23,2,insuperabile
1430,15756739,Ajay Caxzen,2026-04-27 22:19:13,0.23,1,caxzen
1431,16415999,Harsh Yadav,2026-07-18 10:02:52,0.23,5,swiftcoderharsh
1432,16614304,Brent,2026-08-04 03:29:41,0.23,7,brentwoodard
1433,15625936,nendo0325,2026-04-16 02:13:45,0.23,1,nendo0325
1434,16654483,Anirudh Negi,2026-08-17 15:11:54,0.23,7,anirudhnegi24
1435,15947042,skyhuang233,2026-05-16 10:19:03,0.23,4,skyhuang233
1436,15868357,Youssef Yacoup,2026-05-19 15:00:40,0.23,3,youssefyacoup
1437,16097946,harmo-miu,2026-05-29 03:18:16,0.23,2,harmomiu
1438,15512325,Vivswan,2026-05-18 00:06:00,0.23,23,vivs2904
1439,15514585,Cade Hall,2026-04-07 11:29:16,0.23,5,cadehall
1440,15486656,Isaiah Nwukor,2026-07-10 02:14:25,0.22,66,thezetaproject
1441,15520730,Saeyohn,2026-07-10 00:07:53,0.22,10,mahendransaeyohnn
1442,16298352,Martin Kolar #2,2026-07-02 21:14:43,0.22,9,pi2caefeithoh0ciephe
1443,16692578,Rohit Bhar,2026-08-21 00:06:23,0.22,6,rohitbhart
1444,15493216,Don,2026-06-29 09:32:43,0.22,12,edonisraci
1445,16146361,Vladislav Miheev,2026-06-09 21:50:48,0.22,5,vladislavmiheev
1446,16234547,Mikhail Bovt,2026-07-01 10:07:00,0.22,12,mikhailsovab
1447,16312641,Michal Z Gow,2026-06-30 07:21:34,0.22,7,michalzgow
1448,15939706,sladwet,2026-05-16 12:24:29,0.22,5,sladwet
1449,16199408,Bhargav .T,2026-07-01 02:42:30,0.22,13,kotabhargavt
1450,16537516,Sunny Kumar,2026-08-19 02:39:55,0.22,10,sunnykumar6203
1451,15985475,z84415624,2026-06-30 16:00:30,0.22,5,z84415624
1452,16468545,Yo,2026-07-04 00:07:02,0.22,4,goyeahia
1453,15987797,JowinJ3,2026-08-19 20:54:28,0.22,2,jowinj3
1454,15491887,Uday Bhatia,2026-05-12 15:36:01,0.22,2,udaybhatia
1455,16304922,MattOwen42,2026-06-30 17:42:36,0.22,4,mattowen42
1456,15487233,Андрей Ганин,2026-06-29 14:37:10,0.22,4,qwertyyyy769492
1457,15487998,TriviaTroy,2026-05-16 22:48:51,0.22,7,troyjfields
1458,16540105,Fourteeny,2026-08-24 21:01:31,0.22,11,fourteeny
1459,15486898,THUNDER THUNDER,2026-04-05 06:05:34,0.22,1,thunderthunder
1460,15495425,Ra'uf Fauzan Rambe,2026-05-28 03:03:55,0.22,5,rauffauzanrambe
1461,16605331,Pedro Lirón de Robles,2026-07-29 11:25:51,0.22,2,pedrolirnderobles
1462,15625377,dongdong zhang,2026-04-21 14:53:09,0.22,1,mcdongdongzhang
1463,15493311,Shun_PI,2026-04-16 05:58:54,0.22,3,shunrcn
1464,15523710,Ayan Bashir Sheikh,2026-04-20 13:02:17,0.22,7,ayanbashirsheikh
1465,16473675,Samuel David Egwu,2026-07-29 16:28:48,0.22,2,samuelegwu
1466,16283369,wentixiaogege,2026-06-12 01:56:54,0.22,3,wentixiaogege
1467,15569188,xianxu qiu,2026-06-16 08:53:32,0.22,2,xianxuqiu
1468,16452844,Vignesh A,2026-06-30 16:44:06,0.22,2,vignesha1
1469,16319847,Anubhav,2026-06-28 04:54:03,0.22,2,anubhav27
1470,16450166,Jayden Jeswin Raj,2026-06-29 08:47:41,0.22,1,richardmaddox
1471,16048012,JasonZeng,2026-06-29 09:45:17,0.22,1,jasonzeng
1472,16374717,YangAoTian,2026-07-07 07:34:43,0.22,4,yangaotian
1473,15584738,Freedomfighter1290,2026-04-09 17:27:39,0.22,1,freedomfighter1290
1474,16143282,Talyxion,2026-06-02 02:58:06,0.22,1,"hoangle2003,nhatloidinh,thnhnguyn2001"
1475,15524866,Ragesh Thangaraj,2026-07-27 14:14:31,0.22,5,rageshthangaraj
1476,15922813,BeanApologist,2026-05-29 04:12:03,0.22,5,sarahmarin
1477,15590428,AQiDA19,2026-07-27 00:05:03,0.22,2,aqida19
1478,15748929,Imed Magroune,2026-08-24 04:30:30,0.22,31,imedmagroune
1479,15555738,Taylan Soydan,2026-04-06 09:43:56,0.22,3,taylansoydan
1480,15574747,Master Teo,2026-04-08 04:38:39,0.22,1,sirteo
1481,16675722,EndeavourRyo,2026-08-24 07:10:16,0.22,2,endeavourryo
1482,16744519,Jun AKita,2026-08-19 19:29:36,0.22,1,junakita
1483,16348203,Asiru Akeem Adekunle,2026-06-27 00:44:56,0.22,8,asiruakeemadekunle
1484,16723801,Satoshi Nguyen,2026-08-23 00:03:24,0.22,7,satoshinguyenai
1485,15556994,seoewoo,2026-04-05 03:36:04,0.22,1,henrymessiiyt
1486,15813223,Jaswanth7722,2026-05-17 09:03:59,0.22,9,jaswanth7722
1487,16318615,JOKER-C2,2026-08-03 11:37:35,0.22,22,manuelcoletta
1488,15627203,Syed Saad Hasan Emad,2026-07-28 07:21:47,0.22,1,syedsaadhasanemad
1489,15488187,jerryv69,2026-06-09 02:34:51,0.22,3,jerryv69
1490,16320138,Anton Kalabukhov,2026-06-30 00:46:05,0.22,8,synlabs
1491,16481633,wmotte,2026-07-11 07:11:35,0.22,2,wmotte
1492,16570484,lingheng,2026-07-20 01:25:34,0.22,1,"lingheng,xianhaolin6077"
1493,16228820,SSV,2026-06-05 17:14:29,0.22,2,vigneshirtt
1494,15827295,Kaihong Deng,2026-05-22 02:47:40,0.22,16,kaihongdeng
1495,16434290,Manan Bansal,2026-07-20 05:10:06,0.22,10,mananpbansal
1496,15616194,赵云龙,2026-04-24 06:52:31,0.22,1,zhao1122
1497,16761739,IndependentPilot,2026-08-24 03:57:32,0.21,2,redshift51
1498,15488756,Muhammad Ibrahim Qasmi,2026-06-19 21:41:54,0.21,1,ibrahimqasimi
1499,15947052,Kaiser #2,2026-05-13 09:33:38,0.21,1,snnguynvnk19hl
1500,15513901,Meenal Sinha,2026-05-10 15:34:32,0.21,2,meenalsinha
1501,15490511,Smilyai-is-cool-gubby,2026-04-20 02:47:55,0.21,1,smilyaiiscoolgubby
1502,16680060,Joseph Franck,2026-08-24 17:13:12,0.21,9,josephfranck
1503,15519262,Devansh Rajput,2026-04-03 20:07:42,0.21,3,devansh66
1504,15528446,Yasin Baykal,2026-04-01 13:01:08,0.21,1,godmethium
1505,16675032,EonCrux,2026-08-20 19:55:21,0.21,7,"dhairyapratapsolanki,itsmepooja,jainp1508,mansisingh2072,sapnajain115"
1506,15534060,pzarczynski,2026-04-02 19:52:48,0.21,1,piotrzarc
1507,15581639,cjen07,2026-04-10 07:21:05,0.21,2,cjen07
1508,16645459,Joseph W Benson,2026-08-07 04:28:12,0.21,3,josephwbenson
1509,15604360,youssef abukhalifa,2026-04-17 20:42:27,0.21,3,youssefmo942009
1510,16723014,Dev Kancheti,2026-08-24 00:01:29,0.21,11,devkancheti
1511,15520642,Jack Al-Kahwati,2026-04-03 00:38:09,0.21,3,jackalkahwati
1512,15568017,Aevion-Labs,2026-07-12 02:10:54,0.21,8,aevionlabs
1513,15526002,Shivam Mittal,2026-04-01 08:17:29,0.21,2,shivammittal274
1514,15487262,bianfu,2026-06-17 13:11:34,0.21,2,bianfu
1515,15636115,Aditya Priya,2026-08-19 14:59:07,0.21,2,"adityapriya2,judychung2028"
1516,15522048,秘偶agi,2026-06-18 04:08:30,0.21,21,miouagi
1517,16717944,rayofc,2026-08-25 07:06:32,0.21,6,rayofc
1518,15489989,DUSN,2026-03-31 03:53:28,0.21,1,laochennn
1519,15491086,ianwulalala,2026-07-12 04:09:55,0.21,5,ianwulalala
1520,15558577,MIke Stang,2026-04-18 23:46:17,0.21,9,howdybigmike
1521,15539625,Sarmentor,2026-08-10 00:41:53,0.21,6,sarmentor
1522,16450243,ltnhung,2026-06-29 09:05:40,0.21,1,ltnhung
1523,15839529,summerer3,2026-05-04 07:05:58,0.21,1,summerer3
1524,15493205,Conan2,2026-04-06 17:29:34,0.21,6,jaehyeonsim
1525,15759726,Yanpu Zheng,2026-06-06 04:10:21,0.21,3,yanpuzheng
1526,15761915,JK-Piece,2026-05-27 13:54:09,0.21,7,jeannkouagou
1527,16550408,Harsimar Singh,2026-08-25 04:33:12,0.21,9,harsimarsingh23
1528,15618703,Alan Scott Encinas,2026-06-01 01:44:48,0.21,4,encinas88
1529,15731424,Kangdaxia,2026-04-29 00:09:21,0.21,5,kangdaxia
1530,15496351,InTelliGI,2026-05-02 08:12:44,0.21,4,hichamtelli
1531,15515217,sepcnt,2026-04-22 12:05:56,0.21,2,sepcnt
1532,16058181,Divyasree@0318,2026-05-25 18:18:39,0.21,2,divyasree0318
1533,16149622,Alexander Dickbauer,2026-06-01 23:09:08,0.21,1,alexanderdickbauer
1534,16726871,Alex Martinez,2026-08-16 17:27:47,0.21,1,alexmartinez75
1535,16516539,Raed Alharbi,2026-08-11 12:08:02,0.21,2,raed04
1536,16278024,JIAWEILI0001,2026-08-24 17:53:41,0.21,62,jiaweili0001
1537,15495973,pom,2026-04-07 14:20:26,0.21,5,tatsukisato
1538,16089141,Yuta Tadokoro,2026-06-19 00:33:41,0.21,13,yutatadokoro
1539,15516425,Steven,2026-05-06 08:27:43,0.21,1,sg1020
1540,16430850,Derek Peng,2026-06-29 01:43:59,0.20,3,littlebull
1541,15491291,Koka,2026-04-01 13:12:25,0.20,2,kokatrn
1542,16346595,ลิงจั๊กๆ,2026-06-24 00:01:08,0.20,11,phittayanan
1543,16268877,Sargis Arzumanyan,2026-06-26 10:23:39,0.20,10,sargisarzumanyan
1544,16403249,Pro400,2026-06-30 23:01:25,0.20,5,pro400
1545,16449178,Jon Smirl,2026-08-12 15:47:16,0.20,14,"connorsmirl,jonsmirl"
1546,16108720,Choruru,2026-06-05 00:50:43,0.20,5,choruru
1547,16301827,Fabio Cabral,2026-08-17 19:22:41,0.20,5,fabiocabral
1548,16262491,Pranesh Jayasundar,2026-06-19 03:39:30,0.20,4,praneshjayasundar
1549,15537362,Forrest,2026-04-07 13:21:58,0.20,3,yinxiaogang
1550,16551372,valentino ray isabell,2026-08-23 18:47:39,0.20,5,valentinorayisabell
1551,15501746,George Odhiambo07,2026-04-16 05:42:24,0.20,5,georgeodhiambo07
1552,16442631,atl132,2026-08-24 01:38:09,0.20,3,atl132
1553,15513991,Camacho,2026-04-30 00:21:55,0.20,18,"acamachodepass,acamachog,joseandrescamacho"
1554,15834690,yuanlao153,2026-05-07 08:29:26,0.20,1,yuanlao153
1555,15841851,dennis palatov,2026-08-14 08:41:44,0.20,33,dennispalatov
1556,16209749,tianxianbaobao,2026-06-13 03:34:13,0.20,4,tianxianbaobao
1557,15553695,SUPERadonai,2026-04-04 10:25:38,0.20,1,trumpadonai
1558,15511713,Niranjan Nakkala,2026-06-11 06:16:35,0.20,1,niranjanmudhiraj
1559,15562510,Roua,2026-04-18 14:18:16,0.20,8,roua91
1560,16713778,Abi_e,2026-08-25 08:56:07,0.20,6,abidjacquelineanadi
1561,16326571,Gabteni Mouhamed,2026-06-24 23:54:22,0.20,7,gabtenimouhamed
1562,16072837,Carol Wang,2026-05-26 06:00:46,0.20,3,"ilanwang,suethe"
1563,15621389,Zhang Songxin,2026-04-15 10:17:29,0.20,1,zhangsongxin
1564,16434582,Gladstone025,2026-06-30 11:28:23,0.20,1,pierreterrier
1565,15624428,Erfan Mirhosseini,2026-04-29 19:26:52,0.20,4,erfanmirhosseini
1566,15558367,Pushkar Ambastha,2026-04-09 15:40:22,0.20,2,pushkar007
1567,16230150,Ailurophile,2026-06-04 17:01:10,0.20,1,veeralakrishna
1568,15614488,KARANAMMADHAVARAO,2026-06-19 15:39:18,0.20,3,karanam12345
1569,16425878,Hyun-woo Kim,2026-06-24 07:25:21,0.20,1,hwkims
1570,15785821,Harmony Guercio,2026-04-29 19:18:50,0.20,1,harmonyguercio
1571,16449800,JH,2026-07-14 00:01:20,0.20,2,jaehyukhyun
1572,16216379,Kawchar Husain,2026-06-06 16:16:04,0.20,2,kawchar85
1573,15550054,[Deleted] f6652baa-7a8b-4888-98a1-e6bcc1a2d4d2,2026-04-24 06:27:28,0.20,20,del=42419dd56391ecc7
1574,16368018,Sohangkumar Patel,2026-08-14 04:50:06,0.20,2,samsamurai
1575,16633894,Wale Bashir,2026-08-22 11:52:04,0.20,2,digitaldrreamer
1576,16129415,natema,2026-05-31 16:05:16,0.20,1,natema
1577,16052392,cyberia,2026-05-22 21:39:35,0.20,1,cyberia
1578,15833277,Noritake Kodama,2026-05-06 05:57:11,0.20,2,noritakekodama
1579,15570805,[Deleted] d1b4272c-c441-4c8a-ae29-693b84c040dd,2026-04-20 11:57:28,0.20,2,del=47107fb6b7d3ce01
1580,16640872,MinjeKang,2026-08-24 17:15:21,0.20,14,minjek
1581,15564282,Sankalp,2026-04-08 04:01:10,0.20,3,sankalp
1582,16275525,bullycat9,2026-06-12 17:45:35,0.19,3,bullycat9
1583,15874708,TrDung22,2026-05-28 07:39:35,0.19,9,trdung22
1584,16471124,Paul720810,2026-08-08 01:01:12,0.19,35,paul720810
1585,16410825,Myckel Uribe,2026-07-10 00:17:03,0.19,2,myckeluribe
1586,15518771,Bridgeport,2026-04-28 17:27:37,0.19,4,bridgeport
1587,16203912,Founry,2026-06-15 04:13:31,0.19,8,"algema,lundypang"
1588,16142510,gagaga tgaga,2026-06-14 00:40:38,0.19,5,gagagagagt
1589,16121579,Samuel Matsuo Harris,2026-05-30 19:11:42,0.19,1,samuelmatsuoharris
1590,15487566,Mohamed Roshdy,2026-03-29 10:14:24,0.19,2,mohamedwez
1591,16116426,abdelwaheb miled,2026-06-15 08:27:55,0.19,1,amiled19
1592,15489134,Xiaolei Lian,2026-06-24 10:46:52,0.19,6,xiaoleilian
1593,15530786,Felipe Cataneo,2026-04-30 09:07:41,0.19,5,felipecataneo
1594,15757849,zhaozilong,2026-08-13 15:05:39,0.19,3,zzl0112
1595,16417581,Gary Kump,2026-08-16 04:19:56,0.19,20,garykump
1596,16302337,MariusMyburg,2026-06-16 00:21:12,0.19,5,mariusm
1597,15487905,ISAKA Tsuyoshi,2026-04-20 07:54:26,0.19,2,isakatsuyoshi
1598,15491330,horsepurve,2026-03-30 06:39:44,0.19,3,horsepurve
1599,15842248,Roger Terrazas,2026-05-04 03:50:24,0.19,1,rogaterr
1600,15658341,Kesav sivakumar,2026-06-15 14:43:46,0.19,1,"deepakrajd,kesavsivakumar"
1601,15495860,Andrei Trandafira,2026-06-30 23:56:29,0.19,1,andreitrandafira
1602,16652233,Amit Kumar,2026-08-06 05:14:24,0.19,3,anmitkumar
1603,15643154,chrv,2026-08-12 05:11:34,0.19,1,chrv23
1604,15833315,Hyun,2026-05-19 03:41:03,0.19,3,kimhyeonwook3465
1605,16442450,LosiSt,2026-06-29 01:11:25,0.19,3,losist
1606,16490760,Jokrasa,2026-07-19 02:43:17,0.19,3,jonaskreutz
1607,16402421,rinov321,2026-06-24 00:01:09,0.19,4,rinov321
1608,15841747,Divij Chawla,2026-05-23 07:03:51,0.19,6,divijchawla7
1609,15884233,Chayon Kumar Das,2026-06-21 16:18:33,0.19,2,chayondas
1610,15758188,Dimas Pasha Akrilian,2026-04-30 03:32:28,0.19,2,dimaspashaakrilian
1611,15786670,Onur Fidaner,2026-05-12 00:47:29,0.19,3,ofidaner
1612,16317943,Eslam Elzamkan,2026-06-20 00:11:59,0.19,3,eslamelzamkan
1613,15940726,juandag97,2026-06-01 01:03:43,0.19,3,juandag97
1614,15497542,Cosmin Budeanu,2026-08-21 09:22:54,0.19,13,cosmicbe
1615,16673674,Samuel Sundararaman ,2026-08-06 22:28:37,0.19,1,neopok919
1616,15562229,ÆR3iS,2026-05-22 16:35:15,0.19,11,aer3is
1617,16344652,Rimsha Kanwal,2026-07-18 18:51:26,0.19,2,rimsha234
1618,16096168,Bhavya Dhingra,2026-05-31 23:32:33,0.19,2,"bhavyadhingra00020,frostnt"
1619,15572042,C R Suthikshn Kumar,2026-04-07 15:21:07,0.19,1,crsuthikshnkumar
1620,16360163,TestingAccount67,2026-08-24 10:45:52,0.19,11,testingaccount67
1621,15493210,Valentin Kalinin,2026-07-24 16:49:27,0.19,1,tdesc88
1622,15556097,Bensalah Yassine,2026-04-14 00:12:58,0.19,5,bensalahyassine213
1623,15537133,gugugaga,2026-05-15 00:19:53,0.19,13,mori42
1624,15871316,biubiubiu~,2026-05-06 06:42:19,0.19,1,mengvision
1625,15504821,Precious Mansaray,2026-04-28 01:58:47,0.19,1,preciousmansaray
1626,16065765,Chinaza Okereke,2026-05-25 02:53:40,0.19,2,chinazaokereke
1627,16687494,HopeToDie,2026-08-13 16:50:06,0.18,3,omerozb
1628,16754037,Narenthira Balaji,2026-08-24 05:27:53,0.18,1,narenthirabalaji
1629,15785875,Sujan Adhikari,2026-04-29 19:12:25,0.18,1,sujanadh07
1630,15543832,Elohabci,2026-04-03 04:19:10,0.18,1,temizkan
1631,15598423,taoti_orange,2026-05-19 14:43:41,0.18,2,taotiorange
1632,15603600,RITTWIK BHOWMICK,2026-05-06 04:24:35,0.18,3,rittwikbhowmick
1633,15581162,Vedic Mukherjee,2026-04-09 03:05:30,0.18,1,vedicmukherjee
1634,16605137,Pchan,2026-07-27 16:30:51,0.18,1,"kokonokatoka,pchan1111"
1635,16285919,aotiandragon,2026-06-12 03:14:41,0.18,2,aotiandragon
1636,16035800,Yummna aljasem,2026-05-20 18:21:28,0.18,1,yummnaaljasem
1637,16187519,Kole Vamsi Krishna,2026-06-17 05:45:18,0.18,5,kolevamsikrishna
1638,16716178,Inform Lai,2026-08-14 01:34:17,0.18,1,informlai
1639,15744055,dongzishuo111,2026-05-27 04:46:00,0.18,16,dongzishuo111
1640,16440729,William Hau,2026-06-27 00:15:18,0.18,1,williamhau
1641,16485366,Rishidar D,2026-07-12 03:43:18,0.18,1,rishidard
1642,16406590,felly10,2026-07-17 18:39:29,0.18,1,felly10
1643,16202759,магистр клоунов,2026-06-05 14:38:20,0.18,2,switchfeed
1644,16394961,Maksim Silchenko,2026-06-23 00:02:02,0.18,5,maksimsilchenko
1645,16512747,Troy-EVO,2026-07-20 07:15:55,0.18,1,troyevo
1646,15975054,Vivek Pandey,2026-05-21 02:52:28,0.18,1,thevivekpandey
1647,15531211,Varstern 6037,2026-04-30 14:26:16,0.18,7,"shiyuhe25,varstern6037"
1648,16398268,jacksongsong,2026-08-08 03:32:56,0.18,5,jacksongsong
1649,16471898,Editor Jugnu AI,2026-07-14 04:51:22,0.18,2,editorjugnuai
1650,16053668,Restu Anggoro Kasih,2026-06-06 18:52:56,0.18,1,restuanggorokasih
1651,16306368,firefly2006,2026-06-27 14:46:34,0.18,1,firefly2006
1652,16358057,Alubokho Ashioya,2026-06-16 09:38:04,0.18,1,ashioya
1653,15492079,nxank4,2026-03-31 13:44:12,0.18,4,anmatngu
1654,16369373,sierra1.0,2026-07-21 15:43:40,0.18,2,"na18b032,nihalshahpeediackal"
1655,16322216,Tamim,2026-06-17 05:38:19,0.18,1,tamim03
1656,16754235,AI Frontier,2026-08-24 12:22:57,0.18,2,spoortim
1657,15513943,Abdul Raheem,2026-05-07 08:04:39,0.18,17,abdulraheem09
1658,16090768,Zhouhy,2026-06-01 03:56:26,0.18,4,bhzhouhy
1659,15785858,Sanskar Adhikari,2026-04-29 19:11:09,0.18,1,snskr30
1660,16025623,Toot Toot Engineering,2026-06-24 00:01:35,0.18,25,"danxray,gregblacketter"
1661,15876693,Nam Phan Van Hai,2026-05-27 04:39:33,0.18,3,namphanvanhai
1662,15567988,Joseph Xiao,2026-04-15 02:04:00,0.18,2,joxiao
1663,16643470,Md. Rifat Al Hassan,2026-08-22 19:52:37,0.18,4,mdrifatalhassan
1664,16496076,Jeffrey Haines,2026-07-23 14:32:36,0.18,7,jeffreyhaines
1665,15496866,jacekwl,2026-03-27 11:45:57,0.17,1,jacekwl
1666,15504427,Adam Snodgrass,2026-03-31 04:54:45,0.17,1,overra
1667,16269220,KawaiiSelphine,2026-06-09 09:30:01,0.17,1,kawaiiselphine
1668,16244970,Praveen Ponnugupati,2026-06-05 20:31:21,0.17,1,praveenponnugupati
1669,16410850,Thiago Cunha,2026-07-27 21:23:47,0.17,7,thiagobcunha
1670,15493932,CHRISTOPHER CRILLY,2026-05-15 11:30:46,0.17,12,christophercrilly
1671,15539411,LORD DREGS,2026-06-26 14:48:32,0.17,3,lorddregs
1672,16677724,Tom Jeong,2026-08-10 04:22:48,0.17,3,tomjeongmts
1673,16593868,chutianqiu,2026-08-14 18:09:39,0.17,2,chutianqiu
1674,15713159,Francis Banda,2026-04-23 12:14:12,0.17,1,francisbanda
1675,16299477,Mao Mao,2026-06-16 13:11:49,0.17,1,maomaoai
1676,15999227,swordsman,2026-05-18 07:50:16,0.17,1,liuyanfeng
1677,16060337,Quixotik,2026-08-23 02:17:36,0.17,3,xiaokangqin
1678,15545843,Jacco Jurg,2026-06-14 11:46:07,0.17,1,jaccojurg
1679,15786171,ringusTheImp,2026-04-29 20:00:42,0.17,1,ringustheimp
1680,15985612,kara,2026-05-15 14:12:36,0.17,1,drchenb
1681,15571858,chaojiwudiwujie,2026-04-08 00:56:09,0.17,2,chaojiwudiwujie
1682,16449495,Philosophy Inclined,2026-07-02 06:22:39,0.17,1,"adrianradillo,mozhaq"
1683,16059743,soul,2026-05-24 13:45:15,0.17,1,soul80
1684,16016593,David Mensah-Gbekor,2026-06-13 20:21:36,0.17,4,ravdave
1685,16307909,Eigen 4D,2026-06-27 07:04:24,0.17,11,"patsornsangkloy,wittawatj"
1686,15839799,Abdullah Fasih,2026-05-04 17:33:00,0.17,2,abdullahfasih
1687,16076068,IamDiganta.7,2026-05-26 02:45:13,0.17,2,iamdiganta7
1688,16456352,AlbertZhaoYB,2026-06-30 04:58:38,0.17,1,albertzhaoyb
1689,15653751,fle3n,2026-06-11 00:00:03,0.17,3,fleongg
1690,15510778,Claudia Barbie,2026-04-09 20:31:25,0.17,5,clabarb
1691,16586110,emirhan_32,2026-07-25 08:14:05,0.17,3,emirhan3223
1692,16745716,AGI_Pipeline,2026-08-23 05:04:38,0.17,2,taryncampbell
1693,15552972,Knight,2026-05-09 15:19:55,0.17,1,dreamer4
1694,16227203,Vuttinun,2026-06-04 17:00:10,0.17,1,vuttinun
1695,16705503,Kevin Li,2026-08-17 05:47:35,0.17,3,kevinli82
1696,16381569,Kazumi Sakamoto,2026-06-17 12:55:54,0.17,1,maehwa
1697,15488241,charyeezy,2026-08-22 12:20:56,0.17,11,charyeezy
1698,15498109,Helik Thacker,2026-04-14 13:43:18,0.17,3,hellhacker
1699,15628929,WAMYA,2026-04-20 08:47:01,0.17,4,wangmyang
1700,15493061,Panos,2026-04-14 08:04:29,0.17,3,panosc
1701,15544125,Vldmr338,2026-04-03 06:29:24,0.17,1,vldmr338
1702,15511689,Andy Penrose,2026-04-14 17:55:44,0.17,3,andypenrose
1703,15672847,Shreyas,2026-05-28 13:06:34,0.17,12,shreyasvathul
1704,16435464,Hans Simmons,2026-07-28 23:21:01,0.17,7,hansleestahl
1705,15970468,Vladimir Yakunin,2026-08-14 01:28:16,0.17,45,vladimiryakunin
1706,16589625,King-damon,2026-08-07 07:03:41,0.17,5,kingdamon
1707,16571708,Lliama,2026-08-07 23:54:59,0.17,6,lliama
1708,15488310,xCalibrr,2026-08-04 03:01:40,0.17,5,pranshubahadur
1709,16662291,MiguelS,2026-08-15 18:47:39,0.17,9,lordm758
1710,16555916,Rizal Dicky,2026-08-24 04:35:51,0.17,15,rizaldicky
1711,16634633,Akanbi Oluwajuwon Mayomi,2026-08-22 01:21:32,0.17,15,akanom
1712,16404154,Boh,2026-08-25 00:03:35,0.17,7,bijiumi
1713,16397179,ARCAINION PRIME,2026-08-13 08:57:09,0.17,6,arcainionprime
1714,16545242,Alex Oranov,2026-07-14 18:32:10,0.17,1,aoranov
1715,15500046,Tingjia InFuture,2026-04-01 05:39:33,0.17,4,tingjiainfuture
1716,15510271,Shiv Satyam,2026-06-12 13:17:31,0.17,3,shivsatyam
1717,15490618,Skye Loitz,2026-08-21 00:05:23,0.17,19,skyeloitz
1718,15543825,taojiekai,2026-04-08 11:35:33,0.17,3,taojiekai
1719,15548118,George yazaji222299 ,2026-04-05 08:41:29,0.17,3,georgeyazaji222299
1720,16546687,Gopi,2026-08-04 00:03:14,0.17,4,gopigogineni
1721,15488458,OmniOne,2026-08-18 11:26:52,0.17,4,MultiEgo
1722,16441640,UncleBumblebeer,2026-07-17 22:35:12,0.17,13,unclebumblebeer
1723,15558515,Ameya Srivastava,2026-05-19 06:03:08,0.17,1,ameyasr1308
1724,16685068,Youssef EL MSIYAH,2026-08-07 13:06:47,0.17,1,youssefelmsiyah
1725,15563039,Yidhar,2026-04-15 00:04:08,0.17,4,yidhar
1726,16616531,Chengyu Huang,2026-07-30 02:25:21,0.17,1,johnsonice
1727,16098385,HAOHAN WU,2026-06-02 03:31:16,0.17,5,zawdcxsw
1728,16540282,kangqinyao,2026-07-14 01:47:19,0.16,2,kangqinyao
1729,15671470,Baran Dindar,2026-05-13 13:45:05,0.16,10,barandindar
1730,16548253,Zhanpeng.W,2026-07-31 04:18:30,0.16,4,zhanpengw
1731,16553194,Unicorn,2026-07-28 00:13:57,0.16,5,scutxuanyu
1732,16031015,Andrea Bonomi,2026-06-15 13:43:37,0.16,5,andreabonomi
1733,16735062,Marcelo,2026-08-24 05:55:53,0.16,5,marcelomata
1734,15981400,Sai Aaron,2026-05-15 11:42:18,0.16,1,saiaaron
1735,16085020,smallrole,2026-05-27 02:56:46,0.16,1,smallrole
1736,15488812,Minal kharat123,2026-07-31 22:26:16,0.16,12,minalkharat123
1737,16255254,TTConsulting,2026-06-16 13:22:51,0.16,6,ttconsulting
1738,16709282,Saikot Das,2026-08-12 05:41:58,0.16,1,saikotse
1739,15523045,Pranav Malhotra,2026-04-19 18:08:35,0.16,7,pranav9874
1740,15664415,koppen9029,2026-04-24 04:23:07,0.16,3,koppen9029
1741,15493534,Addicted Tribes,2026-04-04 05:22:18,0.16,8,"anhlquctrn,haaminh"
1742,16560614,Eishaan Khatri,2026-07-17 18:37:02,0.16,1,eishaankhatri
1743,15595273,The Spectral Shaman,2026-04-13 06:45:55,0.16,2,ryancardwell
1744,16238336,Abdulhamid Sonaike,2026-06-07 06:45:45,0.16,3,abdulhamidsonaike
1745,16754041,darkun1c0rn,2026-08-24 14:42:18,0.16,4,darkun1c0rn
1746,16393610,Arashi133,2026-06-19 09:00:09,0.16,1,arashi133
1747,16256846,Ricky #2,2026-06-12 00:09:03,0.16,4,rickyds97
1748,16451496,Ritchel Akwali,2026-07-16 12:50:50,0.16,5,ritchelakwali
1749,16250468,Rupesh Kumar,2026-06-08 14:17:05,0.16,3,rupeshrk3
1750,16396847,SAITEJA DASARI,2026-06-21 03:09:39,0.16,3,saitejadasari129
1751,16552727,Dylon Tsai,2026-07-20 08:07:11,0.16,1,dylonwilliam
1752,15487374,Taha Kaya,2026-08-05 05:39:16,0.16,5,tahakaya1
1753,16511370,kelin hf,2026-07-28 07:26:45,0.16,1,kelinhf
1754,16632050,HyperARC,2026-08-25 01:37:19,0.16,12,shadowell888
1755,16508568,Thomas Stausberg,2026-08-24 11:49:26,0.16,12,tstausberg
1756,16475295,JosephMontana,2026-07-14 00:17:06,0.16,6,josephmontana
1757,15577570,Umeshkumar Pal,2026-04-10 17:48:05,0.16,1,umeshkumarpal
1758,16508577,betülay Kaba,2026-07-19 06:29:45,0.16,6,betlaykaba
1759,16500409,anteater,2026-08-24 00:23:27,0.16,15,"chaehyunlim2,roha2i"
1760,16405186,Vanya SSS,2026-07-05 11:53:45,0.16,5,vvv228
1761,15518450,Kuldeep Mishra,2026-04-03 05:49:02,0.16,1,kmish980
1762,16456154,Juan Lavieri Goiri,2026-07-01 01:18:29,0.16,2,juanlavierigoiri
1763,15487138,Ravikash Gupta,2026-03-27 02:31:56,0.16,2,ravikaash
1764,15499023,Prashant Kikani,2026-03-27 03:14:56,0.16,1,prashantkikani
1765,15488002,Nick Vecchioni,2026-04-04 07:28:18,0.16,7,nickvecchioni
1766,16439746,zhengmiao95,2026-06-30 23:31:58,0.16,3,zhengmiao95
1767,16630430,Aleks Lviv,2026-08-17 16:33:16,0.15,1,alekslviv
1768,16048884,Luca Beridze,2026-06-17 17:25:12,0.15,2,lucakrahe
1769,16112223,cwxcai,2026-05-29 16:46:25,0.15,1,cwxcai
1770,16721902,Tom.,2026-08-14 11:38:56,0.15,1,tikutiku
1771,15487633,Ritwika Kancharla,2026-03-26 02:56:57,0.15,1,ritwikakancharla
1772,16189442,Takahashi,2026-06-05 01:20:44,0.15,2,tea0925ds
1773,16268040,galaxy2025,2026-06-09 01:07:09,0.15,2,galaxy2025
1774,16300366,Galkin Danil,2026-06-11 11:16:29,0.15,1,galkindanil
1775,15486930,Nischay Dhankhar,2026-04-02 04:20:59,0.15,2,nischaydnk
1776,15529608,Sergei Miller,2026-04-01 15:07:42,0.15,1,sergmiller
1777,15989666,fxhrer,2026-05-19 02:18:38,0.15,1,fxhrer
1778,15491980,Nguyễn Giáp,2026-03-27 01:24:02,0.15,2,nguyngip
1779,16245190,eggsyyyy,2026-06-15 06:09:11,0.15,5,eggsyyyy
1780,16160900,RenitaX,2026-06-15 08:47:08,0.15,5,renitax
1781,15740169,Chandu Chitikam,2026-08-12 05:14:48,0.15,8,chanduchitikam
1782,16702809,raikhan,2026-08-11 20:12:41,0.15,2,raikhan17
1783,16370398,Muhammad Ahsan Talal,2026-07-07 14:52:34,0.15,5,muhammadahsantalal
1784,15830034,Ziaul Hasan,2026-05-24 11:32:31,0.15,3,mzhasan00
1785,15527110,Neha Yadav,2026-04-02 12:22:56,0.15,1,yadavneha5001
1786,16479655,Raiyana Rufaida,2026-07-04 10:38:53,0.15,2,shes1r
1787,16368853,Simon Peter Makobi,2026-06-24 05:52:39,0.15,5,simonpetermakobi
1788,16211260,mdashraful16,2026-06-22 02:31:08,0.15,11,mdashraful16
1789,16590463,weizhou liu,2026-07-26 01:23:21,0.15,4,weizhouliu
1790,15643066,Sơn Nguyễn,2026-04-23 21:46:16,0.15,2,sonnguyen10
1791,16591270,Yansı Evre Yüksel,2026-07-29 10:51:41,0.15,3,yanevyuk
1792,16397318,[Deleted] 0175b662-161d-4ca5-8a06-00bdc5fe0218,2026-07-17 04:50:04,0.15,5,del=c96551b45189e94a
1793,15500752,Kiran Vitly,2026-06-27 06:48:27,0.15,2,kiranvitly
1794,16555984,Jeffery Jerome Harris,2026-07-27 18:27:25,0.15,5,jefferyjeromeharris
1795,16331029,JawaZero,2026-07-02 04:07:55,0.15,7,therealjabaadams
1796,16603574,Paul L,2026-07-27 02:46:55,0.15,1,paull274996
1797,16378658,tokawa2997,2026-06-18 03:38:48,0.15,2,tokawa2997
1798,15916571,wood_zhao,2026-05-17 00:00:31,0.15,3,catenterzhao
1799,15619262,Deenadayalan Kuravar,2026-06-23 11:33:23,0.15,1,deenadayalandms
1800,16374287,404 Not Found,2026-07-04 09:24:15,0.15,13,"gayathrirajeev77,nishanthrajandev"
1801,16473273,Motohiro Okaya,2026-07-04 04:43:42,0.15,3,moroqq82
1802,16357275,Unbrowse AI,2026-07-03 00:46:05,0.15,8,lewistham
1803,16311216,Andro Faryna,2026-06-12 14:18:49,0.15,1,androfaryna
1804,16753669,Amit Kumar Gupta,2026-08-23 12:52:48,0.15,3,eramitg
1805,16564841,Jaydon J P,2026-07-19 11:52:40,0.15,2,jaydonjp
1806,16414311,ruuu,2026-07-12 13:46:26,0.15,5,kyoichiroyanada
1807,16002691,Hiroshi Murakami,2026-05-24 11:05:44,0.15,2,pirozhiki
1808,16736925,nithar1609,2026-08-24 19:53:21,0.15,4,nithar1609
1809,15495033,ARC winners,2026-05-17 22:28:00,0.15,10,"samitmyaka,srihaasakaryampudi"
1810,15575636,kura19,2026-04-14 00:42:07,0.15,1,kura19
1811,16301142,Ryan Barrett,2026-06-11 12:48:06,0.15,1,agifrfr
1812,16368639,Steven #2,2026-06-16 01:58:02,0.15,1,stevenpp
1813,16278637,Pietro,2026-06-11 09:25:26,0.15,2,pietro002
1814,15908291,yanghong2025,2026-06-29 02:17:21,0.15,16,yanghong2025
1815,16303976,Daniel Cecim,2026-06-18 09:50:32,0.15,5,danielcecim
1816,15601261,Yurii Liashchuk,2026-04-13 15:51:30,0.15,1,yuralia88
1817,16530767,Alexsandro135jg,2026-07-12 01:59:59,0.15,2,alexsandro135jg
1818,16716223,jason87216,2026-08-14 02:43:18,0.15,2,jason87216
1819,15519082,Akmal Azzam o'g'li,2026-04-10 17:03:25,0.15,10,akmalmir
1820,16716126,BessHsu,2026-08-14 01:30:07,0.15,1,besshsu
1821,15526904,EastonB,2026-04-15 06:36:36,0.15,3,eastonb
1822,15881965,JEP,2026-06-02 01:10:32,0.15,9,jaeeon2020
1823,16101972,Andy Barta,2026-05-28 18:09:12,0.15,1,andybarta
1824,15494415,Sabreen Elkamash,2026-06-06 06:57:50,0.15,14,sabreenelkamash
1825,16254867,Peng Wang,2026-06-08 04:36:49,0.15,1,pengwang91
1826,16411245,huang akai,2026-08-16 12:00:48,0.15,4,huangakai
1827,16415172,jangjunmin,2026-06-22 15:51:21,0.15,1,jangjunmin
1828,16271667,snailst21 dr,2026-06-24 06:27:05,0.15,2,snailst21dr
1829,15734432,Dexter,2026-08-04 16:11:39,0.15,3,dexterawoyemi
1830,16463140,xcadet,2026-07-02 01:30:39,0.15,1,xcadet
1831,16614927,Kanwar Sekhon,2026-07-29 20:20:07,0.15,1,kanwarmehtabsekhon
1832,16614658,zaheer abbas,2026-07-31 14:20:28,0.15,1,zaheerabbasorakzai
1833,16643024,DY0123,2026-08-03 00:37:18,0.15,1,dy0123
1834,16719242,yulenchen,2026-08-14 01:33:33,0.15,1,yulenchen
1835,16725192,Masataka Suzuki,2026-08-17 04:48:51,0.15,2,masatakasuzuki
1836,16724865,Md.Mahfujul Karim,2026-08-25 02:25:46,0.15,3,mdmahfujulkarim
1837,16719295,Phan Thanh Trung,2026-08-24 18:04:18,0.15,1,primeexcalibur
1838,15654070,Greg Kamradt,2026-06-16 15:52:31,0.15,8,gregkamradt
1839,16108111,Willwinma,2026-05-29 08:04:26,0.15,1,"jingmikun,jinkunhu"
1840,16553009,nijigasaki,2026-07-16 04:34:14,0.15,1,nijigasaki
1841,15539198,ModelNaut,2026-04-03 07:12:36,0.15,2,modelnaut
1842,15486876,PIXMELT,2026-03-26 10:22:27,0.15,1,pixmeltpro
1843,16368161,Nandu Ari,2026-06-20 21:35:14,0.14,2,nanduari
1844,15680357,Andre Ruiz Loera,2026-05-28 02:36:19,0.14,2,andreruizloera
1845,16661652,zhhong6662,2026-08-07 00:09:41,0.14,2,zhhong6662
1846,16560191,Wang X.Y.,2026-07-21 13:27:00,0.14,4,xiangyangwang
1847,15579854,BirdyLiu1023647,2026-06-25 12:19:42,0.14,2,birdyliu1023647
1848,15901663,Purple Slurpees,2026-05-13 14:39:39,0.14,2,purpleslurpees
1849,15859982,SoraDaCroi,2026-05-10 17:00:50,0.14,3,soradacroi
1850,15486691,Pramod Chilakalapudi,2026-04-01 15:08:40,0.14,2,pramodchilakalapudi
1851,15843647,Mauricio Maroto,2026-05-13 02:49:20,0.14,1,maulberto3
1852,15488070,ASetiawan,2026-05-06 00:27:29,0.14,8,aderiannovito
1853,15501456,reyvan14,2026-03-30 11:36:16,0.14,3,reyvan14
1854,16702755,Cristiano Sacramento,2026-08-19 13:13:48,0.14,4,cristianosacramento
1855,15552950,Adi Kusuma,2026-08-05 00:38:30,0.14,8,adikusum4
1856,16712545,Jay Salvi,2026-08-12 12:58:29,0.14,1,jaysalvi
1857,16197549,Irabala,2026-08-05 06:07:42,0.14,13,irabala1
1858,16482226,Maher el Ouahabi,2026-07-11 01:18:08,0.14,6,maherelouahabi
1859,16599867,sota1111,2026-08-03 14:34:32,0.14,6,sota1111
1860,16704495,Enzo Lherisson,2026-08-15 04:05:13,0.14,3,enzolherisson
1861,16535438,Medalist,2026-08-12 06:55:17,0.14,4,"ks0307,reiyas"
1862,15508050,rsn-opencode,2026-05-17 16:58:35,0.14,2,human01
1863,15513094,Jafar Banar,2026-05-06 17:23:20,0.14,5,jafarbanar
1864,16616763,SGY2512,2026-08-20 15:40:35,0.14,5,sgy2512
1865,16660830,4Solver,2026-08-08 00:02:02,0.14,3,"cristianoesilva,msfbiolinhares"
1866,16376849,Garrett Gecewicz,2026-07-03 05:05:34,0.14,11,garrettgecewicz
1867,15929779,xxarjun,2026-05-15 11:24:08,0.14,3,xxarjun
1868,16278450,Gururaj Shahapurmath,2026-06-16 02:10:46,0.14,2,gururajshahapurmath
1869,16448969,adam555adam7,2026-07-15 09:59:25,0.14,2,adam555adam7
1870,16098220,TomoriKaho,2026-07-18 07:55:03,0.14,2,tomorikaho
1871,15568903,Luke Li,2026-04-07 08:52:15,0.14,1,infgeoax
1872,16608791,Shuhei Kuroiwa,2026-07-28 09:19:04,0.14,1,shuheikuroiwa
1873,15496466,Hassan Abedi,2026-03-26 19:26:52,0.14,1,habedi
1874,16296605,rumbling_b,2026-07-03 10:22:41,0.14,1,rumblingb
1875,16759045,Cody Whatley,2026-08-22 14:13:30,0.14,1,codywhatleymd
1876,16307369,Workiflow,2026-07-10 21:57:43,0.14,2,johnpaultheron
1877,15524800,Hafiz Muhammad Noor,2026-04-08 07:35:29,0.14,1,cmdhmn
1878,15486883,ffurkann,2026-07-22 20:01:39,0.14,11,fuego88
1879,16663749,Antoine Matemane Mahirwe,2026-08-11 01:38:39,0.14,6,antoinemah
1880,16612386,Rms387,2026-08-19 16:18:59,0.13,4,rms387
1881,16390777,Sebastien Andersson,2026-06-20 16:01:53,0.13,1,sebastienandersson
1882,16463085,Archie Chaudhury,2026-07-06 00:50:17,0.13,5,archiechaudhury
1883,16368157,Shakil Mosharrof,2026-06-30 05:18:51,0.13,7,shakil19
1884,16601941,nk,2026-07-28 23:31:06,0.13,2,nagatakengo
1885,15875274,mathmonkeyliu,2026-05-06 13:32:00,0.13,1,"mathmonkeyliu,opfromthestart"
1886,16718169,Joyal,2026-08-14 10:04:27,0.13,1,joyalseejo
1887,16403849,TVK,2026-06-21 17:28:04,0.13,2,sarrveshwartme25b115
1888,16292156,Amant,2026-06-15 04:21:51,0.13,6,amantk
1889,15548877,Refound,2026-04-03 15:41:44,0.13,1,refound
1890,16420036,aureioo,2026-07-02 01:17:18,0.13,4,aureioo
1891,15615887,Anatolii Kandiuk,2026-05-29 20:46:30,0.13,7,"anatoliikandiuk,danieldan0"
1892,16553124,udi wijaya,2026-07-30 11:58:13,0.13,7,udiwijaya
1893,16443032,Pawit Sahare,2026-08-13 06:25:04,0.13,4,pawitky
1894,16707087,Melokuhle Sikhondze,2026-08-12 14:35:54,0.13,2,melokuhlesikhondze
1895,15609019,cha7ura,2026-05-23 07:07:10,0.13,3,cha7ura
1896,16630701,Justin CH123,2026-07-31 11:56:51,0.13,1,justinch123
1897,16657368,first_one_3322,2026-08-04 06:21:34,0.13,1,firstone3322
1898,15914096,Chengyi Liu,2026-05-18 13:36:33,0.13,3,cliu123456
1899,15771359,srujhans,2026-08-17 20:31:09,0.13,6,srujhans
1900,16756055,Thomas,2026-08-25 00:05:13,0.13,3,tommurakami
1901,16684631,Mr6436,2026-08-09 20:39:17,0.13,1,mr6436
1902,16484900,YellwoJune083,2026-07-04 08:07:25,0.13,1,yellwojune083
1903,16751822,BillyBato,2026-08-25 06:04:28,0.13,2,billybato
1904,16719401,nicechun13,2026-08-14 02:55:58,0.13,1,nicechun13
1905,16375201,fyvguys,2026-06-29 00:33:47,0.13,10,nin417
1906,15520762,ArcWolf,2026-04-27 16:15:12,0.13,4,fenrirai
1907,15488866,Dhana Abhiraj,2026-03-29 03:54:46,0.13,1,dhanaabhiraj
1908,16406189,Adrián Pineda Moreno,2026-06-26 10:31:13,0.13,5,adrinpineda
1909,15523526,Muhammad Junaid,2026-04-22 16:04:39,0.13,3,junaid512
1910,15826792,Yixin Wang,2026-05-02 10:00:59,0.13,1,yixinwww
1911,15487368,alba,2026-03-29 10:55:01,0.12,3,itbert
1912,15486975,Suleiman Tawil,2026-06-30 19:04:49,0.12,2,suleimantawil
1913,16585165,zhangyues,2026-07-23 00:00:23,0.12,2,zhangyues
1914,16692708,ManasviSharma,2026-08-10 17:34:00,0.12,1,manasvi821
1915,16261270,alekh,2026-08-22 10:34:12,0.12,4,aleksanderhan
1916,16065243,bsenst,2026-05-25 08:27:49,0.12,2,bnzn261029
1917,16404236,Ansh Joshii,2026-06-20 20:48:41,0.12,1,anshjoshii
1918,16516860,Ali Mustafa Ali,2026-07-11 16:56:06,0.12,1,alimustafaali
1919,16617680,HE PEIYU,2026-08-12 10:22:26,0.12,5,hepeiyu004
1920,16366087,Rohan Thattampurath,2026-08-19 11:59:33,0.12,1,thealpha199
1921,15585056,Alek Lacoustete,2026-04-12 11:19:56,0.12,1,aleklacoustete
1922,16747880,Alfonso Rianna,2026-08-24 21:32:22,0.12,2,"alfonsorianna,mattialusian"
1923,15611267,Leobertucci,2026-04-13 20:50:50,0.12,1,leobertucci
1924,15734831,Joshua Heidorn,2026-04-27 02:44:07,0.12,2,joshuaheidorn
1925,16251140,abhilash Manchala,2026-06-12 14:26:47,0.12,3,abhilashmanchala
1926,16318682,Raed Ennab,2026-07-13 04:48:16,0.12,4,raedennab
1927,15989494,Gunal Karthikeyan,2026-05-19 00:42:27,0.12,1,gunalkarthikeyan
1928,16685374,Tirenioluwa_K,2026-08-17 23:22:23,0.12,3,tirenioluwak
1929,15488263,Karen,2026-06-12 02:12:32,0.12,5,karendavis
1930,15487585,Faihaj,2026-03-31 17:19:25,0.12,3,faihaj
1931,15940399,Roy_Wang925,2026-05-20 14:39:34,0.12,5,roywang925
1932,16040367,Ryosuke SHIMIZU,2026-05-23 03:28:06,0.12,3,tttgazerttt
1933,16445777,Nesime,2026-06-28 08:51:43,0.12,1,monkeybox
1934,16419773,霓裳-Museon,2026-07-06 00:46:14,0.12,6,zealchou
1935,16410916,yasuk,2026-08-20 14:39:55,0.12,1,yasunarik
1936,16670410,TumblingDice23,2026-08-06 12:54:31,0.12,2,tumblingdice23
1937,16769485,Tailee Kim_7,2026-08-25 08:38:38,0.12,1,emilykim01
1938,16768912,Jon Pelchat,2026-08-25 04:23:20,0.12,1,jonpelchat
1939,16652499,Yiğit Karadağ,2026-08-06 04:49:03,0.12,1,yiitkarada
1940,16570733,PankajGupta73,2026-07-24 01:35:27,0.12,1,pankajgupta73
1941,16766812,ERS,2026-08-25 04:43:40,0.12,2,shingo257
1942,15752293,Guy Nachshon,2026-04-28 09:51:04,0.12,1,guynachshon
1943,16271923,Ian Blenke,2026-08-19 14:26:29,0.12,8,iancblenke
1944,16688028,Asher Tooley,2026-08-08 00:16:44,0.12,1,ashertooley
1945,15487309,Njabulo Bright,2026-03-29 05:25:52,0.12,4,njabulobright
0,15485225,Random Agent,2026-03-25 00:33:14,0.12,1,
1946,16501274,Samson Enoch,2026-07-08 02:01:03,0.12,2,samsonenoch
1947,16755194,Shubham Tibrewal,2026-08-25 04:35:36,0.12,2,researchai2026
1948,16673415,Stijn,2026-08-23 05:35:18,0.12,5,stijnappelmoes
1949,15513411,nadirbekovnadir,2026-04-03 01:03:35,0.12,2,nadirbekovnadir
1950,16580355,Rick Gillespie,2026-07-21 10:29:44,0.12,1,bliztafree
1951,15636473,whflux,2026-05-12 10:39:38,0.11,6,whflux
1952,15492335,bobdobbob,2026-03-26 07:08:46,0.11,1,bobdobbob
1953,15492420,da_pond,2026-03-26 07:20:03,0.11,1,dapond
1954,15595610,georginio2000,2026-07-20 16:37:59,0.11,4,kouserisgeorgios
1955,16384499,Pranshu Sharma,2026-07-02 18:15:08,0.11,6,pranshusharmaa
1956,15503562,Mattias Nordstrand,2026-04-03 14:02:10,0.11,2,mattiasnordstrand
1957,15602825,ASHWINMSAD,2026-04-16 05:10:03,0.11,4,ashwinmsad
1958,16126100,Mukesh Patil,2026-08-17 05:27:30,0.11,8,speedforceyt
1959,16277881,Saif Bagmaru,2026-06-11 06:56:44,0.11,3,imsaif
1960,16723651,Ehsan Patel,2026-08-16 01:09:35,0.11,2,ehsansp
1961,16506426,i moichchi :sob:,2026-07-09 02:42:03,0.11,2,abdullahshafi2021
1962,15939268,Lucien de Rubempre,2026-05-13 05:32:15,0.11,2,lucienderubempre
1963,15671155,Ravi Makhija,2026-04-26 17:51:17,0.11,2,ravimakhija
1964,16321982,Zhongyuan Zhang,2026-07-05 12:56:39,0.11,1,z1493916656
1965,16025438,zohir benmalek,2026-05-19 16:38:19,0.11,1,zohirmalek
1966,16676389,Y. Kim,2026-08-21 17:50:40,0.11,5,ywkim22
1967,15640764,Sai Shreekar G,2026-05-15 03:27:00,0.11,2,saishreekarg
1968,15493593,waechter,2026-03-26 10:01:16,0.11,1,waechter
1969,16117471,Quetzali Ramírez Guillén,2026-05-31 03:31:13,0.11,2,coystan
1970,15494266,Tharaka Umayanga,2026-03-26 11:33:50,0.11,1,crazyfox001
1971,16733960,Rand Go,2026-08-17 19:36:59,0.11,1,randgo
1972,16249007,BlueFlame202,2026-06-13 19:10:34,0.11,2,aathreyakadambi
1973,16066658,Chia-Han Chen,2026-05-27 02:14:47,0.11,1,chiahanchen
1974,15504373,GanadorPlusUltra,2026-04-04 01:08:02,0.11,4,ganadorplusultra
1975,16368320,Kyrenic,2026-08-24 00:15:58,0.11,9,kyrenic
1976,15495078,Revanth Kodati,2026-03-26 19:10:15,0.11,1,kodatirevanth
1977,16357889,Gopokionel,2026-08-04 05:35:58,0.11,5,gopokionel
1978,15488392,Omar,2026-03-27 00:03:23,0.11,1,omarafik
1979,15584179,Klgv Klgv,2026-04-19 20:08:57,0.11,2,klgvklgv
1980,16458373,Pallavi R,2026-07-15 13:55:50,0.11,2,pallavi1407
1981,16754530,田口雄大,2026-08-23 05:14:52,0.11,2,"shiiin9,ydi102143"
1982,16594962,abdallah farouk,2026-07-31 00:34:32,0.11,1,farouk09
1983,16374045,Ethan Liu,2026-06-20 14:47:35,0.11,3,ethanl22
1984,15512002,Tom,2026-03-29 11:38:54,0.11,1,tomokisano
1985,15488557,TeamRED,2026-03-27 04:14:08,0.11,2,noproo
1986,16582387,kwonj0815@gmail.com,2026-07-21 16:44:51,0.11,1,kwonj0815gmailcom
1987,15503023,hetul patel,2026-07-18 18:21:59,0.11,3,hetul803
1988,15880333,Ninym06,2026-06-23 10:29:05,0.11,2,ninym06
1989,16716151,Hsu HH,2026-08-14 04:57:25,0.11,2,beatles1823
1990,16756317,Derrick Lace,2026-08-21 19:18:10,0.11,1,derricklace
1991,16464853,guochangZhang,2026-07-05 03:18:23,0.10,1,guochangzhang
1992,16244857,Ben Jenkins,2026-06-07 22:03:12,0.10,2,benjenkins96
1993,15573392,Chitranjan Singh,2026-04-22 18:32:50,0.10,1,chitranjansingh
1994,15492306,H. Dewmal ,2026-08-09 17:10:07,0.10,1,dewmalnilanka
1995,15497023,rldoeswork,2026-08-13 01:58:12,0.10,1,maharishiva
1996,16541755,gugugaga!,2026-07-14 04:25:00,0.10,1,ccrcrcr
1997,16655317,Emin Gürbüz,2026-08-08 19:31:09,0.10,4,emingrbz0
1998,15834772,James Wilkins,2026-05-05 06:02:58,0.10,2,jameswilkins
1999,16674972,Noureddine Mohammedi,2026-08-12 11:31:54,0.10,4,noureddinemohammedi
2000,15828349,yang1911,2026-05-04 14:48:34,0.10,1,yang1911
2001,15998556,Kevin Shao,2026-05-27 08:26:54,0.10,2,kevinshao04
2002,16384154,Baris Yazici,2026-06-23 11:50:24,0.10,4,barisyazici30
2003,15573094,Hitchhiker2TheFuture,2026-06-09 01:28:50,0.10,8,hitchhiker2thefuture
2004,16688449,Vicwlau,2026-08-08 05:21:02,0.10,1,vicwlau
2005,16267486,reasonofmoon,2026-06-08 11:11:51,0.10,1,reasonofmoon
2006,15505322,Emiliano Gasparovic,2026-03-28 05:31:07,0.10,1,emilianogasparovic
2007,15499036,Jiwei Liu,2026-03-30 21:37:36,0.10,2,jiweiliu
2008,15509517,somebodyOnKaggle,2026-03-29 00:42:49,0.10,1,somebodyonkaggle
2009,16085896,Paul Joseph,2026-05-31 08:07:38,0.10,1,paultechm
2010,16739889,Ayush Arora,2026-08-20 00:29:54,0.10,2,ayuslharora
2011,16324926,Buzz shocker,2026-06-29 05:54:09,0.10,1,"buzzshocker,lordyashpratap"
2012,15609207,Alexander,2026-04-13 13:30:07,0.10,1,krugex
2013,16715965,AlanHsu_AI0116,2026-08-21 05:37:49,0.10,6,alanhsuai0116
2014,16266300,zzzzzzrc,2026-06-11 04:23:37,0.10,4,zzzzzzrc
2015,15487355,S,2026-04-02 21:22:29,0.10,3,carlostoppani
2016,15487103,Guanghan Ning,2026-06-19 18:45:08,0.10,5,guanghanning
2017,16430419,loadingAC,2026-06-25 08:31:18,0.10,1,loadingac
2018,15763912,Harry Zhao HY,2026-04-30 02:26:21,0.10,3,harryzhaohy
2019,15539171,GrootX,2026-04-03 21:51:16,0.10,1,grootx
2020,16536460,Cont Gi,2026-07-14 02:31:46,0.10,2,contgi
2021,16716260,Phoenix,2026-08-14 01:33:09,0.10,1,phoenix189
2022,15786837,macleonjinkan@hotmail.com,2026-04-29 22:19:16,0.10,1,macleon
2023,15585605,pkms,2026-06-30 00:04:15,0.10,5,prakamyamishra
2024,16327509,fabio rovai,2026-06-19 08:57:57,0.10,4,fabiorovai
2025,15498286,Hira-X,2026-03-30 23:23:49,0.10,2,abdullahasoliman
2026,16726265,noxdarko,2026-08-15 18:56:08,0.10,1,noxdarko
2027,16751673,Sidharth Hulyalkar,2026-08-23 22:29:01,0.10,1,sidharthhulyalkar21
2028,16627226,JohnBaby,2026-08-02 17:17:04,0.10,1,junzhewong
2029,15536113,IjlalBaig,2026-04-05 16:51:20,0.10,1,ijlalbaig92
2030,16349882,Nikhil Pradhan,2026-08-06 18:58:34,0.10,6,nikhilpradhan1
2031,16444911,JShen,2026-07-04 12:32:37,0.10,1,qjshen
2032,15995392,Hiroyasu Okuno,2026-06-06 01:47:51,0.10,1,hiroyasuokuno
2033,16273359,JinXian Chen,2026-07-16 16:06:45,0.10,6,jinxianchen
2034,16100782,StevenKaseiyo,2026-05-28 13:03:29,0.10,1,stevenkaseiyo
2035,15943261,Raphael Gusmao,2026-05-25 22:49:08,0.10,5,raphaelgusmao
2036,15817057,Erich Bochenek,2026-05-12 10:04:22,0.10,5,erichbochenek
2037,16588811,GameAGI,2026-08-10 06:32:09,0.10,1,"mama5647,voidin,zhangruichen66"
2038,16054431,Tuna Xiao,2026-06-13 09:41:13,0.10,1,tunaxiao
2039,15489968,Haradi Bots,2026-03-27 03:22:10,0.10,2,haradibots
2040,15510259,[Deleted] 148fbb43-b531-4414-91bf-40351a0788aa,2026-03-29 04:06:37,0.09,1,del=358c10d722d32731
2041,16387375,Tanh2405,2026-06-19 07:44:34,0.09,1,tanh2405
2042,15513341,wolf,2026-04-15 00:30:41,0.09,1,naoufelelbachir
2043,16716148,liuhungyi,2026-08-14 00:21:22,0.09,1,liuhungyi
2044,16732429,Raoul Biagioni,2026-08-24 07:59:26,0.09,2,raoulbiagioni
2045,16717152,yesterdays_rebel,2026-08-13 12:09:43,0.09,1,irfanparaniya
2046,15506954,Rafay Shahid0,2026-03-31 02:15:53,0.09,1,rafayshahid0
2047,15708278,Huy Lôi Giang,2026-04-23 09:51:38,0.09,1,huyloi
2048,16561130,DA willowtree,2026-07-17 21:29:39,0.09,1,dawillowtree
2049,15637997,the_coder,2026-07-23 07:27:50,0.09,2,samyukthahr
2050,15863749,don gunning,2026-08-11 19:33:27,0.09,11,dongunning
2051,16559107,Joan Bitutu,2026-07-17 11:27:51,0.09,1,joanbitutu
2052,15785831,Kamal Biswakarma,2026-04-29 21:24:18,0.09,1,kamalbiswakarma
2053,15522177,Arpit Singh,2026-05-20 04:42:35,0.09,5,arpitsingh8809
2054,16468343,SonuYadav889,2026-07-11 16:35:09,0.09,2,sonuyadav889
2055,16417945,Rajshekar,2026-06-23 07:52:30,0.09,1,mtech24m0793
2056,16687920,nabil,2026-08-08 11:47:10,0.09,1,marchworks
2057,16386238,Aditya Singh,2026-06-19 10:44:39,0.09,1,adityasingh157735
2058,15498152,Rohan Dekate,2026-03-27 00:24:40,0.09,1,rohandekate13
2059,15490043,Pranav A,2026-06-27 14:39:32,0.09,1,pranav47
2060,15519101,yanjixiang,2026-04-01 14:55:49,0.09,1,yanjixiang
2061,15528321,Mawra Musawar,2026-06-09 11:47:50,0.09,1,mawramusawwar
2062,15488213,little cat,2026-04-13 06:37:32,0.09,1,tangtang1999
2063,15498108,GrassClass2026,2026-06-13 16:21:44,0.09,1,oxjunhao
2064,16564309,Nadav Lederman,2026-08-02 12:53:40,0.09,4,nadavlederman
2065,16559560,wonofone,2026-08-08 06:50:14,0.09,1,wonofone
2066,15488412,[Deleted] 03f7a0e7-4358-4906-88ed-86eadf91a51c,2026-03-28 00:17:12,0.09,3,del=158dba91f520bef9
2067,15494572,namanbnsl,2026-08-22 08:06:35,0.09,1,namanbnsl
2068,15641659,Avery Scott,2026-04-19 19:27:51,0.09,1,solarusblank
2069,15732134,Ryan Ghorbandoost,2026-04-24 18:46:29,0.09,1,ryanghorbandoost
2070,16400248,G4br13l,2026-06-20 08:34:02,0.09,1,g3br13l
2071,15574032,KARLMAC,2026-07-21 14:54:44,0.09,5,karlmac
2072,15492342,Jerome Sieber,2026-06-29 09:06:09,0.09,1,jeromesieber
2073,16379780,Jahir Chowdhury,2026-06-17 09:01:24,0.09,1,jahirchowdhur
2074,16593808,RuiFSPinto,2026-07-28 07:07:04,0.09,5,ruifspinto
2075,16749470,Hetchy,2026-08-20 16:56:24,0.09,1,yukihet
2076,16498321,Matthew Childs,2026-07-08 00:01:12,0.09,2,varellium
2077,16475859,Sega Mega,2026-08-01 23:48:15,0.09,4,segamega
2078,16448948,Aur Shalev Merin,2026-07-03 18:10:27,0.09,4,aurshalevmerin
2079,15657134,WilsonFu,2026-05-28 05:12:13,0.09,1,willsonfu
2080,16697953,Macx Vasquez,2026-08-10 02:29:41,0.09,1,macxvasquez
2081,15985403,[Deleted] 2361894e-be69-404a-b6a8-928369b492a0,2026-06-24 00:16:53,0.09,2,del=5900c7ab80aef0b9
2082,15519186,Linda MacPhee-Cobb,2026-03-31 19:47:05,0.09,1,wrinkledtime
2083,16683904,Void_Rune,2026-08-12 13:14:20,0.09,6,voidrune
2084,15668591,Longkun Shi (Candyman),2026-04-25 04:21:39,0.09,3,longkunshicandyman
2085,15807768,shigeria,2026-05-01 05:20:53,0.09,1,shigeria
2086,15756777,Aimar Haddadi,2026-05-31 10:30:46,0.09,2,aimar00
2087,16750589,XiangtaoWang,2026-08-20 21:45:56,0.09,1,xiangtaowong
2088,16296118,kobayasi,2026-08-14 01:00:09,0.09,2,boomvector
2089,16006820,pop smoke fan,2026-05-18 12:47:17,0.09,1,bibisorobabydjon
2090,16482397,Matt Mazur,2026-07-03 17:24:38,0.09,1,mhmazur
2091,16333016,PRANAY MANE ,2026-06-28 03:40:11,0.09,7,mpranay53
2092,15491631,Cody Terry,2026-03-27 02:21:20,0.09,2,codyterry
2093,16442486,Positive Quark,2026-08-23 04:01:49,0.09,2,quarkliu
2094,16337443,yuji y,2026-08-21 02:28:17,0.09,2,yujiyyy
2095,15618050,Elisha777,2026-07-11 07:17:23,0.09,7,elisha777
2096,15496358,Saurabh Dasgupta,2026-07-09 14:15:37,0.09,1,dasgupsa500
2097,16483109,kaixinw6,2026-08-20 17:52:51,0.09,3,kaixinw6
2098,16083613,shotaro sakaguchi,2026-06-13 12:36:35,0.08,2,sakaguti1211
2099,16094088,çağrı okan,2026-06-07 10:52:02,0.08,2,cagrokan
2100,16241510,KunalKakade,2026-06-09 01:27:41,0.08,2,kunal808
2101,16644285,Pedro_Afonso2,2026-08-03 00:14:29,0.08,2,pedroafonso2
2102,16714366,sergiobuilds,2026-08-15 18:54:49,0.08,1,sergiobuilds
2103,15505309,laoshucike,2026-06-14 05:44:41,0.08,2,laoshucike
2104,16274295,Mitotic,2026-06-12 14:51:52,0.08,2,"bytemuneeb,clarkcarter,muzicodes"
2105,16116181,MakiMakiAi,2026-06-21 11:01:52,0.08,1,makimakiai
2106,15657776,ignace mutuza,2026-08-24 17:25:07,0.08,11,ignacemutuza
2107,15488399,ZhiruiLuo,2026-04-03 00:32:09,0.08,1,zhirluo
2108,16715388,LiuChen1350,2026-08-13 03:14:24,0.08,1,liuchen1350
2109,15554719,Hajar Besbassi,2026-04-10 17:04:03,0.08,1,jolizare
2110,15492759,jungwon Eom,2026-03-26 14:23:37,0.08,1,jungwoneom
2111,15496387,Patryk Wolny,2026-08-15 01:31:41,0.08,3,patrykwolny
2112,16638027,Randynho,2026-08-15 19:20:53,0.08,5,randynho
2113,16759482,64 Aashish Chaudhary,2026-08-24 15:06:44,0.08,1,trh2023
2114,15932596,Matt Davis,2026-05-24 02:02:34,0.08,3,matteius
2115,16613524,yoikoarmor,2026-07-31 23:33:59,0.08,2,yoikoarmor
2116,15626214,Mounika Kalamraju,2026-04-16 02:23:11,0.08,1,mounikakalamraju
2117,16096798,mark zhang,2026-06-01 15:46:50,0.08,1,markdaddy
2118,15643224,Rahul,2026-04-18 09:08:21,0.08,1,rahulatrkm
2119,16639249,Edgardo Lovell,2026-08-24 12:50:14,0.08,2,edgardolovell
2120,15497364,Cuda Musume,2026-07-03 16:26:26,0.08,3,"chakrabhuanavdeva,gerryweber"
2121,15699347,Oskar Seweryn,2026-05-08 07:23:06,0.08,2,oskarseweryn
2122,16551905,Vladislav Babichev,2026-07-18 01:16:41,0.08,1,vladislavbabichev
2123,15487386,Evan Pieser,2026-06-19 00:27:57,0.08,3,evanpieser
2124,15492339,せいき,2026-03-29 13:58:56,0.08,2,gzyztc
2125,15517835,pexoML,2026-04-04 09:11:34,0.08,3,pexoml
2126,15836656,Sutee,2026-05-10 08:28:46,0.08,2,lszlst
2127,15985981,YUXIANG0853,2026-05-26 13:27:20,0.08,3,yuxiang0853
2128,16102239,Abhay Gupta,2026-05-28 18:59:18,0.08,1,abhaygupta404
2129,15487749,fnhirwa,2026-06-04 11:30:45,0.08,3,fnhirwa
2130,16157279,Ahmed Sobeih,2026-06-05 02:19:29,0.08,2,ahmedsobeih
2131,16297653,satyamsingh5512,2026-06-15 06:23:52,0.08,4,satyamsingh5512
2132,15841376,Afro AI,2026-06-16 07:22:33,0.08,10,aosanya
2133,16103492,Rubens Sosa,2026-06-28 01:54:27,0.08,4,rubenssosa
2134,16428391,GoodRelax,2026-06-30 12:59:08,0.08,3,goodrelax
2135,15940100,JINGBO SHI,2026-06-30 05:20:47,0.08,1,sherlockucb
2136,16077130,Ghbmaster,2026-07-21 13:13:33,0.08,3,ghbmaster
2137,15549210,Sardor Razikov,2026-08-23 07:20:19,0.08,9,sardorrazikov
2138,16500691,Vyomakesh Dundigalla,2026-07-24 17:41:49,0.08,3,vyomakeshdundigalla
2139,16634065,kuangfeng,2026-08-02 01:08:13,0.08,2,kuangfeng
2140,16693920,Muheng,2026-08-16 09:06:24,0.08,2,muheng
2141,16510962,Adrien Thomas,2026-08-24 23:40:36,0.08,13,adrienthomas
2142,16722258,Nilutpal Pathak,2026-08-14 18:21:15,0.08,1,neel21yt
2143,16702642,VelvetKernel,2026-08-21 04:30:09,0.08,2,velvetkernel
2144,16753475,Huiyun Hu,2026-08-21 16:54:50,0.08,1,huiyunhu
2145,16763880,ShotaAzuma,2026-08-23 23:15:39,0.08,1,shotaazuma
2146,16765941,yin,2026-08-25 00:28:32,0.08,2,yinsong
2147,16516843,Aditya Singh Kshatriya,2026-08-24 12:29:02,0.08,1,adityasinghkshatriya
2148,16268658,kiritohhhhh,2026-06-19 08:58:55,0.08,1,txdyhs
2149,16555623,Kent Takamatsu,2026-07-21 01:15:21,0.08,2,kenttakamatsu
2150,15487928,YERMES AMINE,2026-03-26 21:26:15,0.08,2,yermes
2151,16664821,Rishi_Lokesh07,2026-08-23 15:33:26,0.08,1,rishilokesh07
2152,15716261,John Taylor (AI),2026-08-19 20:00:40,0.08,24,johntaylorai
2153,16762175,Дворкин Евгений Владимирович,2026-08-24 13:24:04,0.08,1,evgendvorkin
2154,16716052,yosi,2026-08-13 07:19:28,0.08,1,yositw3824
2155,16093040,Qianhao Yao,2026-06-13 11:55:44,0.08,2,yaoqianhao
2156,16086045,Praxis tools,2026-06-10 20:24:40,0.08,1,praxistools
2157,16607916,orangger,2026-07-28 07:18:41,0.08,1,orangger
2158,16714597,Cole Godfrey1,2026-08-13 02:05:25,0.08,1,colegodfrey1
2159,16582867,Lazyman,2026-08-10 02:45:00,0.08,1,lazyman
2160,16530791,Kyles Light,2026-07-11 05:11:23,0.08,1,kyleslight
2161,16292501,Chance Pickett,2026-06-10 21:37:07,0.08,1,chancepickett
2162,15504183,Luka Popovici,2026-03-27 23:39:49,0.08,1,lukapopovici
2163,16671699,sabari nathan,2026-08-08 08:02:10,0.08,3,sabarinathan
2164,16197314,Shubham Veer,2026-06-24 05:29:12,0.07,1,shubhamveer
2165,16422666,Sapiens Livre,2026-06-27 03:17:12,0.07,4,sapienslivre
2166,15930504,addi,2026-05-13 08:16:38,0.07,1,addi11
2167,15708044,[Deleted] a886bc33-8817-4775-a243-50321ef72a07,2026-04-26 19:52:12,0.07,2,del=b331b9c946b1b426
2168,15879401,LucyHe2,2026-05-06 22:27:42,0.07,1,lucyhe2
2169,16144803,MSG_Encrypted,2026-06-07 21:36:48,0.07,3,msghais
2170,16728570,Mimo,2026-08-17 09:40:02,0.07,2,architranjan29
2171,15551669,Mark Coffey,2026-06-15 05:15:14,0.07,1,sasquilly
2172,15528577,kagglewangtang,2026-06-15 06:01:06,0.07,2,kagglewangtang
2173,15501158,Arunkumar dsci,2026-04-15 09:43:16,0.07,2,arunkumardsci
2174,16564803,dongfangdaguo,2026-08-09 08:30:14,0.07,2,dongfangdaguo
2175,15996416,Trung Nghia,2026-08-10 15:19:19,0.07,1,trungnghia
2176,15566888,Arpit Singh Gautam,2026-04-08 21:45:42,0.07,1,arpitsinghgautam
2177,15833254,Poseidon,2026-05-07 23:14:06,0.07,3,posiedon
2178,16554964,clouds111,2026-07-29 07:27:27,0.07,1,clouds111
2179,16016320,Dengyi Liu,2026-05-20 03:20:47,0.07,1,dengyiliu
2180,15494712,Hasnaa Bennis,2026-04-24 15:50:33,0.07,2,hasnaabennis
2181,15655993,LarissaWF,2026-04-22 19:09:34,0.07,1,larissawf
2182,15496361,CheeseMaster,2026-03-26 16:55:43,0.07,1,timissosmart
2183,15889979,devomage,2026-06-19 01:36:51,0.07,8,devomage
2184,16562789,Preet,2026-07-25 18:14:19,0.07,1,hpkaur34
2185,16604162,LC-Swordsmen,2026-08-04 13:42:27,0.07,5,"jackylegends,ztcstudy"
2186,15505169,Deptrais1VN,2026-04-02 09:20:43,0.07,3,shiinehata
2187,16284941,Paul Piper,2026-06-11 11:33:29,0.07,1,paulmpiper
2188,16685812,Abasu,2026-08-10 00:46:23,0.07,2,abasu644
2189,16434341,Al Kibriar Hossain,2026-06-25 17:07:49,0.07,1,iamkhs
2190,16383087,Super Humanoid,2026-06-29 02:59:15,0.07,2,superhumanoid
2191,16143078,petkovacs,2026-06-01 13:10:14,0.07,1,petkovacs
2192,16483350,koyama_ryuji,2026-07-03 21:29:17,0.07,1,koyamaryuji
2193,15660025,arodmor,2026-07-13 18:04:10,0.07,1,arodmor
2194,16578050,ashsah,2026-07-21 02:06:59,0.07,1,ashsah
2195,16294943,Ömer Berkay Sarıgül,2026-06-11 01:52:00,0.07,1,omerberkaysarigul
2196,16729910,Christoffer Thimsen,2026-08-17 06:34:57,0.07,2,lowasitgoes
2197,16208382,weiyi,2026-06-05 01:03:19,0.07,2,txdywy
2198,16610154,Wodo888,2026-08-17 06:05:00,0.07,14,wodo888
2199,16278020,flyingfox,2026-06-27 14:45:47,0.07,1,harrysun2006
2200,16585180,Yuchen Liu,2026-07-25 08:28:46,0.07,2,lyc070510
2201,16593632,Neko Core,2026-07-24 12:24:41,0.06,1,holilihu
2202,16722023,Kevoh Mutwiri,2026-08-18 07:50:44,0.06,3,kevohmutwiri
2203,15542847,code4me2,2026-04-13 21:05:53,0.06,1,code4me2
2204,16724783,KANCHETi Devieswar,2026-08-20 00:00:47,0.06,2,kanchetidevieswar
2205,15984317,Zeref12344321,2026-05-20 19:04:39,0.06,6,zeref12344321
2206,16693067,Chandra Yakkali,2026-08-19 11:28:57,0.06,2,chandrayakkali
2207,16021260,Kushagra Bhushan,2026-05-19 11:27:26,0.06,1,kushagrabhushan
2208,16574597,c.e hsiao ,2026-07-21 07:44:40,0.06,1,cehsiao
2209,16671409,Thiago Farya,2026-08-10 12:05:18,0.06,2,thiagofarya
2210,16157264,raywu918python,2026-06-04 01:33:14,0.06,3,raywu918python
2211,15951910,Jim Jardine,2026-07-23 00:22:58,0.06,1,jimjardine
2212,16662968,Rangga Figo Hidayat,2026-08-05 07:06:51,0.06,1,aproditzecaspersky
2213,15515989,jessie riggle,2026-07-04 22:44:16,0.06,2,lashagogilidze
2214,15501055,Omar Isbaitan,2026-05-01 14:47:31,0.06,2,omarisbaitan
2215,16735574,George_S_Thomas,2026-08-21 05:14:54,0.06,2,georgesthomas
2216,16599680,Michal Swietek,2026-07-25 20:38:52,0.06,1,michalswietek
2217,16744753,yashmathur777,2026-08-24 12:48:59,0.06,3,yashmathur777
2218,15661391,Anna Barbato,2026-05-20 01:05:04,0.06,3,annabarbato
2219,15812600,HomieDaddy,2026-07-02 10:41:32,0.06,8,homiedaddy
2220,15545278,Tra Crew,2026-04-03 08:18:43,0.06,1,tracrew
2221,15546133,roc,2026-04-05 19:01:22,0.06,1,roebius
2222,15493616,STARGA,2026-06-30 12:35:44,0.06,1,cputer
2223,15883359,adhithyan u,2026-05-20 15:52:42,0.06,1,adhithyanu03
2224,16536319,Jiantao Zhao,2026-07-17 13:44:15,0.06,2,gordan123
2225,16595314, simplicity,2026-07-27 21:01:23,0.06,3,simplicity
2226,16677330,fistyee,2026-08-15 04:15:55,0.06,1,fistyee
2227,16640841,tang yangzhou,2026-08-04 01:09:46,0.06,2,tangyangzhou
2228,15702712,Opoch,2026-04-25 12:31:40,0.06,1,dvcoolster
2229,15899313,elmwood,2026-06-25 02:35:19,0.06,2,mmarsh5528
2230,15538912,jmorales,2026-06-11 03:46:41,0.06,8,javiermoralesestevez
2231,16552856,Warren Faassen,2026-07-20 14:13:37,0.06,5,warrenfaassen
2232,15513259,Nicolae Pascal,2026-07-30 07:59:20,0.06,4,nicolaepascal78
2233,16716143,Ianwah,2026-08-14 01:07:59,0.06,1,ianwah
2234,16724287,Shyshca,2026-08-19 13:33:18,0.06,5,shyshca
2235,15491261,Hiyato,2026-03-27 01:21:32,0.06,2,hiyato
2236,15503157,Shreas Labib,2026-03-28 23:20:01,0.06,2,shreaslabib
2237,15487036,JeffFosterUK,2026-03-28 18:50:19,0.06,1,jefffosteruk
2238,15516534,OneUpKiwi,2026-04-02 07:35:33,0.06,3,oneupkiwi
2239,15745740,gyindeu,2026-04-30 16:57:39,0.06,2,gyindeu
2240,15663369,Nobel16,2026-05-20 04:07:34,0.06,1,nobel16
2241,15629748,Felix,2026-05-28 05:51:58,0.06,1,accidentalbrain
2242,16233392,Ruirong Feng,2026-07-07 20:14:22,0.06,5,ruirongfeng
2243,15530697,sasaki,2026-07-13 11:41:44,0.06,2,rsasaki
2244,16678230,Holsoul,2026-08-07 05:27:47,0.06,1,holsoul
2245,16032816,David Hartmann,2026-08-21 23:58:45,0.06,23,"dvhrtm,sbrodehl"
2246,16748123,Cynthia Omovoiye,2026-08-22 11:25:13,0.06,2,cynthiaomovoiye
2247,16759321,Naichh,2026-08-22 18:35:01,0.06,1,naichh
2248,16532484,Alex Sehdeva,2026-08-25 00:00:34,0.06,38,alexsehdeva
2249,16742320,Garg Technical,2026-08-19 10:09:18,0.06,1,gargtechnical
2250,16400723,Vighnesh Deshpande,2026-06-20 08:55:24,0.06,1,deltaproxima
2251,16037188,Aastik Rajan15,2026-05-22 22:41:10,0.06,2,aastikrajan15
2252,16041599,AhmedberaT Ozer,2026-05-21 19:02:53,0.06,1,ahmedberatozer
2253,16538233,dozcat,2026-07-19 05:53:15,0.06,4,dozcat
2254,16698305,Takuma Kojima,2026-08-10 07:23:25,0.06,1,takumakojima
2255,16759142,y.y.y.1024,2026-08-23 12:55:00,0.06,1,yyy1024
2256,16691339,zhongtian,2026-08-08 14:15:12,0.06,1,kmtbang
0,15485223,Just Explore,2026-03-25 00:34:54,0.06,1,
2257,16690521,Aditya #2,2026-08-09 02:17:10,0.05,1,a0x1ab
2258,15652099,Mohaned Najar,2026-05-07 08:28:32,0.05,6,mohanednajar
2259,15822703,Cheesecake,2026-07-07 02:39:46,0.05,5,chelseaaurel
2260,16675756,enes1359,2026-08-06 16:19:25,0.05,1,enzeceb
2261,15494467,Blade Runner,2026-03-27 08:18:32,0.05,1,lonesomefish
2262,16301451,Sarfaraz Ahamed,2026-06-13 13:17:40,0.05,1,sarfarazahamed
2263,15493007,Imaad Fazal,2026-06-29 07:43:07,0.05,1,imaadfazal
2264,16743796,ROHAN Exploit,2026-08-24 00:13:47,0.05,6,rohanexploit
2265,15748139,Hunter,2026-05-06 10:34:49,0.05,5,satishhanchinal
2266,16368288,Atom McCree,2026-06-22 12:41:45,0.05,2,atommccree
2267,15506544,Geby Jaff,2026-03-29 07:22:43,0.05,2,gebyjaff
2268,16693306,Hongxin Su,2026-08-09 07:54:33,0.05,1,hongxinsu
2269,16579795,tobeMob,2026-07-23 10:56:06,0.05,1,tobemob
2270,16536163,Team GI,2026-07-14 00:47:10,0.05,1,mortadhaali
2271,15738880,Sean McGee,2026-05-16 00:37:13,0.05,3,seanmcgee2025
2272,16115562,JackLX,2026-06-22 19:13:10,0.05,1,jacklx
2273,15718994,wzk1015,2026-04-23 13:26:45,0.05,1,wzk1015
2274,15495411,Jin Niu,2026-03-26 14:41:32,0.05,1,gufanmingmie
2275,15487848,sigmaborov,2026-03-25 21:33:18,0.05,1,sigmaborov
2276,15509754,Thomas Greissler,2026-03-29 00:22:16,0.05,1,thomasg22202020
2277,16691314,EricYang03,2026-08-09 00:03:00,0.05,2,ericyang03
2278,16377188,ddplay03,2026-06-27 09:15:59,0.05,1,ddplay03
2279,15525344,vividmind,2026-04-09 15:37:06,0.05,1,frozenorb
2280,16682521,Saber #2,2026-08-08 22:59:21,0.05,2,kagurakurage
2281,15625666,Mingeon Kim,2026-04-28 22:03:31,0.05,8,maeng31
2282,15743819,Abd-alrhman,2026-05-29 17:54:18,0.05,2,abdalrhman2212
2283,16713253,bsqaqovo,2026-08-13 01:54:25,0.05,1,bsqaqovo
2284,16448425,Dmytro Rakovskyi,2026-07-18 21:15:40,0.05,3,dmytrorakovskyi
2285,16719829,Mohammed Nomaan,2026-08-17 12:28:38,0.05,4,nomaanz
2286,15952276,David Li,2026-05-14 02:30:22,0.05,1,davidli2018
2287,15922138,Santiago D. J. V. G.,2026-06-15 20:31:37,0.05,1,seasthaalores
2288,15990682,pantrucas,2026-05-17 03:14:58,0.05,2,pantrucas
2289,16767590,Bug Bounty Hunter00,2026-08-25 05:19:30,0.05,1,bugbountyhunter00
2290,16482651,Roy Lampe,2026-07-05 21:06:21,0.05,1,roylampe
2291,16597608,Hecate-Hive-Swarm,2026-08-21 05:25:12,0.05,1,ezrakho
2292,16444597,bohemian3657,2026-06-27 22:23:44,0.04,1,bohemian3657
2293,15971997,Hem Viramgama,2026-05-14 13:45:11,0.04,1,hemviramgama
2294,15660252,Blazooka,2026-05-12 12:34:33,0.04,1,cucurbitaceum
2295,15524360,JunjieZhong,2026-04-02 08:58:27,0.04,1,zephyrchilly
2296,16255768,jakkkc,2026-06-07 05:15:05,0.04,1,jakkkc
2297,15614439,Yogesh Jadhav,2026-08-14 04:44:12,0.04,4,dynamo14324
2298,16729573,oNanachii,2026-08-16 20:20:55,0.04,1,madokaovo
2299,15565022,Sterna Lucas,2026-04-26 19:25:16,0.04,1,sternalucas
2300,16705241,Sima Yi,2026-08-20 10:01:49,0.04,4,aceplayer11
2301,16005913,Sheldon Henriques,2026-05-17 20:46:59,0.04,1,sheldonhenriques
2302,16408996,Wu You,2026-06-30 23:58:53,0.04,2,yoevergarden
2303,15504516,Francis Ndirangu,2026-06-30 00:21:22,0.04,2,frankkojee
2304,16212098,Dhirpal Shah,2026-06-04 18:40:44,0.04,1,dhirpalshah
2305,16213573,White Lee,2026-06-04 07:41:10,0.04,1,tokaiteio114514
2306,16716199,ShuShu0401,2026-08-14 05:03:42,0.04,1,shushu0401
2307,16481217,Giulio,2026-07-06 00:17:45,0.04,4,giudo85
2308,16597934,Nehemiah Balozi,2026-07-25 11:17:34,0.04,1,nehemiahbalozi
2309,16055721,spacekkk,2026-06-01 13:38:45,0.04,1,spacekkk
2310,16328524,kalisto theo willaey,2026-06-13 16:39:52,0.03,1,kalistotheowillaey
2311,15946448,HKLucian,2026-05-13 08:38:43,0.03,1,hklucian
2312,16514055,Ollyhhhh,2026-07-10 00:23:49,0.03,1,ollyhhhh
2313,16451672,vinhdq17,2026-06-29 15:05:19,0.03,1,vinhdq17
2314,15912179,Dmitrii Gluzdov,2026-05-24 09:14:21,0.03,1,dmitriigluzdov
2315,15504738,AidenSong123,2026-03-29 01:14:19,0.03,1,aidensong123
2316,16710644,Arnav Mishra #2,2026-08-21 07:17:23,0.03,4,arnavmishra02
2317,16377136,stoneworld,2026-07-01 00:01:20,0.03,3,thestarsea
2318,15492601,Raffi Ardhi Naufal,2026-03-29 10:50:34,0.03,1,raffiardhi
2319,15505149,[Deleted] be3f9888-a2cf-43ea-8a87-65c9ec1342ea,2026-03-28 03:45:12,0.03,1,del=6caa06b6f93c8e87
2320,15508153,[Deleted] cfcf3a12-2595-4671-b4a5-b9cf2df743f6,2026-03-28 15:21:24,0.03,1,del=d08a8a2f3da206df
2321,16754652,Case Seller,2026-08-22 16:52:04,0.03,1,caseseller
2322,16410539,Toussaint,2026-06-29 14:41:56,0.03,1,captaindadja
2323,16459127,func-nano,2026-06-30 11:55:12,0.03,1,funcnano
2324,16745005,teslas,2026-08-20 00:11:18,0.03,1,teslas
2325,16581219,Shreeshail Bhatta,2026-07-28 06:51:45,0.03,1,"jasonl126,shreeshailbhatta"
2326,16678058,2hani2,2026-08-19 12:35:06,0.03,2,venisatellis
2327,15998137,AIOPSAI,2026-05-16 22:14:21,0.03,1,aiopsai
2328,15504774,[Deleted] dc0f7a78-0d32-4f41-9672-f10150e45e5f,2026-03-28 01:25:51,0.03,1,del=59b016eccf073c77
2329,15504870,[Deleted] 8d2f140f-89b5-4525-a951-ca5ff685ea9d,2026-03-28 02:21:26,0.03,1,del=b522e068b119bc0a
2330,16565686,TheGravityZero,2026-07-27 09:28:14,0.03,3,gaptulkhakov
2331,16639552,MD IBRAHIM,2026-08-25 01:14:08,0.03,15,plasmacoder210
2332,15988786,Ilakk manoharan,2026-08-24 14:32:28,0.03,63,ilakkmanoharan
2333,16760619,Sho Saga,2026-08-24 15:02:56,0.03,2,shosaga
2334,16219405,ultimatum_game,2026-06-08 06:22:02,0.03,1,ultimatumgame
2335,15831308,Abinav Chandar,2026-05-02 18:21:13,0.03,1,abinavchandar
2336,15514828,llllyz,2026-04-21 12:14:38,0.03,1,llllyz
2337,16455238,[Deleted] 3a47646f-6ceb-4a06-95db-7abf478e0f41,2026-06-30 23:47:51,0.03,1,del=6bcd409465dcfd3b
2338,16312438,Biao,2026-06-14 07:58:55,0.03,1,wubiaowindy
2339,15620908,Zafer Liu,2026-04-16 00:11:29,0.03,1,zaferliu
2340,15631522,Ram Janam Yadav,2026-04-16 14:22:22,0.03,1,ramjanamyadav
2341,16716152,JHkaggle2026,2026-08-14 01:26:11,0.02,1,jhkaggle2026
2342,16594698,沼里太誠,2026-07-25 01:52:19,0.02,1,numaritaisei
2343,16021600,Baihua Xie,2026-07-09 01:56:22,0.02,1,baihuaxie1123
2344,16638824,Madhur Shyam Maurya,2026-08-18 03:07:32,0.02,1,madhurmaurya
2345,15900482,Mianhua07,2026-05-18 20:57:45,0.02,1,mianhua07
2346,16730229,Amr Khaled Elkhamisy,2026-08-17 01:55:06,0.02,1,amrkhaledelkhamisy
2347,15610959,Volkan,2026-04-13 19:27:03,0.02,1,volkan97
2348,15773495,163231040-A2-MOCH. SHULTAN ALI S,2026-04-29 02:16:21,0.02,1,mochshultanalis
2349,16620515,Paulo Abelha,2026-08-24 00:16:25,0.02,8,pauloabelha
2350,16638255,Kushvinth Madhavan,2026-08-01 16:33:09,0.02,1,kushvinthmadhavan
2351,16683943,Sana Ben Driss,2026-08-07 09:57:51,0.02,1,sanabdriss
2352,16396357,Maryam Tahir,2026-07-04 03:28:28,0.02,2,maryamtahir09
2353,16714119,LiuZiyang1016,2026-08-20 00:17:47,0.02,3,liuziyang1016
2354,16369711,Rounak Mukherjee,2026-07-08 06:13:13,0.02,2,zade799
2355,16308848,Longfei Xing,2026-06-18 02:15:36,0.02,6,longfeix
2356,15904549,abcd,2026-06-17 06:06:18,0.02,1,tbmoon
2357,16483802,Zen dovid,2026-07-05 22:58:28,0.02,1,zendovid
2358,16326499,ershan23,2026-06-13 12:52:34,0.02,1,ershan23
2359,16046511,Pencil_Boxtime,2026-06-03 12:20:39,0.02,1,pencilboxtime
2360,15836123,Nick Lade,2026-05-03 17:09:14,0.02,1,nicklade
2361,16285734,zzgtylors,2026-07-23 03:18:07,0.02,1,zzgtylors
2362,16761248,James Hu,2026-08-23 09:49:34,0.02,1,cnjameshu
2363,16453621,chiehchang711,2026-08-11 12:22:23,0.02,1,chiehchang711
2364,16725890,Shel Horta,2026-08-18 15:38:19,0.02,1,shelhorta
2365,16281458,Lucas Lorenzo Savino,2026-06-10 00:00:32,0.02,2,lucaslorenzosavino
2366,16021605,QuchengG,2026-06-01 13:08:09,0.01,4,quchengg
2367,16088164,Rohan Alex Bimal,2026-05-27 03:13:40,0.01,1,rohanalexbimal
2368,16545610,awxlong,2026-08-18 16:13:02,0.01,3,awxlong
2369,15486757,Datrin,2026-03-25 17:55:24,0.01,1,datrin
2370,16228625,bami44,2026-06-08 14:15:19,0.01,1,bami44
2371,16614253,gautik,2026-07-30 09:47:04,0.01,1,crossgg
2372,16034145,Jyzzzzzzzzzz1,2026-05-20 15:34:57,0.01,1,jyzzzzzzzzzz1
2373,15584837,🫎.🍷,2026-04-08 14:34:28,0.01,1,"aweiqih,evelynhxy"
2374,15700798,ziom,2026-06-18 21:59:15,0.01,1,ziombski
2375,16557388,china LZU,2026-07-17 04:26:31,0.01,1,chinalzu
2376,16155138,VillanelleXY,2026-06-02 08:32:51,0.01,1,villanellexy
2377,16051675,Klenio Padilha,2026-06-23 07:09:50,0.01,2,kleniopadilha
2378,16672387,Li Dongyuan,2026-08-06 05:37:57,0.01,1,lidongyuan00
2379,16497933,ni zhengqi,2026-07-07 03:34:21,0.01,1,nizhengi
2380,16561355,Kenny McCormick,2026-07-18 01:54:42,0.01,1,swishy
2381,15520477,Liviu Olos,2026-04-27 03:00:18,0.01,3,liviuolos
2382,16095411,Tuf Kookie,2026-06-12 05:42:33,0.01,2,bernubritz
2383,15759421,Nico Burger,2026-06-12 12:04:45,0.01,1,nicoburger
2384,15523389,rickzai,2026-04-25 00:15:47,0.01,1,rickzai
2385,15522865,mingiJ,2026-04-03 06:53:28,0.01,1,mingij03
2386,15994024,Sirmos34,2026-05-20 02:24:06,0.01,3,sirmos34
2387,15545397,RODNEY MAWERO,2026-04-03 08:42:19,0.01,1,rodneymawero
2388,15486980,kryptmancer,2026-04-13 08:48:27,0.00,2,aryankafle004
2389,16692755,Shoko,2026-08-17 19:37:32,0.00,1,abreyton
2390,16578998,zly2377,2026-08-19 17:04:53,0.00,10,zly2377
2391,15512139,Jakob Schellenberg,2026-05-07 14:11:10,0.00,5,jakobschellenberg
2392,15741495,Aritra Mazumder,2026-04-26 04:33:20,0.00,1,aritramazumder
2393,16716147,Sam Huang,2026-08-15 12:20:43,0.00,1,samhuang1974
2394,16407725,sidd,2026-07-31 06:27:25,0.00,3,siddanth5
2395,16716164,Eric Lin,2026-08-14 00:32:02,0.00,1,ericlin900111
2396,16716179,吳炳輝Jacky0916086,2026-08-14 01:40:36,0.00,1,jacky0916086
2397,16740682,whm8016,2026-08-25 04:32:53,0.00,3,whm8016
2398,15998011,Leonardo Domingues,2026-06-24 20:44:52,0.00,2,leonardodomingues
2399,15495117,Memento,2026-04-10 13:51:52,0.00,1,yihangchen1
2400,16740411,Tim H,2026-08-19 02:41:54,0.00,1,timhartill
2401,15625348,Shigeru Kuroyanagi,2026-04-16 08:57:16,0.00,1,shiger
2402,16739877,James Y,2026-08-19 10:04:31,0.00,1,redoctopusk
2403,15495643,Arnav Salkade,2026-05-13 03:32:14,0.00,4,arnavsalkade
2404,16698216,Josh Philbrick,2026-08-24 01:26:58,0.00,5,joshphilbrick
2405,15511379,Himanshu Singh,2026-08-24 03:07:48,0.00,1,hsx007
2406,16351525,SERG4NT,2026-06-16 08:42:54,0.00,1,serg4nt
2407,16701908,jealoussoil,2026-08-11 23:29:36,0.00,1,jealoussoil
2408,15493435,indhiran ,2026-03-27 02:12:47,0.00,1,indhiran
2409,15817082,Niloy Deb Barma,2026-07-06 16:44:34,0.00,1,niloydebbarma
2410,16327205,Wilson Mugabo,2026-06-13 16:56:39,0.00,1,wmugabo
2411,16722269,Astraeus,2026-08-21 21:04:15,0.00,2,astraeusdotdev
2412,15570326,Junki Kanamori,2026-04-07 11:56:49,0.00,1,junkikanamori
2413,15994610,Muhammad Saeed Pak,2026-06-30 19:10:36,0.00,1,muhammadsaeedpak
2414,15494495,Preechanon Chatthai,2026-03-27 09:32:43,0.00,2,saouza007
2415,16583927,Rainbow,2026-07-22 04:38:51,0.00,1,visterbai
2416,16737246,wamenya sengo tancia,2026-08-18 10:40:21,0.00,1,wamenyasengotancia
2417,16338364,Sonam Eyden,2026-06-18 14:22:41,0.00,3,sonhujkjk
2418,15492056,PRIYANSHU PRAJAPATI,2026-06-10 14:00:41,0.00,2,pentesterpriyanshu
2419,16407537,RhAE,2026-06-21 12:02:11,0.00,1,michaelroust
2420,16040804,Rayen BEN ABDALLAH 88,2026-06-03 01:37:02,0.00,1,rayenbenabdallah88
2421,15583830,Mohit,2026-08-12 05:03:42,0.00,4,mohit98765
2422,16585027,BastiitsaB,2026-07-23 18:36:08,0.00,2,bastiitsab
2423,16380944,SONAM EYDEN,2026-06-18 04:18:25,0.00,2,sonameyden
2424,15490131,DECEM,2026-03-28 00:18:54,0.00,2,zy1343930734
2425,15496145,aurascoper,2026-03-28 02:53:18,0.00,1,aurascoper
2426,15502949,Markus.JM,2026-04-11 07:29:18,0.00,5,maiernator
2427,15516003,KDZZZZZZ,2026-04-01 04:01:27,0.00,1,kdzzzzzz
2428,15551551,Shusuke Hayashi,2026-04-05 19:33:49,0.00,2,shusukehayashi
2429,15532162,umineko_kirie,2026-04-07 17:39:21,0.00,2,uminekokirie
2430,15539529,Bifurcation Lab,2026-04-05 18:50:16,0.00,1,bifurcationlab
2431,15561389,David Swift,2026-04-05 23:36:57,0.00,1,davidswift0920
2432,15487312,AyushmanKumar819,2026-04-08 07:39:51,0.00,1,ayushmankumar819
2433,15525370,ric,2026-04-08 08:49:01,0.00,1,ricardomrodrguez
2434,15566103,Shashank K C,2026-04-09 20:54:38,0.00,1,shashankkc
2435,15587207,Raunav Mendiratta,2026-04-10 01:08:53,0.00,1,raunavmendiratta
2436,15587555,Alx Spiker,2026-04-10 03:23:43,0.00,1,alxspiker
2437,15603705,Akash Kumar Barnwal,2026-04-12 16:14:35,0.00,1,sumeakash
2438,15509929,Beckett Dillon,2026-04-12 19:48:02,0.00,1,beckettdillon
2439,15496262,haseeb ahmad,2026-04-18 04:52:31,0.00,1,hasib007
2440,15642540,MAGMA COT,2026-04-18 05:44:59,0.00,1,magmacot
2441,15670977,skeey,2026-04-29 07:22:11,0.00,3,skeeyyann
2442,15672042,Aisha AL Mahmoud,2026-04-27 19:12:22,0.00,1,aishaalmahmoud
2443,15734660,NOBITA_7,2026-04-28 00:13:14,0.00,1,nobita7
2444,15515403,Gainulla Yeraly [dsmlkz],2026-04-28 03:37:05,0.00,1,eralygainulla
2445,15633520,Nikodim Svetlichnyi,2026-06-13 15:27:06,0.00,2,nikodimsvetlichnyi
2446,15842949,Shin7jp,2026-05-06 13:20:46,0.00,2,shin7jp
2447,15732123,Virgile86,2026-05-06 12:35:04,0.00,2,virgile86
2448,15869490,Sushanth,2026-05-08 21:03:24,0.00,2,sushanthmoole
2449,15827410,Anurag Sati6476,2026-05-09 14:36:18,0.00,1,anuragsati6476
2450,15513830,Joep van Opdorp,2026-05-10 19:54:49,0.00,1,joepvanopdorp
2451,15943252,Fred Wieser,2026-05-13 01:25:53,0.00,1,fredwieser
2452,15904529,Quantumized,2026-05-14 02:11:33,0.00,1,quantumized
2453,15988814,Malps,2026-05-15 22:48:28,0.00,1,riccardomalps2000
2454,16027629,Xin Xiang_000,2026-05-20 04:33:43,0.00,1,xinxiang000
2455,15639490,Marta Reinhardt - RS,2026-05-21 10:14:36,0.00,2,martareinhardtrs
2456,15741523,Tim Haserjian,2026-05-22 00:00:59,0.00,1,timhaserjian
2457,15582869,Yu-Yang Chen,2026-05-24 15:23:44,0.00,3,chen195
2458,16029284,Nikoo Yu,2026-05-22 07:17:29,0.00,1,nikooyu
2459,16053363,BIGHUB,2026-05-29 07:59:44,0.00,1,bighub
2460,16129644,vortex,2026-05-31 08:06:18,0.00,1,rewveortex
2461,15943543,VAGNER DANIEL DE VARGAS,2026-05-31 22:32:30,0.00,1,vagnerdanieldevargas
2462,16213381,Clawdy Huang (Andy's AI),2026-06-06 00:15:36,0.00,3,clawdyhuang
2463,15504632,Eissam.0,2026-06-08 14:08:12,0.00,1,eissam0
2464,16265567,Philip Vonderlind,2026-06-12 09:20:10,0.00,3,philipvonderlind
2465,16213443,Elington Machoka,2026-06-12 00:59:09,0.00,3,elingtonmachoka
2466,16299391,Darshan BR,2026-06-11 11:51:48,0.00,1,darshandarshu081
2467,16316026,Nguyễn Châu Tấn Cường,2026-06-13 05:47:24,0.00,2,nguynchutncng
2468,16332258,Tanmoy Pramanik,2026-06-14 03:26:48,0.00,1,tanmoypramanik07
2469,15657537,Pranay,2026-06-19 12:18:55,0.00,2,pranay7867
2470,16363221,seowoohyeon,2026-06-25 01:11:41,0.00,6,seowoohyeon
2471,16384246,Deng xinhang,2026-06-17 19:32:40,0.00,1,dengxinhang
2472,16399913,Cyrill Püntener,2026-06-21 15:18:36,0.00,2,cyrillpntener
2473,16369505,AlexN,2026-06-20 19:18:49,0.00,1,alexandrnikitin
2474,16375707,Faizal,2026-06-21 07:29:32,0.00,1,jaycrys
2475,16405985,Dima Staroselskyi,2026-06-24 12:38:42,0.00,2,dimastaroselskyi
2476,16092092,rjbl15184,2026-06-22 14:52:56,0.00,1,rjbl15184
2477,15640926,Yasser,2026-06-30 08:09:52,0.00,9,ressuy
2478,16376654,LêNhậtTân,2026-06-26 02:30:23,0.00,1,lenhattan86
2479,15531100,annyhelenv,2026-06-29 02:20:58,0.00,2,annyhelenv
2480,16445060,nonozzz,2026-06-28 03:51:59,0.00,1,nonozzz
2481,15930799,snuth,2026-06-29 04:12:00,0.00,2,nuthsharsh
2482,16439679,Xueqing Gao,2026-06-29 07:09:00,0.00,1,xueqinggao
2483,16385154,The Stoa,2026-06-29 23:11:56,0.00,1,thestoa
2484,16455784,King424242,2026-07-01 13:11:14,0.00,2,king424242
2485,16438058,Siel,2026-06-30 11:42:20,0.00,1,aeshmadaeva
2486,16416544,tasfuuu,2026-06-30 18:12:13,0.00,1,tasfuu17
2487,15514789,ArunMMadhu,2026-07-02 00:43:59,0.00,3,arunmmadhu
2488,16435264,KognitiveEngine,2026-06-30 21:23:14,0.00,1,kaihuchen
2489,16481572,zhuo wamg,2026-07-03 11:45:20,0.00,1,zhuowamg
2490,16483995,Tuan Nguyen,2026-07-04 02:04:21,0.00,1,manhtuanbn12
2491,16401346,AmaTiTa,2026-07-05 12:16:56,0.00,2,amatita
2492,16436251, Sai Chandu Lakkimsetti,2026-07-14 05:12:21,0.00,4,saichandulakkimsetti
2493,16518072,Sibaram Moharana,2026-07-11 20:15:15,0.00,2,texti0
2494,16480798,nlinhdangiu,2026-07-11 11:31:58,0.00,1,nlinhdangghet
2495,16552129,another1231245,2026-07-15 22:58:15,0.00,1,another1231245
2496,16380303,Manju S.N,2026-07-17 14:20:06,0.00,1,manjusn
2497,16464954,Hyunwoo_Park,2026-07-19 22:24:30,0.00,1,uts3125014010829
2498,16577113,NGABO FREDDY,2026-07-20 21:03:35,0.00,1,ngabofreddy
2499,16466160,Sara Neri,2026-07-21 21:41:46,0.00,1,saraneri0113
2500,15497426,Alaina Scott,2026-07-21 22:34:21,0.00,1,tensorhusker
2501,16499382,Rohit Narain,2026-07-22 14:20:46,0.00,1,damnimportant
2502,15611557,Anstey Research Group,2026-07-25 10:56:41,0.00,2,georgeanstey
2503,16588761,Constantine Vassilev,2026-08-15 01:11:05,0.00,6,constantinevassilev
2504,15503810,Dr. Mikholae Hutchinson,2026-07-31 02:30:32,0.00,3,drmikholaehutchinson
2505,16509234,ShuhratMaks,2026-08-06 18:00:16,0.00,5,shuhratmaks
2506,16634813,Adam n,2026-08-02 01:47:50,0.00,1,chowagent
2507,16656814,Hilbate,2026-08-04 07:25:10,0.00,1,hilbate
2508,16623184,TheFusionCube,2026-08-09 04:37:07,0.00,3,thefusioncube
2509,16634264,Yuvashree SD,2026-08-05 14:04:31,0.00,1,yuvashreesd
2510,16668013,FLYK67l,2026-08-08 13:04:20,0.00,2,flyk67l
2511,16667904,Francisco Cardia,2026-08-09 00:29:16,0.00,3,fcscardia
2512,16584722, Diosardo,2026-08-13 12:44:58,0.00,3,diosardo
2513,16629050,Pyouneetm,2026-08-11 18:13:28,0.00,1,pyouneetm
2514,16548143,Kenneth Lie,2026-08-13 13:02:01,0.00,1,kennethlie16
2515,16723589,sissoko cheick,2026-08-17 18:11:14,0.00,3,sissokocheick
2516,16739912,Arnaldo Canovas,2026-08-19 20:56:39,0.00,1,arnaldocanovas
2517,16727797,Yurii_Muktarov,2026-08-23 14:15:40,0.00,4,yuriimuktarov
2518,16744165,María,2026-08-24 19:09:48,0.00,2,maraheviafernndez
2519,16759987,Andrey Chankin,2026-08-22 19:25:37,0.00,1,bluepill
2520,15830995,Jiale Lin,2026-08-22 23:52:22,0.00,1,jili1731
2521,16754460,robenten,2026-08-25 01:08:50,0.00,3,robenten
2522,16765994,Jeen Palolikkal Narayanan,2026-08-25 00:26:21,0.00,2,pnjeen
2523,16703900,玉田リサーチ,2026-08-25 04:36:14,0.00,1,tamadaresearch
