Rank,TeamId,TeamName,LastSubmissionDate,Score,SubmissionCount,TeamMemberUserNames
1,16364346,cstl,2026-08-18 17:18:10,3.57,29,"gatamaz,tehnar"
2,16371045,Lord Han Solo,2026-08-18 22:35:51,2.76,36,lordhansolo
3,15732416,Jonathan Wang2022,2026-08-18 14:32:33,2.59,8,jonathanwang2022
4,16384837,Daniel Franzen,2026-08-18 19:59:07,2.58,45,dfranzen
5,16706087,rellik13,2026-08-18 11:15:22,2.53,6,sirikilohit
6,16733280,Cyrus,2026-08-18 20:31:09,2.43,2,jamalsaeedi
7,16623996,sawada,2026-08-19 00:37:50,2.37,20,sawada
8,16081764,YUTO KOJIMA,2026-08-19 00:08:58,2.37,73,kojimatech
9,16569113,Tanaka Ai24,2026-08-18 05:43:25,2.35,13,tanakaai24
10,15634702,Simosc,2026-08-19 00:04:38,2.34,60,simosc
11,15792174,Fufront-RyanX-AGI-Team,2026-08-17 00:01:24,2.33,49,ryanxatlasai
12,15493326,Benedicte HELFER,2026-08-18 15:56:05,2.29,85,benedictehelfer
13,15916756,MLRush,2026-08-18 08:37:23,2.24,52,mlrush
14,15504856,FOYSAL,2026-08-18 12:59:41,2.23,89,foysalemonshanto
15,16688248,Shicheng Rao,2026-08-19 00:25:33,2.23,12,shichengrao
16,15518436,Kevin E R MILLE,2026-08-17 01:22:42,2.22,58,kevinermille
17,15893823,Aditya Sasidhar,2026-08-18 05:25:01,2.21,2,tadityasasidhar
18,15493226,amosokello451,2026-08-18 20:25:23,2.18,35,amosokello451
19,15652896,Samrish B,2026-08-18 02:02:14,2.14,39,"samrishb,vignesh22609"
20,15491328,Jeki Wan Taufik,2026-08-18 02:53:09,2.13,26,jek1wantaufik
21,15508513,keithtyser,2026-08-19 00:12:13,2.13,61,keithtyser
22,16551138,Ethan Lee,2026-08-18 14:48:52,2.13,10,ethanlee43
23,15564514,暗黑AGI,2026-08-18 15:35:20,2.13,34,boristown
24,16496892,Muhammad Haaris 27083,2026-08-19 00:51:55,2.12,29,muhammadhaaris27083
25,16438894,Nikita Sorokin,2026-08-18 13:13:18,2.10,8,nikitasorokin
26,16460810,Nithin Kumar R C ,2026-08-19 00:51:59,2.08,31,nithinkumarrc
27,15490570,@Abstraction Lab & MindsAI,2026-08-18 16:50:32,2.05,123,"alisalmanrana,jcole75,kimura0415,sumirinn,ultsaza"
28,16246219,Tara Labs-speedsci,2026-08-18 00:26:48,2.05,33,caoyupeng
29,15605182,Son Pham & Mark Barney,2026-08-18 10:02:17,2.03,22,"markbarney,sonphamorg"
30,16475658,Extremis,2026-08-18 06:35:03,2.03,31,gameryoulose
31,15496021,hongan,2026-08-18 00:23:39,2.02,12,honganzhu
32,16724574,egangu,2026-08-16 01:12:24,2.01,2,egangu
33,16617501,AbeLincoln1865,2026-08-18 04:00:27,2.01,10,abelincoln1865
34,16666743,mina wailin,2026-08-18 14:19:40,1.99,10,minawailin
35,15490134,骐骥驰骋CreateAMind,2026-08-18 18:46:42,1.99,34,aimind
36,15488719,Yusaku Muroya,2026-08-18 00:43:33,1.98,74,ymuroya47
37,15814821,Biubiu,2026-08-18 06:03:26,1.98,45,jianthuang
38,15509520,UlinNuhaAbduh,2026-08-18 12:55:41,1.97,6,ulinnuhaabduh12345
39,16497222,AI Winter,2026-08-18 06:08:19,1.94,33,"aiwinter,stoneshek"
40,16514219,SireeshLimbu,2026-08-19 00:05:06,1.93,17,sireesh
41,16710500,sukeke,2026-08-18 01:24:00,1.93,6,sukeke
42,16505869,blatant warrior,2026-08-19 00:51:18,1.93,7,blatantwarrior
43,15906822,Akhil Tolani,2026-08-18 07:30:18,1.92,71,saltb0x
44,16611645,FUMIAKI,2026-08-19 00:04:25,1.92,21,fumiakiohno
45,16589171,CNQR+,2026-08-18 14:58:29,1.91,17,poco34
46,15522677,Junhua Yang,2026-08-18 03:05:33,1.91,139,junhuay
47,16729044,Araadhay Kanojia,2026-08-18 15:54:14,1.90,3,araadhay
48,16272388,shineef,2026-08-19 00:01:16,1.90,29,squaree
49,15488945,Changyuan Zhou,2026-08-18 08:47:07,1.90,35,changyuanzhou
50,16679890,Ryan #3,2026-08-18 01:45:58,1.88,9,explcre
51,15751479,tantan,2026-08-19 00:07:10,1.87,22,tantan0327
52,15486752,PRASHANT SHUKLA91,2026-08-18 01:57:03,1.86,52,prashantshukla91
53,16475496,Yuchen20,2026-08-18 23:03:56,1.86,35,yuchen2066
54,15493080,lingyu07,2026-08-18 00:16:02,1.86,27,lingyu07
55,16148668,Sean Jones,2026-08-19 00:00:29,1.86,30,seanjones444
56,16407743,Yasser Othman,2026-08-18 07:48:47,1.86,49,yasserothman
57,16256565,Mustang Liu,2026-08-18 00:18:00,1.85,33,"gladiatorxy,mustangliu,siranba,urbanemo"
58,15488774,Kenleung Leung,2026-08-18 15:54:58,1.85,89,kenleungleung
59,15499728,Nikita Makarov,2026-08-18 09:06:04,1.85,6,nikimakarov
60,15494539,Snow,2026-08-18 06:37:24,1.85,58,tasniemnasser
61,15512911,LLaMeRz,2026-08-19 00:02:32,1.84,12,"dorukdorular,richardaragon"
62,15601690,magang,2026-08-18 13:17:12,1.83,5,wadang88
63,16051212,Darío Ávalos - Quantum Howl,2026-08-19 00:38:20,1.83,13,"andrescarmona,darovalos"
64,15488704,Natapong Nitarach (Schwyter),2026-08-19 00:11:35,1.82,66,natnitarach
65,15488219,Mathurin Ache,2026-08-18 05:47:01,1.80,102,mathurinache
66,15494232,seele,2026-08-18 23:56:40,1.80,24,seele1917
67,15607034,Reki,2026-08-18 16:41:07,1.79,84,"ruichardliu,russcore"
68,16729238,Mengfei Li,2026-08-18 12:23:17,1.79,3,meli19
69,16680829,BambooCopter Analytics,2026-08-19 00:00:21,1.77,10,"cky666,kilin173,oliverwp,paradox23,ronglinlu"
70,15495299,aigood,2026-08-18 14:55:42,1.77,7,aigood
71,15487205,Error_1249x,2026-08-17 05:03:48,1.77,11,error1249x
72,15515494,Hendric Nazarius,2026-08-19 05:31:09,1.76,3,"hendricnazarius,marcbenjamessamuel,vyassenthilkumar"
73,16557729,yasu,2026-08-19 00:01:06,1.76,31,yasutakababa
74,15490642,Halla Yang,2026-08-18 19:34:14,1.75,51,hallayang
75,15524067,Patrick Chan,2026-08-18 12:41:30,1.75,30,drpatrickchan
76,15609417,NoOneAhead,2026-08-19 00:00:21,1.75,61,jerrlu
77,16721580,Vaibhav,2026-08-19 00:25:06,1.74,4,vaibhavpatel
78,16330351,Ahmed Mobasher,2026-08-19 00:11:06,1.74,53,ahmedmobasher86
79,16386864,Fahmi Azrhil,2026-08-17 16:22:14,1.74,10,fahmiazrhil
80,16470206,mark22,2026-08-19 00:11:24,1.74,9,markus22
81,16428372,Syed Salman,2026-08-18 15:05:15,1.73,7,salmanhabeeb
82,16723040,Xuan,2026-08-19 00:27:04,1.73,3,"xuanyangge,xugeger"
83,15526617,Octavi Grau,2026-08-16 22:02:15,1.73,19,octaviograu
84,16644331,zhen931,2026-08-19 00:45:42,1.72,16,zhen931
85,15516579,jiashuo Ma,2026-08-17 09:13:02,1.72,5,ooo876
86,15513178,Akagha Chimgozirim,2026-08-18 12:24:04,1.72,89,chiakazirim
87,16606725,Daniel #3,2026-08-19 00:57:26,1.72,5,danieltsegaw
88,15523208,로라 Laura,2026-08-18 02:41:50,1.71,7,lmasca
89,16025402,Helmut AGI,2026-08-18 05:03:20,1.71,61,"antonijankowski123,jakobbrggen,nightmareblocks"
90,15653548,The AGI Boys,2026-08-18 06:55:58,1.71,39,"johnjanson,naladwepo,romanrozen,romantamrazov"
91,15494997,yuki16,2026-08-17 01:02:31,1.70,26,yuki16
92,16590720,Panagiotis Toloudis,2026-08-18 11:29:43,1.70,21,panagiotistoloudis
93,15991395,Samyakraj Bayar,2026-08-18 16:29:44,1.70,53,samyakrajbayar
94,16125769,J.A.R.V.I.S,2026-08-18 19:52:07,1.70,21,learningkin
95,15487354,auxentr,2026-08-18 09:06:10,1.70,22,iseesmth
96,16598387,Ahmad Daffa Abiyyu,2026-08-18 17:37:30,1.69,24,ahmaddaffaabiyyu
97,15509227,Kunal Aarse,2026-08-18 00:08:12,1.69,24,kunalinfinite
98,16557922,Andy liu,2026-08-18 01:34:20,1.69,9,"codinggodandyliu,ichuqinggaove"
99,15906643,KRATS LU,2026-08-18 02:27:47,1.67,53,kratslu
100,16731862,Rahul Jiwane,2026-08-18 13:50:20,1.67,1,rahuljiwane
101,16650515,Ya Xu,2026-08-18 01:04:06,1.67,15,ataraxian
102,16461288,Jay Scambler,2026-08-17 20:23:54,1.67,16,jayscambler
103,16661802,hahah,2026-08-17 08:15:05,1.67,8,huangkangyu
104,15658295,Nazura Wirayuda Tama,2026-08-18 10:27:30,1.67,78,nazurawirayudatama
105,15518924,Team AIRIS,2026-08-19 00:10:26,1.66,143,"aadigupta1601,aadigupta7686,krno1legend,poby7722,uradkr"
106,15491239,Tara Labs,2026-08-18 00:41:36,1.66,7,theunforgiven7
107,15657807,Chew Kok Wah,2026-08-18 23:40:43,1.66,74,chewkokwahibrainai
108,16571567,spbforce,2026-08-18 23:51:36,1.66,8,spbforce
109,16583818,ikun,2026-08-18 08:18:44,1.66,2,liangyan0322
110,16537667,HiroyukiSasaki,2026-08-19 00:59:58,1.66,27,hiroyukisasaki815
111,15569555,Kaiser,2026-08-18 05:53:05,1.66,4,kaiserm
112,16665002,APEX LABS,2026-08-18 01:21:29,1.65,9,niswanth
113,16661300,Guru Prasaath S,2026-08-18 14:02:38,1.64,5,guruprasaathas111
114,16534688,邱新,2026-08-18 00:22:46,1.64,13,larklearning
115,15494354,Van-Phuc Huynh,2026-08-17 20:54:42,1.64,74,hvanphucs112
116,15931617,Alex A Zander,2026-08-18 20:13:24,1.64,47,alexazander
117,15908708,vbnnn,2026-08-18 21:48:17,1.64,19,victorogobi
118,15735428,GeniusYY,2026-08-19 00:25:39,1.64,52,alexyy
119,15975358,Joanna C.,2026-08-18 13:16:56,1.64,12,joannaciesielski
120,15783669,I forgot the name..,2026-08-18 03:48:48,1.62,69,"aikyatansinha,baidalinadilzhan,ignatgotin,kindasomethin,ngusadeep,vamshikrishnaemmadi,zoli800"
121,16551828,Marseilles Bogano,2026-08-19 00:49:46,1.62,29,marboga
122,15486995,Tufa Labs,2026-08-18 16:52:32,1.62,111,"dlorah,driessmit1,infinitecreativity,jeroencottaar,pressman1,stefano1283"
123,15531704,Matija Ludvig ,2026-08-19 00:29:36,1.62,13,matijaludvig
124,16727809,M-consciousness,2026-08-16 10:00:45,1.62,1,mconsciousness
125,15906367,Silhouette,2026-08-18 08:51:39,1.61,40,jamessargsyan
126,16406081,Tecnod8.AI,2026-08-18 04:37:12,1.61,57,"aksharthegamer,ravinderonkaggle"
127,15632507,DhanaLakshmiMalla,2026-08-18 18:29:04,1.61,29,dhanalakshmimalla
128,15492338,Creator,2026-08-17 17:01:58,1.61,14,dev4585
129,15491637,Tony Y.,2026-08-18 04:18:09,1.61,109,tonyyy
130,16680350,FinalSunFlower,2026-08-18 01:34:19,1.59,12,finalsunflower
131,15948639,Akhilesh godugu,2026-08-18 02:14:56,1.59,27,akhileshgodugu
132,15770660,Jason Feng,2026-08-18 00:10:19,1.59,50,iamjasonfeng
133,15488215,Evgenii Rudakov,2026-08-18 07:29:46,1.58,12,dolphininacoma
134,16674808,HongchenDai,2026-08-18 14:42:09,1.58,9,hongchendai
135,15622956,ippeiogawa,2026-08-18 14:49:43,1.58,59,ippeiogawa
136,15494569,kglctf,2026-08-18 21:45:56,1.58,62,kglctf
137,15495286,Yusuraume,2026-08-17 14:41:18,1.58,115,sugitatomohiko
138,16583451,Off Zeno,2026-08-19 00:01:14,1.58,5,roneynascimento123
139,16676993,Sankalp Sanand,2026-08-18 00:01:21,1.58,5,kesslerfrost
140,16053779,Fususu,2026-08-19 00:04:38,1.58,54,phuongncn
141,16609469,Nkosi Ndwandwe,2026-08-19 00:02:46,1.58,22,nkosindwandwe
142,16734777,sobameshi,2026-08-19 00:12:33,1.57,2,sobameshi
143,15494498,Gultekin Gunduz,2026-08-18 10:00:41,1.57,27,gggggggggggggggg
144,16696987,Indium AI Labs,2026-08-17 14:09:51,1.57,9,devaanshpa
145,16032510,anngle,2026-07-25 04:14:21,1.56,12,anngle
146,15490882,Kashyapsinh gohil,2026-08-18 17:36:16,1.56,21,kashyapsinhgohil
147,15501790,CuteClaw,2026-08-19 00:10:02,1.56,71,bloodmoonwq
148,15488665,Lonnie,2026-08-18 02:04:06,1.55,96,lonnieqin
149,16497826,maxingkong733,2026-08-18 23:47:00,1.55,15,maxingkong733
150,16634992,manas joshi,2026-08-18 12:06:16,1.55,6,justforgags
151,16514482,jkatdare,2026-08-18 04:35:19,1.55,27,jkatdare
152,15525358,paul,2026-08-19 00:16:25,1.54,63,paulvvv
153,15572627,Arunodhayan,2026-08-18 16:13:51,1.54,49,arunodhayan
154,15750018,Zehra Korkusuz,2026-08-18 14:43:36,1.54,9,zehrakorkusuz
155,16234077,Artem Pshenitsyn,2026-08-16 20:59:38,1.54,5,artem21
156,15590762,"Seok, Jeongeum",2026-08-17 11:38:40,1.54,109,seokjeongeum
157,15553406,Ravi's Agi,2026-08-18 05:17:50,1.53,42,ravi123a321at
158,15767021,Youssef Nader,2026-08-18 14:36:05,1.53,10,gamingconceited
159,15505632,rkd,2026-08-19 00:18:52,1.53,27,ryookd
160,16487108,aarrcc,2026-08-18 16:29:21,1.52,19,aarrcc
161,15729951,AYAHM BARISH,2026-08-18 09:47:38,1.51,11,ayhampar
162,15487426,Pavel Pavlov,2026-08-18 06:56:30,1.51,14,akakii
163,16450379,cm391,2026-08-17 21:27:47,1.51,5,mccocoful
164,16487086,goalllll,2026-08-14 18:00:44,1.50,15,goalllll
165,15520570,Whatever it takes...,2026-08-18 13:01:02,1.50,99,"dineshkumar0705,kesavan2006"
166,15486658,wwwwzz,2026-08-15 09:15:17,1.50,34,wwwwzz
167,15492005,Emre Cirak,2026-08-18 06:52:00,1.50,61,biohack44
168,16548313,Scott Le Grand,2026-08-18 09:10:08,1.50,24,scottlegrand
169,15491313,Mohammad Saadati,2026-08-19 00:31:51,1.50,126,mohammadsaadati
170,15486823,Souhardya,2026-08-16 21:18:34,1.49,6,souhardyatalukdar
171,16508241,Yan Zhang,2026-08-19 00:10:10,1.49,37,yanzhang3255
172,16725528,Ashok Godugu,2026-08-18 02:21:23,1.49,3,ashokgodugu
173,15513629,Pragnyan Ramtha,2026-08-18 14:24:56,1.49,13,pragnyanramtha
174,16513314,Artificial General illusion,2026-07-29 13:09:29,1.49,8,vansher
175,16439181,sunnyraj,2026-08-18 00:26:33,1.49,16,sunnyraj10411
176,16567629,Manan Gupta #2,2026-08-16 17:19:10,1.48,10,obirdy
177,16431229,kgr,2026-08-17 21:35:31,1.48,2,yixuliu
178,15596749,hiranorm,2026-08-19 01:08:17,1.48,49,hiranorm
179,16544373,Nilesh Sarkar,2026-08-04 12:57:15,1.47,2,nileshsarkarra
180,16664713,Udit Jain #2,2026-08-18 22:34:41,1.47,2,iamudit
181,15508135,Nabid Nur,2026-08-18 11:24:24,1.46,95,"koushikrudra,nabidnur"
182,16720950,五六七五六七,2026-08-19 00:44:52,1.46,6,wocenmma
183,15891143,Pathik Patel,2026-08-08 03:39:59,1.46,69,pathik1511
184,16421943,Kochi Loki,2026-08-18 01:52:07,1.46,40,"satadruhalder,soumyacryptic"
185,15510427,Komil Parmar,2026-08-18 13:53:04,1.45,17,komilparmar
186,16576456,Monibee Fudgekins,2026-08-16 00:00:04,1.45,11,monibeefudgekins
187,15488353,today,2026-08-18 11:18:26,1.45,144,today55
188,15505443,Trideca,2026-08-19 00:09:31,1.45,36,"ckguswn,kilhwanmoon"
189,16498846,common-people-whereIsMyFuckingPrize,2026-08-11 08:04:47,1.45,2,aizealotwu
190,16736818,Chika Komari,2026-08-19 00:37:00,1.44,1,gothamjocker
191,16410614,Amil Gentili,2026-07-30 03:21:25,1.44,24,agentili
192,15510081,Tshithihi,2026-07-03 03:54:59,1.44,22,nawfeelrahman1124444
193,15486672,20252022_WoochangSim,2026-08-18 01:22:02,1.43,38,woochangsim
194,16153655,michaeltg,2026-08-18 11:00:24,1.43,17,michaeltgao
195,16422860,hierarchical,2026-08-17 05:35:35,1.43,24,felixwang1m
196,15570368,Liang Wan Yiu David ,2026-08-17 06:22:07,1.43,8,liangwanyiudavid
197,16620170,ocean240812,2026-08-18 13:31:20,1.43,9,ocean240812
198,16439788,Dawid Kopiczko,2026-08-18 09:34:27,1.43,31,dawkopi
199,16729699,YinuoChen271,2026-08-18 08:46:35,1.43,2,yinuochen271
200,16441614,AGI Not Found,2026-07-19 17:26:29,1.43,13,"angran,kaixuanosmas"
201,15504888,aira666,2026-08-11 05:00:56,1.42,5,aira666
202,16530607,SCU_12603231,2026-08-11 09:04:24,1.42,14,ljs2546
203,16600201,Edward Koh,2026-08-18 02:28:20,1.42,22,edwardwkoh
204,15486850,ömer kiraz,2026-08-17 11:44:13,1.42,18,merkiraz
205,15741726,Data Dreamers,2026-08-18 00:03:27,1.42,27,"ishiyamamasaharu,mabo1141,monaka12,rionakamura10,yoshioka0209"
206,15605492,Wu,2026-08-17 03:30:02,1.42,22,gweiwu
207,15632547,Malla,2026-08-18 18:32:03,1.42,30,mallaphalguni
208,16390789,Yaro Perventsev,2026-08-19 00:32:18,1.41,24,yaroslavperventsev
209,15510098,ThomasG,2026-08-19 00:05:13,1.41,110,thomasgamet
210,15615054,OzanM.,2026-08-18 04:19:40,1.41,89,analyticaobscura
211,16542083,Kunal Desale,2026-08-18 18:31:18,1.41,9,kunaldesale2408
212,16432008,AAAAAtjc,2026-08-16 05:50:44,1.41,22,aaaaatjc
213,16712619,Natalia Jaśkowska,2026-08-18 10:13:20,1.41,6,nataliajakowska
214,16561834,gamesu7107,2026-08-18 04:54:31,1.40,30,gamesu7107
215,15492192,J8J,2026-08-09 00:01:04,1.40,9,sundong
216,16585831,Muhammad Imran,2026-08-18 06:56:33,1.40,22,muhammadimranchitral
217,16288068,AkiraIshikawa,2026-08-18 13:22:27,1.40,23,akiraishikawa
218,15703722,Ishan Bhargava,2026-08-18 00:01:08,1.40,35,ishanbhargava19
219,16694974,emi,2026-08-13 16:39:00,1.40,1,emigor
220,15495420,tf,2026-08-18 10:45:06,1.40,72,tfukuhara
221,16471072,Faith,2026-08-17 07:12:37,1.40,6,faith853
222,16738611,yap,2026-08-18 18:02:27,1.40,1,yaphellee
223,16598990,Zhuo Li,2026-08-18 00:35:57,1.39,9,ctfxiao
224,16245600,Tom DiFiore,2026-08-18 03:15:25,1.39,24,tomdifiore
225,16429632,in blue,2026-08-17 18:26:29,1.39,11,bhatiji
226,16499402,John Park,2026-08-19 00:13:35,1.38,17,sigint
227,15590907,Thien Nguyen,2026-08-18 06:28:57,1.38,4,ntthientn
228,16158038,Rokaiya Somapti,2026-08-18 15:54:22,1.38,67,rokaiyasomapti
229,15720825,Leonid Stepanov,2026-08-16 00:45:19,1.38,96,lestep
230,15602717,luckyappley,2026-08-18 04:09:51,1.38,9,"luckyappley,yemaoye"
231,15496730,Rahul Ray,2026-08-19 00:00:25,1.38,35,rray646
232,16296124,Tatu Helander,2026-08-19 00:11:08,1.37,65,tatuhelander
233,15486675,Reminder:AGI ≠ Acing Benchmark,2026-08-18 16:14:53,1.37,68,nihilisticneuralnet
234,15497430,Kumar Abhijeet,2026-07-29 23:20:06,1.37,25,krabhijeet
235,15494968,Surya milenial,2026-08-19 00:12:01,1.37,74,suryamilenial
236,16428239,Gopsy,2026-08-12 03:31:55,1.37,8,anhsirk
237,16619609,datnt114,2026-08-17 11:31:40,1.37,5,kingkong153
238,15491318,@🤞@,2026-08-17 14:31:16,1.37,23,anglolodorf
239,16406091,Chiekh ALLOUL,2026-08-14 05:14:05,1.36,27,chiekhalloul
240,15497811,Nick2187,2026-08-18 04:36:51,1.36,39,nick2187
241,15486769,Ali,2026-08-17 22:55:52,1.36,44,asalhi
242,16505021,HINAGI,2026-08-18 06:12:16,1.36,8,test013
243,15975062,Cloud,2026-08-18 14:30:31,1.36,16,weijiezhoooou
244,15580880,MANAS NARKAR,2026-08-18 01:54:14,1.35,15,manasnarkar
245,15633995,Sébastien henry,2026-08-19 00:05:07,1.35,45,sebmontreal
246,15631128,Kerolos Romans,2026-08-18 10:00:37,1.35,63,kerolosromans
247,15951001,stephenn,2026-08-14 06:12:58,1.35,22,stephennedumpally
248,15489094,Pascal Ledesma,2026-08-17 00:00:28,1.35,35,pascalledesma
249,16514079,geodesic,2026-08-12 09:00:14,1.35,10,kermityoung
250,16696653,VZ,2026-08-19 07:03:11,1.35,7,"venkateshtata1997,zohrabouchamaoui"
251,15574185,AGIIGA,2026-08-15 15:45:43,1.35,24,agiiga
252,16424787,lgqfhwy,2026-08-19 00:00:59,1.34,35,lgqfhwy
253,16639523,Rogers Johnson,2026-08-19 00:16:52,1.34,15,rogersjohnson
254,16598913,woguoat,2026-08-15 01:14:42,1.34,16,woguoat
255,15510458,put me in harness,2026-08-18 05:00:56,1.34,45,zabojeb
256,16045343,Peter,2026-08-06 20:05:21,1.34,32,vaphab
257,16483544,zentropy,2026-08-19 00:20:05,1.33,47,jessky
258,16397720,Khoa 👑,2026-08-17 16:04:04,1.33,2,khoahunhtngng
259,15754603,greyhound,2026-08-18 16:26:08,1.33,8,tapaskd123
260,16040819,Munshi-PremChand,2026-08-18 07:46:57,1.33,23,munshipremchand
261,15503635,Canivel,2026-08-19 00:07:10,1.33,115,canivel
262,16415350,Ryo,2026-08-17 23:56:48,1.33,36,ryosukekurakami
263,15529375,Felix S.,2026-07-07 11:40:30,1.32,39,pylixx
264,16559747,Hugo Thorvaldsen,2026-08-18 02:10:03,1.32,33,hugothorvaldsen
265,16456142,Sypher_S,2026-08-17 11:44:54,1.32,2,syphers
266,15486816,KineticArc (Marc and Scott),2026-08-17 15:44:04,1.32,91,"marcshade,scottlaughlin"
267,16707910,daoviet,2026-08-18 04:10:43,1.32,4,daoviet
268,16498541,Sous Lab,2026-08-18 04:52:24,1.32,27,basi1man
269,15488264,sanyul,2026-07-12 23:21:26,1.32,23,sanyul
270,15487398,Kerem çelik,2026-08-11 04:19:03,1.31,6,keremelik
271,16542443,LG,2026-08-15 02:19:50,1.31,3,"lokeshjasrotia,vengatagirig"
272,15660740,Ahmet Pamuk,2026-07-20 20:31:27,1.31,3,ahmeterdempamuk
273,16352058,Gavedu Ai,2026-08-08 07:19:16,1.31,33,verise6211
274,16718390,SangJinJung,2026-08-15 01:11:34,1.31,2,sangjinjung
275,15505799,Hao Yu,2026-08-17 00:43:40,1.31,9,ocensis
276,16635343,Aurora wy,2026-08-05 03:22:15,1.31,1,aurorawy
277,16295260,Pompompurin,2026-08-19 00:54:10,1.31,24,kimdoong
278,16656755,Vanya Cherepukhin,2026-08-19 00:07:49,1.30,13,vanyacherepukhin
279,15487598,CCT,2026-07-11 09:38:58,1.30,56,chuhanwu86
280,16569312,Norman Neira,2026-08-17 23:35:06,1.30,2,normanneira
281,15540551,szs,2026-07-19 17:35:37,1.30,17,runshengyu
282,16390087,JohnLussier,2026-08-16 10:21:34,1.30,25,johnlussier
283,15491563,dynamic24,2026-08-19 00:04:53,1.30,109,dynamic24
284,16289337,1104,2026-08-04 12:42:08,1.30,15,"emojilin,qianjunggg"
285,16292719,Pierre Baume,2026-08-16 15:18:24,1.29,36,pierreb4
286,15562422,OceanVenue,2026-08-17 00:52:57,1.29,59,"benhaslam,guilhermeferraribr"
287,16572745,yw8837,2026-08-16 12:23:33,1.29,16,yw8837
288,15488127,Kirderf,2026-08-14 13:23:47,1.29,22,kirderf
289,16662159,KiKi,2026-08-16 06:17:14,1.29,3,kingkiller2164
290,15546305,Zoe Wang,2026-08-15 04:34:37,1.29,20,"chonghuan718,zoeywaang"
291,16693078,"Sho Okiyama M.D., Aillis CEO",2026-08-18 00:00:57,1.29,10,shookiyama
292,16096640,Hiểu Vy,2026-08-17 13:59:47,1.29,38,thangnm1
293,15504769,CHRONOS,2026-07-18 15:08:17,1.29,69,"kevinrussell83,projectforty2"
294,15538056,Abdulmuiz Abdullateef,2026-07-22 08:44:18,1.28,13,capthwi
295,15487391,Bright O.H.,2026-08-18 07:44:02,1.28,69,brightoh
296,16430198,Beyond Good and Eval,2026-08-18 00:06:51,1.28,28,"alancai27,thtennant"
297,15724943,Nuno Ferreira,2026-08-11 19:10:54,1.28,45,ngcferreira
298,15503849,Hu Xingyu,2026-07-22 03:43:54,1.28,24,huxingyu
299,16650762,Toprak Gundogdu,2026-08-07 00:03:46,1.28,3,toprakg
300,16579154,ych~sun,2026-08-19 00:00:05,1.27,18,ychsun
301,15612343,PabloTBA,2026-08-19 01:25:22,1.27,21,pablotba
302,16715802,ShoaibSSM,2026-08-14 06:49:09,1.27,2,shoaibssm
303,16499667,EFZsj2804,2026-08-18 13:31:59,1.27,30,"geoffreygyh2416,programmerbillma"
304,16127529,Cam-Luan Truong,2026-08-12 06:42:43,1.26,2,luantruong
305,16349448,Manas Rajan Pandya,2026-08-18 07:57:20,1.26,1,manasrajanpandya
306,15488124,Breno & Sebastian,2026-08-18 10:50:18,1.26,44,"brenorb,sebastianmateus"
307,15504466,Grigoryan Sergey,2026-08-18 06:05:52,1.26,37,hertryggr
308,16543772,Avyaay Rathi,2026-08-10 03:38:16,1.26,25,"arjuntaware,avyaayrathi"
309,15489752,TREX99,2026-07-13 00:28:40,1.26,30,trex99
310,16120017,uesi,2026-07-30 11:45:27,1.26,5,uemura687
311,15594093,yuki matsumori,2026-07-09 01:52:46,1.26,16,yukimatsumori
312,16328245,ola sadek,2026-08-17 06:51:44,1.26,24,olasadek
313,15567149,Vinit,2026-08-18 01:53:37,1.26,29,ryotsuu
314,16420933,Yuya Miyanogawa,2026-08-18 12:10:10,1.26,49,veritalogos
315,15634233,Spen,2026-08-18 15:23:56,1.26,21,spenny
316,16556635,Vishvesh Bhat,2026-08-09 15:52:46,1.25,1,vishveshbhat
317,15737262,Raviksh Singh Dikola,2026-08-18 15:29:00,1.25,88,ravikshdikola
318,16407310,Mark Cooper,2026-08-01 00:01:05,1.25,36,markjcooper
319,16459830,Giovanny Rodríguez,2026-08-08 03:07:32,1.25,4,giovannyrodrguez
320,16586230,Optimal Prime,2026-07-27 18:29:34,1.25,2,caelix
321,15985912,Mr_Ralphie,2026-08-17 05:53:52,1.25,71,mrralphie
322,15632509,MJVinay,2026-08-18 18:42:19,1.25,39,mallajayanthvinay
323,15887660,wuhjie,2026-08-15 18:18:57,1.25,25,hongjiewu
324,16449629,Stefan Henß,2026-07-11 06:07:20,1.24,5,shenss
325,16061004,cocoaAI,2026-08-18 09:05:25,1.24,28,cocoaai
326,15531604,panda__MB__maximus,2026-08-09 13:10:18,1.24,15,tanishmohokar09
327,15595428,Ernie,2026-08-15 14:38:12,1.24,74,ernie55ernie
328,15490333,Hellboy,2026-08-18 20:21:41,1.24,7,helmirinaldi
329,16625560,Vishvesh Bhat #2,2026-08-10 00:40:00,1.24,3,vishbhat8
330,16556973,Animesh Kumar,2026-08-08 06:32:01,1.24,18,animeshkumar187
331,16461501,Ashutosh Agarwal,2026-07-04 18:19:36,1.23,5,ashutoshagarwal088
332,15564509,Shubham Sahu2003,2026-08-17 09:00:35,1.23,41,shubhamsahu2003
333,16160324,GYUYOUNG PARK09,2026-08-18 14:31:12,1.23,14,gyuyoungpark09
334,16702680,Alariun,2026-08-16 18:43:09,1.23,6,calebrown
335,16495269,Navid Nur,2026-08-13 12:19:15,1.23,11,navidnur
336,16486019,Shivangoudaa,2026-08-15 09:43:14,1.23,18,ishivapatil
337,16052968,Alex Frazier,2026-07-08 17:52:16,1.23,11,alexfraze
338,15731749,Dr_F,2026-08-14 04:21:32,1.23,67,algebraictopology
339,15653856,RanJeet Gupta,2026-08-04 09:03:40,1.22,1,ranjeet258
340,16676700,Akira Imae,2026-08-16 00:14:16,1.22,8,imaeakira
341,16641385,Jadiel,2026-08-18 11:59:35,1.22,16,jadielam
342,16517844,AAElter,2026-07-28 05:59:43,1.22,4,aaelter
343,16700886,wjd Andy,2026-08-14 06:29:17,1.22,3,wjdandy
344,15641805,TakamaruEX,2026-08-19 00:08:06,1.22,32,takamaruex
345,15708911,Xiaokai Cui,2026-07-25 17:43:23,1.22,9,xiaokaicui2008
346,16481200,AdamJonesJohnson,2026-07-27 00:14:56,1.22,21,adamjonesjohnson
347,16283372,TWEAK,2026-08-16 00:23:23,1.22,20,tweakai
348,16260834,Hack2Publish,2026-07-29 19:36:27,1.22,14,"esfersami50,hosen42,raihanrt,tarekrahman82"
349,16430872,Reyhan Ksatria,2026-08-12 05:50:37,1.22,4,reyhanksatria
350,15597873,iheng88,2026-08-18 00:47:22,1.21,13,iheng88
351,15531007,alfaraco,2026-08-14 16:33:13,1.21,90,alfaraco12
352,16503424,wangzhang wu,2026-07-13 00:04:48,1.21,5,wangzhangwu
353,15647114,Penguin,2026-08-18 04:36:29,1.21,115,penguin069
354,16492019,HuaLQin,2026-08-07 00:41:20,1.21,21,hualqin
355,16735398,Jayaprakash Sundararaj,2026-08-18 04:49:31,1.21,16,"jpsundararaj,sushanthtiruvaipati"
356,15910208,Dr Chandrasen Pandey,2026-08-13 06:46:58,1.21,35,devchandra
357,16701696,Rikito Kanda,2026-08-18 02:12:52,1.21,6,rikitokanda
358,15760141,Abhijay Gupta,2026-08-04 02:02:09,1.21,2,bobrg123
359,16455981,Jay Gautam,2026-08-05 14:01:58,1.21,21,jaygautam007
360,16302369,Ke-Xu-2026,2026-08-09 16:05:41,1.21,23,kexu2026
361,15495211,Peter Findley,2026-08-17 03:00:14,1.21,40,raist321
362,16025506,Bitterbot,2026-08-13 01:12:41,1.21,14,"douglasfinlay,victormgil"
363,16245172,Shannan,2026-07-18 12:54:27,1.21,4,shannanl
364,16387065,lihaoling,2026-08-02 12:18:26,1.20,24,lihaoling
365,16591722,hongqian miao,2026-08-06 06:37:26,1.20,3,hongqianmiao
366,15495351,icezzzz,2026-07-29 14:33:15,1.20,28,icezzzz
367,15573979,cihan atak,2026-08-09 08:14:27,1.20,43,cihanatak
368,16491207,KAIWALYA RAUT,2026-08-06 13:53:36,1.20,3,kaiwalyaatulraut
369,16652828,ali nebi dal,2026-08-13 11:51:05,1.20,6,alinebidal
370,16701876,zelin zhao,2026-08-17 02:29:50,1.20,8,cuhkzelin
371,16554415,Sai Abhishek,2026-08-12 15:37:50,1.20,16,saiabhishek14
372,16017402,sukirman,2026-08-18 09:54:56,1.20,44,rakbidb
373,15497833,Tony Li,2026-08-18 23:53:05,1.20,5,tonylica
374,15537446,Jakup Ymeraj,2026-08-18 16:58:41,1.20,122,kupedata
375,16394140,MM12345678,2026-07-11 01:09:35,1.20,9,mm12345678
376,15489865,Quan Nguyen,2026-08-04 06:51:54,1.20,13,quannguyn12
377,15492032,Jing Hua,2026-08-16 01:43:04,1.19,15,linyeping
378,15538060,Pedro Caycho,2026-08-16 13:11:04,1.19,4,pjcc1123
379,15495001,Rengarajan G,2026-08-02 09:23:35,1.19,21,rengarajang
380,16537511,Vineeth Sai Varikuntla,2026-08-18 09:29:53,1.19,5,vineethsaivs
381,15629200,shu yu,2026-08-13 03:06:02,1.19,1,shidun66
382,15486681,MatheusPSorancoDeCarvalho,2026-08-14 02:16:58,1.19,2,matheussoranco
383,16012081,Plamen,2026-07-27 16:42:49,1.19,28,plamen06
384,16517742,Rokonuddin Ahamed Sohan,2026-08-11 03:36:18,1.19,3,rokonuddinahamed90
385,16701873,Jason Jin,2026-08-12 11:31:41,1.19,3,cascadematrix
386,16558484,MAIDANG,2026-08-15 06:23:49,1.19,14,daifanhao
387,15504445,Alberto Luengo,2026-08-19 00:38:19,1.19,24,albertorkive
388,16485920,Rasdafar,2026-07-11 09:29:44,1.18,7,rasdafar
389,15505268,Shivam Shinde,2026-08-18 03:15:09,1.18,8,shindeshivam
390,16065643,MadrARC,2026-08-09 07:42:15,1.18,5,rahulvimalkanth
391,16420889,vladee,2026-08-13 00:43:22,1.18,14,vladee
392,16642459,syouya tobita,2026-08-05 03:07:09,1.18,2,syouyatobita
393,16446039,len8487,2026-08-14 00:01:57,1.18,6,len8487
394,16493372,welogme,2026-07-30 03:12:47,1.18,12,"ijoucho,welogme"
395,15488797,Ayodeji Ibrahim Lateef,2026-08-10 06:20:56,1.18,55,ayodejiibrahimlateef
396,15636138,100rabh,2026-07-30 03:47:02,1.18,28,saurabhkumar234
397,15531744,ashvin singh,2026-07-25 08:30:33,1.17,37,ashvinsingh
398,15567543,Kaito N. Soga,2026-07-02 07:09:48,1.17,4,kaitosoga
399,16566154,Julian Camilo Villa,2026-08-19 00:00:08,1.17,18,juliancamilovilla
400,15606567,MA RAN,2026-08-17 23:44:34,1.17,9,ranmadi120
401,16048620,Xander,2026-07-17 14:05:36,1.17,16,canqiang
402,15501827,Dhe Yeong,2026-08-14 02:19:20,1.17,12,dheyeong
403,16713350,coolin666,2026-08-13 01:36:49,1.17,1,coolin666
404,16679235,toprakthegoat,2026-08-07 00:01:34,1.17,2,toprakthegoat
405,15506893,Mark Slavin,2026-07-30 00:36:02,1.17,3,markslavin
406,16185949,Shree85,2026-08-18 00:18:27,1.17,11,shree85
407,15745709,Aryan Haritsa,2026-08-15 16:30:37,1.16,4,aryanharitsa
408,16510371,haodou092,2026-07-19 05:57:40,1.16,5,haodou092
409,16475818,Matthew.lee,2026-07-15 09:47:19,1.16,8,matthewlee010299
410,15993595,Hugues Fontenelle,2026-07-06 11:17:31,1.16,5,hugues
411,16347117,AnchorBlock,2026-08-19 00:24:15,1.16,23,anchorblock
412,16316931,Rajan Nagarajan,2026-08-11 16:44:14,1.16,7,narajan
413,16137967,Cacinie,2026-08-03 03:49:41,1.16,1,cacinie
414,16717506,un0o7,2026-08-15 04:43:47,1.16,2,hjhsdsdww
415,15486931,Mirza Milan Farabi,2026-08-16 20:47:36,1.16,14,mirzamilanfarabi
416,16568471,Garv88,2026-07-21 08:52:32,1.16,1,garv88
417,15487953,cc,2026-07-29 05:54:42,1.16,7,baytree1238
418,16148316,pscamillo,2026-07-09 17:52:53,1.16,29,pscamillo
419,16473776,Sumatorikki,2026-07-08 08:21:33,1.15,5,jakublutyk
420,16361271,BBD,2026-08-18 10:09:13,1.15,20,"absolutetheone,ahaanvermalol"
421,16338619,Jiaqi Hu,2026-08-11 05:56:49,1.15,7,hlgendr
422,15895561,TY.Yang,2026-08-18 09:22:40,1.15,58,tianyiy
423,15487662,Ganesh Sharma,2026-08-18 20:14:03,1.15,5,ganeshstemx
424,16650336,Inncenta,2026-08-07 00:01:11,1.15,4,inncenta
425,15487522,Md Boktiar Mahbub Murad,2026-08-18 10:34:48,1.15,27,mbmmurad
426,16474440,Yuri Freitas,2026-08-04 15:43:55,1.15,13,yuribzfreitas
427,15488488,Ikki Katsuyama,2026-07-26 04:21:16,1.15,17,kacchanwriting
428,15500015,kwon yong deuk,2026-08-14 23:24:21,1.15,107,kwonyongdeuk
429,16551999,Celestia,2026-07-26 04:01:28,1.14,11,gladoscc
430,16635888,Poojan,2026-08-06 07:42:35,1.14,4,poojankumartandel
431,16683994,destire 1,2026-08-12 10:01:13,1.14,4,destire1
432,15556547,Felipe Galdino Folk,2026-07-16 13:59:03,1.14,21,felipegaldinofolk
433,16694609,Debmalya,2026-08-09 14:33:10,1.14,1,debmalya84
434,16490445,Suman Sharma,2026-07-05 19:55:01,1.14,1,suman2208
435,16052598,JackGong,2026-08-04 13:27:02,1.14,9,jackgong
436,16574125,zhangyue-xmdx,2026-08-16 23:45:00,1.14,8,zhangyues0000
437,16472153,Changyuan Chen,2026-08-16 14:12:35,1.14,27,changyuanchenmit
438,16070503,Yuki Okumura,2026-08-14 19:34:02,1.14,4,yukiokumura1
439,16234007,smlcr,2026-08-09 08:49:44,1.13,13,simulacri
440,16409318,AI-Cat,2026-07-19 08:50:43,1.13,2,konstantinboyko
441,15569839,kakuteki,2026-08-15 13:04:56,1.13,5,kakuteki
442,15602746,Gabriel Amaral,2026-08-12 01:10:01,1.13,1,gabrielsamaral
443,15629613,Maren Sajdaras,2026-08-18 12:59:01,1.13,32,marensajdaras
444,16728348,falloficaruss,2026-08-16 13:53:42,1.13,1,areusnow
445,15487549,Muurur,2026-08-18 07:58:58,1.13,7,muurur
446,16461597,S J Moudry,2026-08-18 01:08:20,1.13,12,sethmoudry
447,15672922,Aarav Bajya,2026-08-18 00:26:48,1.12,62,aaravbajya
448,16616910,Stonks,2026-08-18 18:33:30,1.12,13,erikqu
449,16500777,cAco3,2026-08-13 12:56:41,1.12,4,caco3r
450,15932761,J&F AI,2026-08-19 00:02:43,1.12,33,junjin2
451,15694242,Team Algorithm Tech Institute,2026-08-09 14:39:25,1.12,9,"adeshinaashiata,adesinaabeeb,gidadoshukura"
452,16482421,senkin13,2026-07-21 05:01:33,1.11,4,senkin13
453,15491056,Kumaran K,2026-08-16 04:02:40,1.11,4,kumarandatascientist
454,15540637,Nat Bel ML Fun,2026-08-06 18:43:54,1.11,33,natbel4ml
455,15658668,Pawan,2026-07-26 13:08:12,1.11,31,jatalepawan
456,15986223,Amon Suzuki,2026-07-21 00:05:37,1.11,11,amonsuxuki
457,16068577,Leonid Majbits,2026-08-07 20:46:20,1.11,32,leonidmajbits
458,15488849,codelion,2026-08-11 13:04:20,1.11,48,codelion
459,16422585,Abhi,2026-07-16 14:32:32,1.11,13,zeroday19
460,15635054,wuliao_0,2026-08-18 01:16:33,1.11,38,wuliao0
461,16739874,AWEL-AI,2026-08-19 00:23:06,1.11,1,awelai
462,16482359,Igor Kirko,2026-07-08 02:18:36,1.11,6,igorkirko
463,15592971,muhualiushui1217,2026-08-17 21:02:10,1.10,4,muhualiushui1217
464,16644310,Nikolas Silveira,2026-08-04 13:00:15,1.10,2,nikolassilveira
465,15520694,Barada Sahu,2026-07-15 07:38:48,1.10,51,mercurialsolo007
466,15587315,waticson,2026-08-07 23:55:51,1.10,9,yutodennou
467,16270968,Yizhang Lou,2026-07-28 17:27:20,1.10,6,yizhanglou
468,16540131,LinZihanAdam,2026-07-15 03:56:11,1.10,3,linzihanadam
469,16658246,kaanz,2026-08-07 07:30:26,1.10,4,emirkaanozd
470,16380532,A0158737N,2026-07-26 03:04:55,1.10,15,kanhon
471,16474959,[Deleted] ade0214e-cb0f-436e-95f5-47784b00e897,2026-07-11 05:35:37,1.10,5,del=9ab3e1420ebaee89
472,16539376,Sha1ee,2026-07-18 03:08:31,1.10,4,sha1ee
473,16730913,Luxshan Thavarasa,2026-08-18 09:02:14,1.10,2,luxluxshan
474,16688839,benzousilvia,2026-08-15 22:14:19,1.10,7,benzousilvia
475,16078747,varianceofx,2026-07-16 00:50:46,1.10,21,varianceofx
476,16669732,zhangzhuang li,2026-08-10 11:19:45,1.10,1,zhangzhuangli
477,16573558,qwertykeypadapple,2026-08-15 01:04:35,1.10,8,qwertykeypadapple
478,16699653,Yvonne.,2026-08-11 06:02:03,1.10,1,zdawer250
479,16591491,Alex Zhang g,2026-08-03 01:33:12,1.10,6,alexzhangg
480,16016635,Recursive Intelligence Lab,2026-08-18 18:21:22,1.09,20,tirth1402
481,16440715,Just a Moroccan,2026-07-21 11:06:43,1.09,4,zbidaamine
482,16486775,Денис,2026-07-05 03:12:12,1.09,1,dambek
483,16489497,Tom1115,2026-08-05 00:05:05,1.09,18,tom1115
484,15916434,nilochan,2026-08-16 14:29:50,1.09,12,nilochan
485,16360913,Mikael Kerimov,2026-08-06 05:21:24,1.09,18,mikaelkerimov
486,16694237,pwdh2026,2026-08-19 00:15:47,1.09,11,pwdh2026
487,15504783,Hossein,2026-08-13 00:29:03,1.09,42,tomi85
488,16482433,Jacques Buis,2026-08-18 15:13:58,1.09,26,jacquesbuis
489,15493886,Code by Nadiia,2026-07-09 11:25:07,1.09,1,codebynadiia
490,15503995,randyzhang666,2026-08-10 08:21:02,1.09,1,randyzhang666
491,16037949,hungry_hawking,2026-07-31 17:07:58,1.09,12,hungryhawking
492,16099769,Dual Singularity,2026-08-19 01:23:05,1.09,60,"christianhowson,mileshowson"
493,16666852,Wertiba,2026-08-05 23:23:29,1.09,1,wertiba
494,16233589,gosu.Kouts,2026-07-23 15:06:53,1.09,14,gosukouts
495,15491099,chinnum97,2026-08-07 14:59:58,1.09,6,madarshbb
496,16690614,Yaroslav,2026-08-18 11:58:26,1.09,6,yaroslavrogoza
497,16616627,yuritosci,2026-08-01 01:30:23,1.08,2,yuritosci
498,15498347,richwomanbtc,2026-08-16 04:15:43,1.08,40,"fumiyauchiyama,richwomanbtc"
499,16414058,wenyuan Guo,2026-07-06 07:56:15,1.08,6,gwey1025
500,15499946,DarkPhoenix,2026-07-12 07:33:47,1.08,30,darkphoenix2077
501,16562449,Praj Koduri,2026-07-20 02:21:05,1.08,2,"gregorydaley,prajkoduri"
502,15927787,Satoshi911,2026-08-08 05:06:22,1.08,40,satoshi911
503,15635738,Rookie,2026-07-29 19:15:44,1.08,30,steveninje
504,16256714,table spoonful,2026-07-13 05:03:52,1.08,11,tablespoonful
505,16268784,TUC,2026-07-13 09:03:38,1.08,7,tobiassesterhenn
506,16283854,Vu Tran Hoang,2026-08-03 06:51:00,1.07,4,hoangvux
507,15549873,WQing_Z,2026-07-11 21:29:21,1.07,8,wqingz
508,15929872,Ashad Alam,2026-07-30 12:15:30,1.07,2,ashad8949
509,15486953,Sangram Patil,2026-08-02 06:12:15,1.07,18,sangrampatil5150
510,15511462,Ali Haydar Özdağ,2026-08-02 00:01:51,1.07,28,ahoirg
511,15511931,Zhehan,2026-08-10 04:03:48,1.07,7,cyberzzhhss
512,16472209,[Deleted] 4c436f13-5592-4c03-b39e-5c69e95e5294,2026-07-19 11:02:30,1.07,6,del=a8f3af9aeaa6ae2f
513,15488304,panterlab,2026-07-25 09:39:51,1.07,13,hweowe
514,15516498,Boiled-Sweet-Potato,2026-08-11 07:29:23,1.07,12,boiledsweetpotato
515,16275978,lkevincc,2026-07-15 11:39:50,1.07,7,jjsdfd22
516,15645087,Shankha Suvro Mullick,2026-08-09 17:33:04,1.06,5,shankhasuvromullick
517,16555957,studious students,2026-07-30 03:24:53,1.06,10,"asiansnextdoor,djerok116"
518,16409969,Dante Lok,2026-07-19 06:24:56,1.06,1,dantelok
519,15494269,Patrik Pivoda,2026-07-02 07:28:05,1.06,17,patrikpivoda
520,16466598,Mohammed Maqsood L,2026-08-15 03:29:21,1.06,3,mohammedmaqsoodl
521,16275272,ByteSized,2026-08-13 16:26:01,1.06,10,"amit24f1002112,prishagupta97"
522,15536350,arman1o1,2026-07-25 04:21:14,1.06,7,arman1o1
523,16497431,Matthew Huang,2026-08-01 23:19:12,1.06,7,matthewwh
524,16273949,Proving AGI,2026-08-18 04:50:19,1.06,19,mikelou1
525,16535094,HongYuNeil,2026-08-11 03:53:07,1.06,24,hongyuneil
526,16483685,jmatsukuma,2026-07-25 00:08:19,1.06,10,jmatsukuma
527,15522372,Thiago Munhoz da Nóbrega,2026-07-24 05:34:51,1.05,16,thiagommtmn
528,16689701,Chicken Labs,2026-08-16 12:22:49,1.05,1,"babychick,nickckb"
529,16296710,Kapilraj R,2026-07-31 11:08:51,1.05,8,kapilrajr
530,16672421,NIHAR RANJAN PANDA,2026-08-06 06:40:43,1.05,1,niharrpanda
531,16410428,DataLover,2026-07-31 18:59:11,1.05,12,paulknidler
532,15512064,soso,2026-07-03 03:21:19,1.05,17,"koesnuj,suminshim"
533,16480531,tyz123456,2026-08-11 08:16:32,1.05,7,tyz123456
534,15508705,Giovanni Marco Dall'Olio,2026-07-27 21:35:16,1.05,1,dalloliogm
535,16599559,Ismail Mabrouki,2026-07-28 18:52:11,1.04,2,ismailmabrouki
536,15498652,jazivxt,2026-08-16 04:52:04,1.04,3,jazivxt
537,16599963,shuto,2026-07-29 00:21:34,1.04,4,kisigan
538,16653964,Göktürk Akman,2026-08-11 21:06:22,1.04,3,gktrkakman
539,15487261,Giba,2026-08-09 10:55:31,1.04,12,titericz
540,15490575,Nf4d1l,2026-08-10 06:45:25,1.04,5,nf4d1l
541,16059932,wkdrbwnd1,2026-08-17 00:03:38,1.04,6,wkdrbwnd1
542,16566144,Yiko01,2026-08-01 08:14:51,1.04,3,yiko01
543,16490178,Grigoriy Zatravkin,2026-08-19 00:04:23,1.04,13,grigoriyzatravkin
544,15494543,THIRUPATHI KANNAN K,2026-08-01 10:58:51,1.04,8,thirupathikannank
545,15577418,Kh0a,2026-08-14 04:17:17,1.04,19,llkh0a
546,16263464,khj1222,2026-07-06 08:58:05,1.04,16,khj1222
547,16585824,htatsumi,2026-07-29 13:55:03,1.04,4,tatsumihasebe
548,15615332,ColmOBrien1234,2026-08-12 17:10:44,1.04,19,colmobrien1234
549,15703192,ADARSH REDDY B,2026-07-21 03:22:45,1.03,3,adarshreddyb
550,15487284,Team_Haumea,2026-08-14 14:12:34,1.03,13,chaitanyagullapalli
551,16464329,brand HZYsds,2026-08-18 16:06:48,1.03,4,brandhzysds
552,15725289,webcainiao,2026-08-13 03:03:45,1.03,17,web3cainiao
553,16557082,Arjun Sharma,2026-07-30 01:32:11,1.03,2,arjundsharma
554,15509841,Ant,2026-08-02 21:08:36,1.03,8,anthonytrevino
555,15633586,Nikita #2,2026-08-11 06:03:55,1.03,3,nikitagajbhiye30
556,16670917,Ikeda0516,2026-08-12 16:15:11,1.03,1,ikeda0516
557,16739068,WangZihao5649,2026-08-18 19:13:24,1.03,1,wangzihao5649
558,16649433,lxmjlove1,2026-08-04 01:34:36,1.03,1,lxmjlove1
559,16603860,Aadi Joshi,2026-07-27 04:53:13,1.03,1,aadijoshi19
560,16609552,rfbr,2026-08-19 00:17:19,1.03,6,romainfabre
561,15777740,lemTree,2026-07-31 14:30:39,1.02,8,lemtree
562,16709444,Salem Ali,2026-08-11 21:02:13,1.02,1,salemali7
563,16361627,MinJaeChoics,2026-07-27 13:09:44,1.02,2,minjaechoics
564,16484775,Jiajia Dawang,2026-07-19 02:27:04,1.02,1,jiajiadawang
565,15487488,Richard Beauchamp,2026-07-28 23:20:58,1.02,37,rbeauchamp
566,16398281,maplewolf,2026-07-10 16:36:57,1.02,9,maplewolf
567,16696545,Nikhil00718,2026-08-11 07:58:13,1.02,2,nikhil00718
568,15578475,Santiago Maniches,2026-08-04 13:53:17,1.02,26,santmani
569,16612903,DeineBossin,2026-07-31 00:05:54,1.02,3,deinebossin
570,16408642,Krizsó Gergely,2026-08-16 08:08:55,1.01,14,lucifer19
571,15590953,k.mas,2026-08-06 06:41:43,1.01,1,kgethimas
572,15730169,Veeramuthu Babu,2026-07-07 06:20:54,1.01,3,veeramuthu
573,16093130,Team Name*,2026-07-20 09:24:30,1.01,3,jiaruicao7
574,15496478,Bradley Shervheim,2026-07-27 04:03:59,1.01,53,bradleyshervheim
575,15821658,Keven Li,2026-07-18 18:56:38,1.01,6,kevin250304
576,16263662,joicygiore,2026-07-07 03:23:11,1.01,11,joicygiore
577,15512938,hjw10086,2026-08-09 04:12:17,1.01,5,"fanglimo,hjw10086"
578,15501454,Vicens Gaitan,2026-07-27 07:09:30,1.01,13,vicensgaitan
579,15650271,yellowleaf,2026-07-26 11:21:24,1.01,10,wcqyfly
580,16592865,zbbw,2026-08-15 21:15:06,1.01,6,rakizbw
581,16500185,Lovlace、,2026-07-10 01:28:50,1.01,4,"irisis,lovlace"
582,15531997,Jordan Franklyn McCann,2026-08-06 01:56:44,1.00,30,jordanfranklynmccann
583,16272917,Ni123456&,2026-07-28 15:09:29,1.00,22,bingdongni
584,15488649,Tanmay,2026-08-18 23:07:02,1.00,26,tanmaysah
585,15495491,Mohammed Abdullah,2026-08-14 18:20:59,1.00,1,curiousmohammed
586,16683244,Yiğit Virdil,2026-08-07 08:11:53,1.00,1,yigitvirdil
587,15493761,george yazaji1234556,2026-08-15 20:55:27,1.00,8,georgeyazaji1234556
588,15532510,Mohamed IDRISSI GHALMI,2026-08-10 22:39:45,1.00,4,mohamedidrissighalmi
589,16678314,Melisakman,2026-08-07 02:04:40,1.00,2,melisakman
590,16416921,Andrey Kulakov,2026-07-01 08:29:47,1.00,3,jex398
591,15492202,KooDol,2026-08-04 08:08:45,1.00,2,koodol
592,16368858,Shivam Sharma,2026-08-10 01:26:27,0.99,18,jxm222
593,16508566,Harshank Matkar,2026-07-08 15:19:17,0.99,1,harshankmatkar
594,15493851,VasanAust,2026-08-11 04:37:24,0.99,2,vasanaust
595,16611553,Fidel Escalona,2026-08-16 23:12:30,0.99,4,fbescalo
596,16439222,Zhang.ZJ,2026-07-26 17:38:39,0.99,1,evilyevihut
597,16282858,Schroll🇧🇷,2026-07-04 17:17:59,0.99,6,andrefernand
598,16534447,Liao Zixu,2026-08-18 10:13:44,0.99,8,liaozixu
599,16556855,Theo Serieys,2026-07-31 23:35:41,0.98,3,theoserieys
600,16566829,Mikey Marszewski,2026-07-25 05:59:48,0.98,2,mikeymarszewski
601,16493630,AI super coder,2026-07-12 07:12:10,0.98,6,aisupercoder
602,15498578,TuMinhDang,2026-08-02 05:44:31,0.98,15,darkswordmg
603,16691651,Abhiraj Singh,2026-08-16 00:17:02,0.98,3,cyberdrago
604,16428606,ダルシャン・キラリ,2026-07-26 06:17:34,0.98,1,darshankilari
605,15488816,Quadruped,2026-08-13 13:50:46,0.98,12,jaclyndeem
606,16286208,kutenk,2026-08-16 23:48:38,0.98,3,"guxianzhan,kalilon,kalonme,kutenk,meqikat"
607,15517514,Space Kangaroo,2026-08-19 00:05:03,0.97,14,spacekangaroo
608,16417375,Mogja J,2026-07-21 03:34:11,0.97,6,mogjaj
609,15608330,Naga Bhanuja,2026-08-15 09:45:59,0.97,7,nagabhanuja
610,16348686,carpe diemviva,2026-07-15 06:36:41,0.97,10,carpediemviva
611,15503225,Luo,2026-07-06 09:19:44,0.97,13,chaoqiluo7
612,16700076,JOSHUA EDWIN JACOB V 24F,2026-08-14 13:50:26,0.97,3,joshuaedwinjacobv24f
613,15857608,BBK,2026-08-18 17:14:44,0.97,35,bang1850
614,15581107,AGI RL,2026-08-08 02:09:16,0.97,18,fondrose
615,15604096,Bazinga!,2026-07-11 18:29:56,0.97,17,"damndeepesh,swapisticated"
616,15515601,xsong2020,2026-07-18 21:58:23,0.96,6,xstargate
617,16717456,Philipos64,2026-08-18 15:02:58,0.96,2,philipos64
618,15486998,Will,2026-07-27 07:17:35,0.96,3,wguesdon
619,16466675,nmst,2026-08-14 23:40:22,0.96,8,nmstopen
620,16652540,Kreytorn,2026-08-06 00:32:30,0.96,4,kuzeytorlak
621,15499421,Amon Kizawa,2026-08-16 05:31:30,0.96,8,amonkizawa
622,16327552,srgmsowmya,2026-07-09 04:55:14,0.96,12,srgmsowmya
623,15594996,Brothers of Creations,2026-07-21 20:34:19,0.96,2,rahulrathnavel
624,15990012,islet,2026-07-06 03:05:03,0.96,4,kojimar
625,15590844,ghatotkachh,2026-07-08 06:29:02,0.96,1,ghatotkachh
626,16543278,tim chen,2026-07-22 05:21:53,0.96,5,tim310579
627,15495700,taopy2,2026-07-25 17:01:52,0.96,9,taopy2
628,16623594,alireza zarei,2026-08-08 21:20:30,0.96,3,arzarei
629,16658469,Ashwin Goyal,2026-08-06 04:50:36,0.95,1,letthedreamersrise
630,16280739,Hafida Belayd,2026-08-14 10:08:11,0.95,5,hafidabelayd
631,15633864,ErenAGI,2026-08-19 02:42:59,0.95,12,erenagi
632,15921900,Saúl Delgado ,2026-07-03 16:25:17,0.95,2,saul369delgado
633,16599829,venks,2026-07-26 01:05:30,0.95,1,vterli
634,16698174,galatea,2026-08-10 01:02:14,0.95,1,ark911
635,15921682,Mathemortician,2026-08-08 22:32:19,0.95,8,mathemortician
636,15491011,Smart Manoj,2026-07-04 05:59:47,0.95,8,smartmanoj
637,16557360,akmr,2026-08-08 00:30:47,0.94,2,akimaru
638,15494842,Aman Atar,2026-08-17 08:19:51,0.94,41,amanatar
639,15885954,Zhuravlev Viktor,2026-08-11 08:33:51,0.94,1,zhuravlevviktor
640,16256464,LosOrange,2026-07-21 02:33:35,0.94,1,losorange
641,16578102,三天,2026-08-12 01:18:30,0.94,2,gggggggxy
642,15487887,Mohammad Albaddawi,2026-07-01 11:31:35,0.94,2,m7mdalbaddawi
643,16730655,MrPro1357,2026-08-19 01:29:06,0.94,3,meghdesai03
644,15488032,MagicBeatMagic,2026-08-18 12:33:11,0.94,61,"del=3ef421aac96c6cd5,del=e7869adb695afcf7,jiahaohuang0711,zhengxuyu"
645,15553513,TaKi,2026-08-04 04:13:14,0.94,13,jinjieqiu
646,16673702,wasp01,2026-08-07 00:02:03,0.94,2,wasp01
647,15771316,Ivan Martin Valle,2026-08-19 00:08:32,0.94,32,ivanmartinvalle
648,16262417,Efthimios Fousekis,2026-08-09 22:27:02,0.94,4,efthimiosfousekis
649,16668219,MIKE DAN7,2026-08-10 14:07:37,0.94,4,mikedan7
650,15506671,Pilkwang Kim,2026-08-05 11:07:41,0.93,19,pilkwang
651,16593977,SYC,2026-07-29 05:25:50,0.93,2,yichengs
652,16575299,Elazar fuchs,2026-08-18 07:38:51,0.93,6,elazarfuchs
653,16424695,준환,2026-07-20 06:05:18,0.93,5,paulguilbert
654,16661138,Demir Durbakayım,2026-08-07 03:26:54,0.93,1,sixcode
655,16594767,"HE, Jiayou",2026-07-27 05:30:18,0.93,2,hejiayou
656,15494444,Ifeoluwa Adewumi,2026-07-24 08:52:50,0.93,5,ifeadewumi
657,16585942,Vlad Kochetov,2026-07-25 16:58:29,0.93,1,vladkochetov07
658,16567569,t-enstar,2026-07-26 02:52:38,0.93,5,tstustatama
659,16676611,sezer ali,2026-08-16 20:07:20,0.93,7,sezerali01
660,16603057,Jason Matthew Suhari,2026-07-27 08:43:21,0.92,2,jasonmatthewsuhari
661,15524172,Quanyi Li,2026-07-13 17:28:00,0.92,23,ko0kip
662,16282855,TAMU-TACO,2026-07-21 03:47:07,0.92,6,"linfangzhou,peirancs"
663,15488731,Johnson Chishimba,2026-08-12 23:32:08,0.91,22,johnsonchishimba
664,16710381,Dong,2026-08-17 09:39:25,0.91,5,protostar
665,16679257,Lamine Yamal,2026-08-06 22:26:05,0.91,1,ermanman
666,16517287,pAIoneers,2026-07-19 18:56:31,0.91,8,"jahansinghisdagoat,noahrauch"
667,15494921,Tagir Analyzes,2026-07-26 08:05:29,0.91,1,tagirkhairutdinov
668,15492225,Charismatic Pizza Party🍕,2026-08-09 13:09:50,0.91,11,debugendless
669,16544283,Alison Moura,2026-07-20 11:15:02,0.91,3,mouraalison
670,16655146,Benjamin H Pepper,2026-08-15 17:19:41,0.91,1,bhpepper
671,15919665,Nam Nguyen,2026-07-08 20:19:42,0.91,32,namthanhnguyen2001
672,16731398,Pathetic384,2026-08-19 00:33:22,0.91,3,pathetic384
673,16727198,blurrylogic,2026-08-19 00:01:12,0.91,4,jainam213
674,15556286,joaopedrotocantins,2026-07-24 00:06:15,0.91,5,joaopedrotocantins
675,16690379,NMZP,2026-08-08 12:49:42,0.90,1,numsap
676,15532157,DanielGuy,2026-08-04 03:19:58,0.90,11,danielguy111
677,15518885,Pawan Rama Mali,2026-08-07 04:06:41,0.90,8,pawanmali
678,16484458,interneuron,2026-07-18 03:23:36,0.90,3,interneuron
679,16646937,shelbe41,2026-08-10 14:56:10,0.90,7,shelbe41
680,15789987,q zh,2026-07-02 08:53:34,0.89,11,hrbzhq
681,16633862,pushkin05,2026-08-01 01:01:12,0.89,1,pushkin05
682,16445972,DummyIndex,2026-07-23 21:48:51,0.89,10,dummyindex
683,16580350,Musa Tur Farazi,2026-07-21 13:00:43,0.89,1,musaturfarazi
684,16727880,Serhii Marinchenko,2026-08-18 19:46:10,0.89,2,serhiimarinchenko
685,16371120,sam,2026-07-30 03:21:31,0.89,4,samgreen2046
686,16549662,Mark Grayson,2026-07-15 11:53:27,0.89,1,flyingsinclair
687,15989721,nptd,2026-07-19 12:01:37,0.89,1,hitheone
688,16697910,Nolin Nguyen,2026-08-13 23:37:06,0.89,2,nolinnguyen
689,16452307,Dalton Omondi,2026-07-08 11:58:05,0.89,4,daltongabrielomondi
690,16047765,pensukesan,2026-07-29 23:30:15,0.89,12,pensukesan
691,16711456,HarijsPoters,2026-08-12 16:30:59,0.88,1,harijspoters
692,15492017,Nabil Alagi,2026-07-01 03:00:57,0.88,33,nabilalagi
693,16086026,not-overfitting,2026-07-06 21:15:49,0.88,6,zidan2020
694,16135652,Izukia,2026-07-08 01:48:23,0.88,6,"accelra,izukia,tendenho"
695,16711864,Singaraj B,2026-08-18 17:38:32,0.88,7,singarajb
696,16370290,Rishav Utkarsh,2026-07-27 10:16:22,0.88,4,"nehak76044,rishavutkarsh"
697,16663762,🔥🦫📿🗽,2026-08-09 13:51:26,0.88,2,datafad
698,16560062,caspian,2026-07-21 06:21:02,0.88,5,haivan11
699,16535806,James Iffen,2026-08-18 15:33:57,0.88,1,jamesiffen
700,16486164,Siva Voleti,2026-07-10 19:10:15,0.88,1,sivavoleti
701,15554031,YOUSSOUF KAMAGATE,2026-08-06 23:46:05,0.87,1,youssoufkamagate
702,16603419,hh h,2026-07-27 01:48:21,0.87,1,hhhcqy
703,15504137,Tariku Mehdi,2026-08-13 03:03:39,0.87,6,tarikumehdi
704,16590347,G!vIOne,2026-07-24 18:46:46,0.87,2,gvione
705,16491432,ll,2026-07-06 23:21:18,0.87,1,sergeevii123
706,16492717,たかゆき,2026-07-08 00:07:30,0.87,3,takayuki0127
707,15553784,skjazz,2026-07-09 19:12:30,0.87,4,skjazz
708,16664378,Dimitri ZABRE,2026-08-05 11:25:42,0.87,1,dimitrizabre
709,15526403,BhargavaAbhi,2026-07-02 12:40:01,0.87,14,bhargavaabhi
710,16679298,Ozan AKMAN,2026-08-07 02:04:44,0.87,2,ozanakman
711,16388372,Nat,2026-07-17 04:19:50,0.86,15,natgurlain
712,16550431,Biswajit,2026-07-20 09:29:52,0.86,4,biswajit1998
713,16471727,FasterYouChase FasterIRun,2026-07-08 12:19:30,0.86,5,icoguser
714,15772533,⸻AgentZZ ⸻,2026-07-30 21:07:45,0.86,4,agentzz
715,16482360,MINAGI,2026-07-27 12:59:32,0.86,1,cassinicraft
716,16629364,Aishik Rakshit,2026-08-12 19:58:05,0.86,2,aishikai
717,16328387,atila vahedian,2026-07-28 02:14:06,0.86,8,atilavahedian
718,16437247,Mimic Mohsin,2026-08-02 14:01:04,0.85,3,mimicmohsin
719,16670567,Suavemango,2026-08-17 01:01:51,0.85,4,suavemango
720,16611103,myab07,2026-07-30 14:25:21,0.85,1,myab07
721,16419023,Jacky Lin,2026-07-21 12:32:41,0.85,1,jackylin047
722,15510923,Ravi Ramakrishnan,2026-08-16 08:29:59,0.85,14,ravi20076
723,16551776,WUHAOZHE618,2026-08-11 22:48:35,0.85,2,wuhaozhe618
724,15526518,Andreas Bisiadis,2026-08-12 11:17:24,0.84,16,andreasbis
725,16535086,Hyunsik Park,2026-08-14 03:59:32,0.84,3,hyunsikpark
726,16499873,Harish K,2026-08-10 13:46:27,0.84,2,harishk2209
727,16658228,Deniz Mucur,2026-08-07 04:18:40,0.84,3,denizmucur
728,16395976,Hippolyte Pilchen,2026-08-18 10:37:17,0.84,14,hippolytepilchen
729,16652475,i efe Yeşildağ,2026-08-03 12:13:58,0.83,1,iefeyeilda
730,16698118,Suman Nandamury,2026-08-18 00:10:08,0.83,9,nandamury
731,15833545,lp,2026-07-07 03:03:56,0.83,10,lihu6666
732,16431554,Pirate-Emperor,2026-07-05 17:23:37,0.83,2,piratekingrahul
733,16681401,Ada Sarp KIRIK,2026-08-07 04:57:55,0.83,1,adasarpkirik
734,16500424,bihrain,2026-07-16 17:42:00,0.83,3,bihrain
735,15660503,weiyang,2026-08-09 12:04:49,0.83,4,weiyangeliu
736,15513955,Light&Thunder,2026-07-16 07:41:01,0.83,3,yerne39
737,15702685,Shreyas Mahimkar,2026-08-18 14:57:22,0.83,19,shreyas4
738,15490682,fenger001,2026-07-04 00:04:33,0.83,2,fenger001
739,16696612,Shishkov Vladislav,2026-08-11 08:01:16,0.82,2,timetoti
740,16671263,soltani abdellatif,2026-08-18 04:45:23,0.82,2,soltaniabdellatif
741,15996264,RameshG888,2026-07-24 18:17:30,0.82,18,ramesh888
742,16653887,YUKRUB,2026-08-08 07:59:00,0.82,1,yukrub
743,16726847,Mina Gayid,2026-08-16 00:04:24,0.82,1,minagayid
744,15646085,ASGModels,2026-08-05 05:20:03,0.81,2,mkjhfghfgh
745,16543687,Coen Hewes,2026-08-02 05:32:23,0.81,3,coenhewes
746,16444749,Henry CKW,2026-08-02 01:02:43,0.80,12,kinwochan
747,16673306,Sarp Öztürk,2026-08-07 06:36:38,0.80,1,sarpztrk
748,16668629,Giwrgos Savvidhs,2026-08-05 15:29:17,0.80,1,gsavvidhs
749,15823039,Tong Hui Kang,2026-08-15 21:45:55,0.80,47,huikang
750,16428454,letanhm,2026-07-10 06:40:18,0.80,6,letanhm
751,16679281,oguzaydin.72,2026-08-07 00:06:09,0.80,2,oguzaydin72
752,15488163,Berkay,2026-07-13 18:20:17,0.80,50,stormchaser
753,15487124,Anthony Nwafor,2026-07-08 22:46:56,0.80,3,anthonynnagbo
754,16693391,Jacob Davis,2026-08-19 04:05:03,0.79,11,jacobtdavis
755,16605252,borro1980,2026-07-30 22:54:45,0.79,1,borro1980
756,16673942,Seongsoo Park,2026-08-06 09:18:49,0.79,1,pssupkaggle
757,16722143,Devraj Singh,2026-08-18 08:42:05,0.79,4,devrajsinghk
758,16303618,Isaac Menard,2026-07-18 17:52:21,0.79,3,isaacmenard
759,15487089,Rafaël Labbé,2026-07-01 01:44:08,0.79,4,hashpanda
760,15494211,Zulqar,2026-08-06 12:54:22,0.78,1,johndoe2011
761,15488435,Artem Goncharov,2026-08-10 14:02:17,0.78,4,artemgoncarov
762,15567564,Nick Pellegrin,2026-08-18 22:54:39,0.78,14,nicholaspellegrin
763,15545901,CHENGQI ZHENG,2026-08-17 12:13:32,0.78,10,chengqizheng
764,16632186,Chang Sue,2026-08-10 00:13:18,0.78,4,sc2005
765,16516797,Lea Longepierre,2026-08-03 18:03:56,0.78,2,lealongepierre
766,16651393,Doruk Kaan Kaptan,2026-08-07 07:04:40,0.77,1,dorukkaankaptan
767,15587430,Akira Hirohashi,2026-07-03 13:44:04,0.77,6,akirahirohashi
768,15562926,Oluyinka Oginni,2026-07-13 03:56:19,0.77,8,"datatemple,olugbemioginni"
769,16717315,Arda Ceylan,2026-08-14 11:13:39,0.77,1,ardacey
770,16696783,maximo lorenzo y losada,2026-08-13 01:42:30,0.76,1,maximolorenzoylosada
771,16487140,Huilei Wang,2026-07-04 18:22:50,0.76,1,gracewang011026
772,16725521,Ding Ding,2026-08-18 06:41:17,0.76,4,ddddir
773,16552724,Jahan Kazimi,2026-07-23 11:37:32,0.76,2,jahankazimi
774,16620509,joequant3,2026-08-01 01:41:22,0.76,2,joequant3
775,16218547,Jiachen Li,2026-08-11 03:02:04,0.75,4,llccqq624
776,16566656,62326368,2026-07-19 01:35:59,0.75,1,mooniim
777,16448996,MakersLabTM,2026-08-18 14:53:44,0.75,17,makerslabtm
778,15538930,Ashmawy,2026-08-17 16:46:09,0.75,11,ashmawy
779,16661285,Basheer Marzoog,2026-08-04 19:22:04,0.75,1,basheermarzoog
780,16497948,Vaibhav Arduino,2026-07-07 06:25:54,0.75,1,vaibhavarduino
781,16710666,Pengyi Peng1,2026-08-17 13:12:07,0.74,4,pengyipeng1
782,16554652,Paweł Jankiewicz,2026-07-19 19:22:21,0.74,1,paweljankiewicz
783,15617028,VAP RF5,2026-08-05 14:53:53,0.73,4,vaprf5
784,15677791,Rayan Chakib Idris,2026-08-14 20:53:28,0.73,3,rayanchakibidris
785,16205712,DataRegressor,2026-07-31 13:20:43,0.72,12,azzamradman
786,16584442,juricek chen,2026-07-22 07:34:41,0.72,1,juricekchen
787,16388387,ancientLuck,2026-08-03 15:04:59,0.72,1,ancientluck
788,15917525,Chris Paul Walker,2026-07-11 03:37:17,0.72,28,chrispaulwalker
789,16486428,Matěj Kopecký,2026-07-04 18:01:49,0.72,1,matjkopeck
790,16269683,Mathieu W,2026-07-31 12:41:03,0.72,3,mathieuw
791,16320456,Abdalrahman mohamed,2026-08-18 14:56:34,0.71,1,abdalrahmanmohamed3
792,16494808,MiHu,2026-07-06 12:16:33,0.71,1,chenboluo
793,16021367,the last dance,2026-08-17 20:06:01,0.71,29,"dwellement0baser,fses91,gklambauer,lukasaichberger"
794,16575052,Кирилл Алешин,2026-07-20 19:33:54,0.70,1,kirneo
795,16080197,Charbel Nehme,2026-08-13 07:24:24,0.70,15,charbelnehme
796,16132261,face-of-agi,2026-07-08 21:05:14,0.70,33,"cmechevalier,richardcsaky"
797,15620054,bueno,2026-08-01 14:42:50,0.70,8,"marynaborovska,yuriygreben"
798,16679963,uzair,2026-08-07 06:04:14,0.69,1,quantumcurator
799,16481141,Dajai Stewart,2026-08-09 06:15:55,0.69,2,dajaistewart
800,15660677,Udit Jain,2026-07-07 18:09:47,0.69,1,uditjain13
801,15707928,Michael Poluektov,2026-07-31 15:40:51,0.69,1,michaelpoluektov
802,15600061,adakoda,2026-08-01 00:38:22,0.69,51,adakoda
803,16454096,1tracksystem,2026-07-13 10:24:23,0.68,14,onetracksystem
804,15513545,Redfield Rentals,2026-04-17 04:11:30,0.68,20,niyatisingla
805,16723217,Jinx JK,2026-08-15 05:03:53,0.67,1,jinxjk
806,16323563,ym_xqm121,2026-07-18 12:28:33,0.67,4,ymxqm121
807,16599650,prvsiyan,2026-07-28 17:08:23,0.67,2,prvsiyan
808,16723459,Heinzstk,2026-08-18 05:38:10,0.66,4,heinzstk
809,16620772,kagglejohn15,2026-08-18 11:18:18,0.66,6,kagglejohn15
810,16688319,kid william,2026-08-14 09:29:11,0.66,1,kidwilliam
811,15545043,Wild Star217,2026-08-17 15:20:37,0.66,35,wildstar217
812,16652771,EmirKaanozdemr,2026-08-06 20:55:08,0.65,3,emirkaanozdemr
813,16668517,Toprak Gundogdu #2,2026-08-07 00:13:14,0.65,3,toprakgundogdu123
814,16663634,Grayskull,2026-08-18 10:38:44,0.65,13,maciejbrzeski
815,15494399,SVG,2026-04-16 06:23:59,0.65,21,sandeepgoyal1980
816,16705639,JungHwan,2026-08-13 00:12:01,0.65,3,najunghwan
817,15892305,moeuuu,2026-07-15 07:50:40,0.64,2,moeuuu
818,15495380,AnpAn_Men,2026-07-03 17:57:26,0.64,4,anpanmen
819,15504761,Matthew Philip Poetker,2026-06-30 12:28:06,0.64,19,mattpoetker
820,15513542,[a-z A-Z] [1-9],2026-04-16 06:23:27,0.63,19,sumanb1985
821,16475680,hydrogenbonds,2026-08-12 09:49:15,0.63,18,jeffreyntse
822,16462946,YouKnoWho,2026-07-11 10:39:50,0.63,4,darksoul026
823,16448505,Mando,2026-07-24 14:30:33,0.62,1,chesteryuan
824,16448608,goose goose duck,2026-07-03 14:12:23,0.62,5,"deniseguo,jiexusheng20bz"
825,16128418,woihexi,2026-07-05 17:48:44,0.62,1,"woihexi,xzw9178"
826,16292356,Scrattle,2026-08-18 23:16:23,0.62,26,scrattle
827,15513536,Kamado Tanjiro,2026-04-17 05:42:48,0.61,20,parthg0106
828,16612413,Mike Lee,2026-08-18 10:27:44,0.60,17,mikejlee
829,16500512,Joseph Adamski,2026-07-21 19:04:31,0.60,13,josephadamski91
830,16436012,yxy,2026-07-01 11:32:13,0.60,4,yingxuanyang
831,15513547,"Winner Winner, BBQ Dinner",2026-04-17 05:43:08,0.59,20,manavsingla2005
832,15568397,neeraj b,2026-04-17 05:17:58,0.59,11,neerajb2000
833,15942555,Abraham,2026-07-14 22:23:11,0.59,17,abram007
834,15513538,Dhanashree Chavan,2026-04-17 04:09:23,0.58,20,dhanashreechavan2000
835,16582937,Hole Neckles,2026-08-02 02:06:44,0.58,1,holeneckles
836,16695088,Deniz Eryılmaz,2026-08-13 11:04:18,0.58,4,denizeryilmaz
837,15531976,Sanjay Dutt,2026-04-16 06:23:47,0.58,16,sanjaygoyal1982
838,16569341,Thereforyou_Jasmine,2026-07-19 10:25:56,0.58,1,wuzhiwen7445
839,16683236,engiemin,2026-08-07 08:11:13,0.57,1,engiemin
840,16598196,Andrei Chulkov,2026-08-18 13:57:38,0.56,2,andreichulkov
841,15486706,AGgIes,2026-07-12 02:49:59,0.56,4,"bhavyanukapotula,flash36,shahidaamirsheikh,spark8433"
842,16458923,Tareq,2026-07-09 07:06:04,0.55,3,talkhaldi
843,16416577,Chandu Lakkimsetti,2026-07-22 07:25:26,0.55,2,chandulakkimsetti
844,16459523,hahastone,2026-07-02 20:41:04,0.54,3,hahastone
845,16669635,Prajwal Rawoorkar,2026-08-17 08:57:44,0.54,5,"kunaltilaganji,prajwalrawoorkar"
846,16276663,Qiwei,2026-07-04 08:11:41,0.53,5,qiweiyin
847,16387842,Ruxiao Qian,2026-07-31 14:12:17,0.53,7,ruxiaoqian
848,16736982,Lindicaphxag,2026-08-18 21:48:43,0.52,1,oblivicore
849,15907021,Huangxin14,2026-07-17 02:46:17,0.52,4,huangxin14
850,16402997,Vedant Gupta,2026-07-12 18:44:21,0.52,1,vedantgupta070
851,15488639,[Deleted] 31dcedba-a700-4b00-9079-1d3195779db2,2026-06-10 09:01:08,0.51,66,del=795a5bc1dd2cd32b
852,16466739,Zhecho Mitev,2026-07-01 14:21:35,0.51,1,zhechomitev
853,15494057,Sergei Fironov,2026-04-03 10:51:19,0.50,5,sergeifironov
854,16658256,Emrullah Söyler,2026-08-05 13:17:51,0.50,2,emrullahsyler
855,16537624,Student,2026-07-20 17:23:23,0.50,3,jonahm
856,15641620,Rachid Caich,2026-08-10 13:11:47,0.50,1,rachidcaich
857,15494779,accforantigravity1,2026-04-06 04:59:47,0.49,9,accforantigravity1
858,16393597,Tahsin Arafat,2026-06-30 17:37:17,0.48,1,tahsinarafat
859,16485287,Haily_mary,2026-07-05 15:25:24,0.48,2,hailymary
860,15552958,최강 필립,2026-05-23 19:49:01,0.48,29,hakgyuhong
861,15486661,theredbluepill,2026-06-21 15:18:26,0.47,67,"del=fccf4a7a35741c78,poonszesen"
862,16348978,Son Tran,2026-07-12 09:12:04,0.47,9,s27813
863,15940553,Quinn,2026-05-21 03:56:20,0.47,7,fooboy
864,15513541,Pg0106,2026-04-03 05:21:56,0.46,6,pg0106
865,15517097,IC2,2026-06-05 09:20:02,0.46,10,jonathanchan
866,15531140,HongyuChen123321,2026-07-03 03:50:13,0.46,8,hongyuchen123321
867,15692916,Matthew Blake Ward,2026-08-18 15:04:13,0.46,38,matthewblakeward
868,15500383,Sumit Pandey,2026-04-06 04:08:05,0.46,3,itsyoursumit
869,16679156,Seniha Dal,2026-08-07 04:23:38,0.45,2,senihadal
870,15659990,动物朋友,2026-04-26 13:25:50,0.45,3,"breadkaggle,chenyixu2004"
871,16444733,Lamsiu,2026-07-01 00:23:28,0.45,2,samzliu
872,15520587,Sweety Seelam,2026-08-03 20:29:07,0.44,65,sweetyseelam
873,16424567,Samuel Xu,2026-07-14 17:39:42,0.44,15,samuelzxu
874,16302564,Cameron Warrennn,2026-06-22 13:07:41,0.44,8,cameronwarrennn
875,15513551,PAG0106,2026-04-03 05:22:52,0.44,6,pag0106
876,15500528,Sonnia AI,2026-06-30 23:52:40,0.44,6,drozza
877,16432576,Mario Gemoll,2026-07-03 20:26:55,0.43,8,mariogemoll
878,16421960,Gopal Krishna Gundumalla,2026-07-25 15:25:20,0.43,13,gopalkrishnag
879,15491953,Umer Haddii,2026-06-08 10:16:55,0.43,25,umerhaddii
880,15540497,PyJa,2026-06-26 10:31:43,0.43,10,pixiux
881,15491649,Samsay24,2026-06-28 18:33:03,0.43,6,samsay23
882,15635434,Gabriel Mirea,2026-06-30 10:15:17,0.42,10,gabrielmirea
883,15731261,Genki,2026-07-01 02:22:21,0.42,30,genkiwatanabe
884,15543640,李闯,2026-05-26 01:17:24,0.42,45,deyiao
885,15564597,Bogdan Kovenko,2026-08-18 18:41:02,0.42,14,bogdan355
886,15510096,Beyond Logic,2026-08-08 21:27:26,0.42,15,"beyondlogic,mazharie,turag10"
887,16574175,Ohmikawa,2026-08-16 00:31:19,0.42,1,koheiomikawa
888,15905450,Ngoc Nguyen Tuan,2026-07-05 05:23:57,0.42,18,ngocnguyentuan
889,15509312,zorojuro,2026-06-30 08:15:22,0.42,58,vyankteshdwivedi
890,16246061,Jingjing,2026-08-19 02:03:53,0.41,4,imppie
891,16406654,HelloWorld5050,2026-06-30 20:39:52,0.41,10,helloworld5050
892,15501006,Jan Disselhoff,2026-07-12 00:07:51,0.41,23,insanitycheck
893,15495944,Chenyu Wang,2026-05-06 16:21:09,0.41,8,ataraxyyeah
894,15494694,Makarr,2026-06-26 04:26:47,0.41,51,makarrogovik
895,16298652,yuru1yang,2026-06-30 03:09:23,0.40,10,yuru1yang
896,16024999,JiSung,2026-06-13 15:50:31,0.40,5,jisungreal
897,16639352,John Artzi,2026-08-01 22:26:58,0.40,1,johnartzi
898,16645880,HΣM ΔKΔRΔPU,2026-08-06 00:11:04,0.40,4,hemakarapu
899,16023573,PRAVIN_SJCE,2026-06-07 16:50:20,0.40,6,pravinkannan18
900,16431170,lxh unbound,2026-06-29 11:23:44,0.40,2,lxhunbound
901,15511978,Adam Rudd,2026-08-17 14:01:19,0.39,122,rudddy
902,15571729,omar zoloev,2026-06-03 21:06:27,0.39,44,tsebaka
903,15522769,Anyang Su,2026-06-29 09:16:19,0.39,6,anyangsu
904,16310005,Ehab Ibrahim Khalil Mohamed,2026-06-29 06:32:00,0.39,4,ehabkhalil0
905,15742001,Kaustav Banerjee,2026-06-23 09:28:22,0.39,19,gitkaustav1996
906,16377858,Prateik Sinha,2026-07-01 02:43:38,0.39,7,prateiksinha
907,16286664,Ayodeji Akinola,2026-08-12 12:31:21,0.39,17,ayodejiakinola
908,15518338,Eslam Elokpy,2026-05-05 19:12:00,0.39,7,eslamelokpy
909,15639195,Facundo Olcese,2026-07-13 18:39:51,0.38,23,facundoolcese
910,16626972,Lawrence,2026-08-06 04:36:36,0.38,4,ziweiresearch
911,15707799,Kun Zhang,2026-08-13 19:41:58,0.38,99,beicicc
912,15486999,Kamal Das,2026-05-09 18:23:24,0.38,6,kmldas
913,15490521,MUHAMMAD SAMEER TARIQ,2026-06-18 03:10:54,0.38,5,muhammadsameertariq
914,15880404,Ahmad Fakhar,2026-06-16 08:30:59,0.38,1,ahmadfakhar
915,15487029,vialactea,2026-05-30 12:04:51,0.38,39,vialactea
916,15563995,Artem Nazemtsev,2026-05-03 14:16:07,0.37,3,artemnazemtsev
917,15824014,KimMun,2026-07-10 15:02:09,0.37,22,munhyeong
918,16100940,Pranesh,2026-07-03 02:25:38,0.37,24,praneshsaha
919,15489635,aha_Yann Zhenxuan,2026-06-16 08:49:38,0.37,2,yannzhenxuan
920,16259498,AlexJoseph12312,2026-06-19 10:43:59,0.37,6,alexjoseph12312
921,15491441,Vitor Hugo Barbedo,2026-07-24 00:04:39,0.37,21,vitorhugobarbedo
922,15914947,Sid_AI_Engineer,2026-05-20 03:35:59,0.36,1,sidaiengineer
923,16028584,Ryoki Kunii,2026-08-18 23:01:11,0.36,25,programmerryoki
924,15504594,Hibachi Fried Rice,2026-05-09 05:56:54,0.36,18,samvalladares
925,15788942,JustRadr,2026-05-02 09:48:47,0.36,2,justradr
926,15579683,Elvis Bui,2026-05-05 19:23:28,0.36,16,elvisbui
927,16110416,Artem Gorokhov,2026-06-30 19:00:05,0.36,1,ga5534
928,15504828,Ryan Adams,2026-07-14 12:02:53,0.36,34,ryanadamsai
929,15705374,rahul singh nsec,2026-06-10 04:07:05,0.36,17,rahulsinghnsec
930,16441059,Rohit Kumar Sahoo,2026-06-29 18:32:32,0.36,1,rohit4118
931,16095073,Gaurav Kushwaha,2026-06-30 06:47:51,0.36,3,fridaycode
932,16311340,Tim Krige,2026-07-14 20:55:38,0.36,3,timkrige
933,16087024,primal,2026-06-24 21:59:11,0.36,3,primalhost
934,15502388,LACK.AI,2026-06-14 08:45:22,0.36,9,ravikumar1234
935,15496181,Rui Costa,2026-04-20 01:53:33,0.36,7,ruicos
936,16594029,Martin Balla,2026-08-04 20:20:05,0.36,5,martinballa
937,16556956,Stefan Reinmann,2026-07-21 08:43:53,0.36,2,stefanreinmann
938,15502834,LongHuL,2026-07-04 13:22:58,0.36,13,longhul
939,16429321,OctoByte,2026-06-28 17:49:14,0.35,4,octobyte
940,15526661,Gena,2026-04-02 08:06:54,0.35,3,gdonchyts
941,15620751,AnonymousTorchCat,2026-04-15 09:14:41,0.35,1,anonymoustorchcat
942,15496986,Marek Nurzynski,2026-05-07 13:44:05,0.35,12,marek3000
943,15495023,Heminator,2026-04-03 00:04:08,0.35,3,heminator
944,15494449,Ahmed Wez,2026-05-05 10:58:59,0.35,19,ahmedwez
945,16158545,yp011235,2026-07-28 21:54:11,0.35,18,yp011235
946,15486835,automatylicza,2026-05-25 09:04:17,0.35,16,automatylicza
947,15540981,Quintilis Academy,2026-08-19 04:29:20,0.35,50,"paulgrenci,quintilisacademy,sarthakpatnaik1998"
948,15721993,naveen11@12,2026-05-14 08:27:34,0.35,15,naveen1112
949,16161345,VibeMesh Labs,2026-07-17 17:45:15,0.35,23,toverly
950,16730066,Emek Can Doğru,2026-08-18 00:05:11,0.35,3,emekcandoru
951,15493035,NamVIDIA,2026-04-21 06:10:39,0.35,18,"alexsandaer,del=37a64735fd4afda1,kevinnqt,vanngothanh"
952,15598296,Marek Wyborski,2026-04-21 11:12:51,0.34,3,marekwyborski
953,16306699,shunsuke240117,2026-06-17 07:39:34,0.34,3,shunsuke240117
954,15733920,S. Jason Prohaska,2026-07-30 07:51:37,0.34,46,sjasonprohaska
955,15499056,David Martin,2026-07-16 15:54:03,0.34,20,databasecsv555
956,15506165,Nine1Eight,2026-08-15 06:41:06,0.34,46,wethepeople918
957,15518410,耶✌,2026-07-13 15:03:39,0.34,23,qifeihhh666
958,15697214,L1a0JH,2026-07-06 07:37:16,0.34,2,coolkid14122
959,15626455,Young,2026-05-06 02:53:55,0.34,15,christie
960,16105765,ali.bhji,2026-07-05 02:02:54,0.34,2,alicomtec
961,15605359,Dmitry Kozlov,2026-05-06 00:01:39,0.34,16,dkozlov
962,15489507,Arnaldo Pereira,2026-06-16 00:12:54,0.34,2,arnaldoapp
963,16042212,HARIDOSS24,2026-05-21 13:20:36,0.34,1,haridoss31
964,16426329,Santiago Mota,2026-06-24 08:51:55,0.33,1,santiagomota
965,15618765,zaka26019,2026-06-25 17:21:53,0.33,9,zaka26019
966,15490455,MuChat007,2026-05-09 00:06:29,0.33,20,muchat007
967,16362930,Hafiz Atif Ali,2026-06-28 01:32:11,0.33,2,dingolingo
968,15490245,tdeshpan,2026-05-22 03:14:21,0.33,21,tdeshpan
969,15740088,subbarao pothineni,2026-05-07 20:45:40,0.33,9,subbaraopothineni
970,16250440,Neeraj,2026-06-13 11:43:34,0.33,8,nee404
971,15529479,JarvisMaker,2026-04-08 07:07:08,0.33,4,piuati
972,15632995,Cnueua,2026-04-16 17:50:42,0.33,1,cnueua
973,15504124,UEFO-PRO,2026-04-02 15:22:47,0.33,3,adejumobidaniel
974,15785736,Konstantin Kuzmichev,2026-04-29 19:12:15,0.33,1,konstantinkuzmichev
975,15643108,shivansh patel4354,2026-07-03 22:39:38,0.33,13,"ishanbojja,shivanshpatel4354,vihaandashputre"
976,15632280,zzllusa,2026-05-11 01:02:15,0.33,18,zzllusa
977,16098518,Leifson1337,2026-07-08 16:07:43,0.33,18,leifson1337
978,15534003,yukanglimofficial,2026-06-30 14:29:31,0.33,11,yukanglimofficial
979,15748091,Karnakbayev Artur,2026-05-08 19:44:19,0.33,9,karnakbaevarthur
980,15966733,Brain is all you need,2026-06-21 17:34:07,0.32,20,yaroslavkholmirzayev
981,16292160,Nandakishor Convai,2026-06-26 05:01:39,0.32,15,nandakishorconvai
982,16654262,Liesvy Valladares,2026-08-04 01:07:43,0.32,1,liesvyvalladares
983,16253774,Søren Ravn Andersen,2026-06-27 07:14:33,0.32,18,sorenravn
984,15552236,Adarsh,2026-06-29 10:34:45,0.32,5,adarsh2626
985,15542241,"NICOLAS B. QUIROZ, MD",2026-04-30 18:52:03,0.32,12,quirozmd2010
986,15488651,没落者,2026-06-02 01:07:50,0.32,40,needless090
987,15486911,Dhavan Shah,2026-08-05 22:52:56,0.32,4,dhavanshah99
988,15561509,RickyCOrozco,2026-04-21 02:01:49,0.32,6,rickycorozco
989,15570121,Priyanshu Sharma,2026-04-07 09:31:00,0.32,1,priyanshujiiii
990,15497526,shafiullah,2026-06-03 05:03:30,0.32,21,bigdataanalysis1
991,15902343,Peter_P77,2026-05-11 01:50:11,0.32,4,peterp77
992,15749242,ccccccy q,2026-05-07 12:40:33,0.32,3,ccccccyq
993,16594301,ArnavGr0ver,2026-08-17 19:45:43,0.32,10,arnavgr0ver
994,15830194,Mariglen Allushi,2026-05-06 06:36:12,0.32,4,gucci1337
995,16026169,Tkhanna96,2026-06-11 23:21:54,0.32,14,tkhanna96
996,16393169,Aditya Gupta,2026-06-23 11:20:31,0.32,1,shadowmonarc95
997,15495155,Marco Ledda,2026-04-15 10:26:44,0.32,5,marcoledda29
998,15771264,Manav Trivedi,2026-06-13 05:08:13,0.32,12,manavtrivedi
999,16430313,Leszcz,2026-07-19 23:16:55,0.32,6,franciszekpiechocki
1000,15586866,AEONICAL LAB,2026-08-03 06:52:15,0.32,9,kudzaiking
1001,15491937,Imaad Mahmood,2026-05-16 17:11:54,0.32,23,imaadmahmood
1002,16299461,ksjksj,2026-07-02 13:39:45,0.32,4,ksjksj
1003,15494935,Mattpelor,2026-04-17 08:49:03,0.31,22,mattpelor
1004,16560494,victor,2026-08-07 03:01:34,0.31,11,vicmcorrea
1005,15733342,warriorjod,2026-06-29 05:19:00,0.31,7,warriorjod
1006,15624195,Zerabyte_X,2026-06-04 11:56:09,0.31,4,zerabytex
1007,16532032,Takao Morita,2026-08-17 05:49:13,0.31,20,takaomori
1008,16150014,Banwait_13,2026-08-15 10:07:50,0.31,11,banwait13
1009,15486743,Yash Marathe,2026-06-28 17:08:44,0.31,2,maratheyash
1010,15702803,Yiding Wang,2026-06-19 08:50:54,0.31,11,"jalenchang,yidingwangwill"
1011,15596779,Vandit,2026-06-16 08:09:02,0.31,43,vandittyagi0909
1012,16390772,Abid Ali Awan,2026-06-18 18:54:08,0.31,1,kingabzpro
1013,15533115,P3069,2026-04-01 19:23:16,0.31,1,pietrocol
1014,16269931,Trueis,2026-08-16 06:36:19,0.31,6,"trueis,vaibhavkovela"
1015,16371167,TG_Aetheryx,2026-07-11 00:59:51,0.31,24,subzerin
1016,15557566,Petitgen,2026-08-19 00:52:40,0.31,6,negtitep
1017,15858349,Leave Blank,2026-05-14 04:52:42,0.31,6,ai4funnwp
1018,15562202,Daris Dzakwan Hoesien,2026-04-06 02:41:49,0.31,1,darisdzakwanhoesien2
1019,15858927,Mehul Mathodia,2026-06-05 11:41:22,0.31,16,mehulmathodia
1020,15546253,Digitally Demented,2026-06-03 17:40:16,0.31,40,digitallydemented
1021,15883736,kusui26,2026-05-27 01:27:36,0.31,8,kusui26
1022,16082260,Saptak Banerjee,2026-05-26 10:48:40,0.31,1,saptakbanerjee123
1023,15488017,AMD,2026-05-06 14:56:50,0.31,10,amadesouki
1024,16153444,Jeffan Chen,2026-06-16 03:34:00,0.31,11,jeffanc
1025,15489579,Kiki,2026-06-04 11:30:12,0.31,4,rouiou
1026,15496864,Alper Ugurcan,2026-05-31 12:52:03,0.31,16,alperugurca
1027,16260267,blackseashark@gcvt,2026-06-22 20:23:08,0.31,9,"blackseasharkgcvt,morsmanipulus,shreyjauhari,sidheshmishra,trushti"
1028,15819155,yi-yang,2026-06-05 06:08:40,0.31,14,yihsiuyang
1029,16234131,Tyler Hughes,2026-08-18 17:01:17,0.31,54,tylerbrianhughes
1030,15511390,NinjaNick,2026-04-03 00:31:54,0.31,6,ninjanick
1031,16261636,dan 0438,2026-06-26 02:02:19,0.31,10,dan0438
1032,16678752,GB1105,2026-08-07 09:23:26,0.30,2,gb1105
1033,15561790,sillyveh,2026-04-20 12:17:26,0.30,7,sillyveh
1034,15503127,TARUN8808,2026-05-07 18:32:47,0.30,15,tarun8808
1035,16261586,ahmet akyurt,2026-06-30 08:01:47,0.30,16,ahmetakyurt
1036,16380819,jdysjg,2026-07-11 01:00:00,0.30,19,tgmath
1037,16665305,Jun_value,2026-08-18 00:26:14,0.30,7,junvalue
1038,15506605,Troyxxf,2026-04-29 05:07:09,0.30,25,troyxxf
1039,15490684,Mansour A. S. Ataa,2026-08-18 11:27:28,0.30,11,profmansoor
1040,16254990,Peter Kim,2026-06-07 15:51:05,0.30,1,petekiam27
1041,15504827,Yeshua,2026-06-07 14:42:30,0.30,33,mosesjoshuacoker
1042,15557388,Ttkuma,2026-06-27 03:15:33,0.30,4,ttkuma
1043,16205244,HaochenShi,2026-07-04 02:44:17,0.30,3,haochenshi
1044,15770611,Ayaka Kirima,2026-06-24 13:57:25,0.30,1,ayakakirima
1045,15508564,Marius Heuser,2026-06-30 20:36:28,0.30,44,mariusheuser
1046,15541601,Shhn,2026-04-04 00:19:56,0.30,3,shahinkh
1047,16701499,ZHUO ZIJIE,2026-08-18 00:00:48,0.30,5,zhuozijie
1048,15861414,Mario Santorelli,2026-05-10 00:20:07,0.30,5,mariosantorelli
1049,15502772,Ameya Tanikella,2026-04-18 15:02:10,0.30,1,axizcc
1050,16665571,Leszek Góra,2026-08-19 00:05:29,0.30,12,leonixis
1051,16095139,Apex,2026-06-15 22:46:01,0.30,10,brendank1ng
1052,16059142,TheLightIs,2026-06-06 22:06:31,0.30,3,thelightis
1053,15601708,Liew Keong Han,2026-07-01 00:17:32,0.30,7,farmountain
1054,16534180,ShadowJutszu,2026-07-31 07:11:15,0.30,12,gshadow
1055,15495259,geolearnerr,2026-06-11 03:49:27,0.30,1,geokocha
1056,15865894,fengren,2026-05-06 02:20:22,0.30,2,fengrenyang
1057,15569757,Jules,2026-07-15 11:25:02,0.30,8,julesvanligtenberg
1058,15628830,Pz,2026-05-14 13:47:03,0.30,9,phillipvz
1059,15491130,christopher athans crow,2026-07-20 03:29:42,0.30,13,cchrisaa
1060,15509337,Daniel Cooper,2026-04-05 14:06:03,0.30,9,habrt03
1061,16530739,陈星余csu,2026-07-14 05:12:32,0.29,3,csucxy
1062,15549790,Md Feroz Ahmed,2026-04-03 17:56:59,0.29,1,mdferozahmedafm
1063,15552744,Gwho,2026-04-24 14:18:08,0.29,14,gwhoxd
1064,16155197,XiaoYan12,2026-06-28 06:25:03,0.29,9,xiaoyan12
1065,16438896,pilipala,2026-06-27 06:32:13,0.29,2,nianshi
1066,16490468,Yogi Godara,2026-07-13 13:53:42,0.29,4,yogigodara
1067,15607045,ChenZiang,2026-05-13 02:20:12,0.29,3,leoziangchen
1068,15488321,khalwaniev,2026-05-07 08:05:20,0.29,5,khalwaniev
1069,16191729,Pruden,2026-06-11 05:53:36,0.29,2,mohammedm0iz
1070,16432466,ne Artem Savchenko,2026-06-29 08:05:25,0.29,3,neartemsavchenko
1071,15526600,iheb2023 ,2026-04-02 12:56:12,0.29,2,iheb2023
1072,16012003,AdamBelniak,2026-05-19 09:29:17,0.29,1,adamos581
1073,15486978,Lennart Haupts,2026-04-08 14:52:11,0.29,1,lennarthaupts
1074,15500416,Aditya Krishnan Mohan,2026-05-01 07:16:27,0.29,4,adityakrishnanmohan
1075,15582918,colt,2026-06-30 00:39:05,0.29,6,xiaomaguo
1076,16475988,Vishnu R Mohan,2026-07-20 03:50:39,0.29,12,vishnurmohan
1077,15548641,hiromi maeo,2026-05-08 09:31:57,0.29,34,hiromimaeo
1078,15588843,Nilesh kumar yadav,2026-04-11 18:12:53,0.29,1,nileshyadavme
1079,15932748,Paulo Pinto,2026-05-14 13:09:43,0.29,1,paulorzp
1080,16017546,Shiva,2026-06-09 19:42:54,0.29,3,shivasai77
1081,15545902,bailh1,2026-04-03 10:05:26,0.29,1,bailh1
1082,15521649,Thangtm,2026-04-06 02:48:08,0.29,1,theaiboy
1083,16262158,Shlok Sah,2026-07-04 00:20:01,0.29,9,shloksah
1084,15622692,Ralf,2026-06-08 07:33:50,0.29,22,ralfffhs
1085,15487143,Ishraq Tanvir,2026-04-08 15:05:56,0.29,1,ishraqtanvir
1086,16305354,dan0437,2026-06-30 05:44:41,0.29,8,nishitdashputre
1087,15622290,minghao mei,2026-04-16 05:36:00,0.29,2,minghaomei
1088,15558459,Chek,2026-06-16 02:48:06,0.29,23,"lnmson,mncuchiinhuttt"
1089,15815046,Panagiotis Katsakioris,2026-06-14 09:10:52,0.29,2,panagiotiskat
1090,16089303,13-Strings,2026-06-21 06:02:13,0.28,24,thirteenstrings
1091,15487135,Satkar sarvankar,2026-05-16 11:47:43,0.28,4,satkar003
1092,16014477,Mandel,2026-06-05 12:46:46,0.28,5,mandelxu
1093,15504932,Soymilk,2026-04-21 16:54:39,0.28,2,gap123
1094,15789748,oQoXOdK6,2026-04-30 03:34:38,0.28,1,oqoxodk6
1095,15584520,Nadine Squires,2026-04-15 11:11:56,0.28,7,nadinesquires
1096,15993194,Jonas von Kobylinski2,2026-06-23 01:03:19,0.28,4,jonasvonkobylinski2
1097,16278339,Kyriakos Tsourekas,2026-06-20 10:47:34,0.28,6,kyriakostsourekas
1098,15780213,Justin Arndt,2026-07-01 01:01:10,0.28,8,justinarndt
1099,15486959,The Loose Goose,2026-07-27 23:46:05,0.28,41,konradbhopenottaken
1100,15501420,SIVA S,2026-08-19 04:14:13,0.28,142,codingmaster24
1101,15497723,[Deleted] 5dfc4429-6f3c-47d1-ba2d-0ac9055a8eaa,2026-04-22 05:12:50,0.28,18,josefedwards
1102,15575054,yuri-ao,2026-05-20 04:02:44,0.28,8,yuriao
1103,16371227,Anand Kumar,2026-07-06 04:48:05,0.28,5,anandkg22
1104,16001833,Yield Smarter,2026-06-10 14:24:49,0.28,5,yieldsmarter
1105,16266590,liuweiqing147,2026-06-26 01:40:56,0.28,11,liuweiq
1106,16248093,EddieSong08,2026-06-21 06:39:27,0.28,6,eddiesong08
1107,15703826,shwesh,2026-04-28 04:08:30,0.28,3,shwesh
1108,15507995,Manish Swami,2026-04-06 15:43:45,0.28,4,manish756
1109,15736475,Yukeiso,2026-05-02 00:18:24,0.28,4,katayuji
1110,15487588,Benjamin Storck,2026-04-21 07:31:12,0.28,12,benjaminstorck
1111,16298976,AnSuSu,2026-06-25 20:25:36,0.28,3,asusu
1112,15623247,Kujaomega,2026-04-15 16:25:26,0.28,1,kujaomega
1113,15821468,royvivasi,2026-05-07 20:27:51,0.28,5,royvivasi
1114,16426243,tsdocode,2026-06-29 05:37:56,0.28,6,tsdocode
1115,15917281,Ansel,2026-05-17 02:58:38,0.28,6,sitaochou
1116,16715087,Karl Ambrosius 2020,2026-08-19 00:11:38,0.28,6,karlambrosius2020
1117,15525116,Jack,2026-04-10 21:24:23,0.28,5,jackvd
1118,16600353,Tom Yim,2026-08-10 04:12:10,0.28,2,tomyim
1119,15931624,Jaksen,2026-05-29 19:51:39,0.28,12,jaksencharles
1120,15493869,Anh Khoa Đoàn Nguyễn,2026-06-30 05:19:32,0.27,40,anhkhoaonnguyn
1121,16573365,Vadim Soin,2026-08-09 04:19:25,0.27,5,vvsoin
1122,15785849,ARC 3,2026-05-13 03:50:53,0.27,7,pinkrahnanaofosuhene
1123,15553625,schanitater,2026-04-09 08:14:00,0.27,2,schanitater
1124,16603382,Carlos Ponce,2026-08-17 17:41:24,0.27,4,carlosoponce
1125,16732495,Weisong Kuang,2026-08-17 13:03:19,0.27,1,weisongkuang
1126,16053147,Zie Chan,2026-06-25 07:32:05,0.27,1,ziechan
1127,16097064,PYK0409,2026-07-06 09:49:56,0.27,10,pyk0409
1128,15496613,Shivam Singh,2026-04-07 17:04:52,0.27,3,shivamsingh17072001
1129,15573480,Carlos Henrique C. Matos,2026-04-08 12:43:56,0.27,2,carlosmatos97
1130,16030817,medkhalil hawachi,2026-07-01 13:19:55,0.27,6,medkhalilhawachi
1131,16057217,Zhou Canyu,2026-07-01 04:03:57,0.27,26,zhoucanyu
1132,15785832,Benjamin Woodson,2026-04-29 19:38:25,0.27,1,benjaminwoodson
1133,15488011,dataWr3cker,2026-04-07 12:40:29,0.27,11,gourabr0y555
1134,16317238,Nandakishor,2026-06-27 10:16:36,0.27,1,nandukuttan
1135,15559270,ommo007,2026-04-13 07:06:51,0.27,6,ommo0047
1136,16275076,Gloria_Leille,2026-06-12 04:37:24,0.27,4,mathemagicianbb
1137,15549819,kawaii,2026-04-15 07:55:46,0.27,4,vrshyamsunder
1138,16320397,Demirhan1,2026-08-10 01:06:24,0.27,10,demirhan1
1139,16209449,Ajay_Rao_43,2026-06-28 07:59:21,0.27,2,ajayrao43
1140,15657107,Inexperienced Me,2026-07-31 08:58:04,0.27,10,inexperiencedme
1141,15495088,Albert Wang,2026-06-26 22:24:47,0.27,3,mianwang1024
1142,15522913,[Deleted] 7ce58550-6ceb-4cf7-a465-8262efdf1126,2026-04-08 06:55:01,0.27,2,del=98bb24a0882b539e
1143,15629139,vishnuvardhan33,2026-04-16 09:47:01,0.27,1,vishnuvardhan33
1144,15904528,Jihang Li,2026-05-15 00:00:58,0.27,7,jihangli1121
1145,15493240,Abdul wahab Khan,2026-04-06 07:55:22,0.27,3,abdulwahab2321
1146,15554292,Yang Lv,2026-04-06 03:52:34,0.27,2,lvyang199888
1147,15493727,Taurowl,2026-06-16 07:48:19,0.27,2,lnminh
1148,15607879,Gijs Schenk,2026-07-07 00:03:25,0.27,18,gijsschenk
1149,15616560,Raja T,2026-06-15 14:39:13,0.27,3,rajathiagaraj
1150,15582875,stunningvn,2026-04-23 03:06:15,0.27,13,dedquoc
1151,15909953,Quang Anh Đặng,2026-06-24 07:14:14,0.27,1,quanganh27th
1152,15487443,Ravi Annaswamy,2026-04-27 00:48:07,0.27,9,raviannaswamy
1153,15676875,TmDofi,2026-06-27 18:38:01,0.27,2,tmdofi
1154,15533773,Bo Peng,2026-04-09 13:01:48,0.27,4,bopengiowa
1155,15645555,Luke Stafford,2026-05-02 15:11:19,0.27,13,luketstafford
1156,15785836,Joycelyn Adjekum,2026-04-30 00:06:58,0.27,2,adjekumjoycelyn
1157,16018267,NotWhatYouThink,2026-06-05 07:55:13,0.27,12,notwhatyouthink
1158,15633641,Froggy McFrogson,2026-07-03 03:27:36,0.27,14,aidetective
1159,16315646,Shrike,2026-06-30 14:41:11,0.27,3,h0zier
1160,15499385,Scenery SunFireInk,2026-05-23 12:37:52,0.27,10,scenerysunfireink
1161,15734440,Teitlax,2026-05-06 15:05:11,0.27,10,teitlax
1162,16403751,Md. Faisal Sheikh,2026-07-02 19:50:01,0.27,1,mdfaisalsheikh
1163,15584321,Nikolay Bogatikov,2026-05-07 04:34:25,0.27,16,nikbgv
1164,15650626,sidney niu,2026-06-25 13:34:55,0.27,12,sidneyniu
1165,15504646,claudius codexius 🐾,2026-06-27 05:21:55,0.27,30,lucyellu
1166,16729922,Aarush Kute,2026-08-18 15:24:11,0.26,3,aarushkute
1167,15604365,derealt,2026-04-12 21:40:17,0.26,1,derealt
1168,15592269,sun xiaotang,2026-05-05 07:43:13,0.26,5,sunxiaotang
1169,15495734,dia,2026-04-15 05:14:30,0.26,4,adkasd
1170,16302886,Samuel Bartlett,2026-06-17 08:31:59,0.26,1,samuelbartlett1
1171,16019513,rivzzzzz,2026-05-26 08:10:23,0.26,7,rivuletnriver
1172,15538144,Dhruv Bansal,2026-04-06 22:02:46,0.26,1,dhruvb2028
1173,15846957,JISHNU CHAUHAN,2026-05-05 18:35:13,0.26,2,jishnuchauhan1
1174,15499301,SANNNNN,2026-04-11 18:48:06,0.26,5,zuhairsan
1175,16701218,huang shiyao 111,2026-08-18 07:52:04,0.26,4,huangshiyao111
1176,15487910,Ova,2026-03-29 13:33:43,0.26,1,overvalueawareness
1177,15584272,rndmprsn7,2026-05-08 12:31:20,0.26,6,rndmprsn7
1178,15487988,Jason Yoon,2026-04-05 02:22:01,0.26,8,jasongyoon
1179,15585956,Jason-Oh,2026-08-11 00:57:46,0.26,4,dossantoss
1180,15493499,Thomas Ferraz,2026-07-01 19:10:33,0.26,4,thomasferraz
1181,15527662,JinchengZhang1,2026-04-16 06:06:54,0.26,2,jinchengzhang1
1182,15499396,everythingisnew,2026-04-05 07:54:09,0.26,2,everythingisnew
1183,16721325,Limidet Pro,2026-08-17 20:50:19,0.26,2,limidetpro
1184,16541906,Kethan Sai,2026-08-11 09:21:54,0.26,4,kethansaikoneru
1185,15758349,Yuke_jpn,2026-06-02 04:26:38,0.26,2,yukejpn
1186,15975675,bbarclay6,2026-07-07 13:04:44,0.26,7,bbarclay6
1187,16609684,Mary Dun,2026-08-16 21:08:02,0.26,9,mukdal
1188,15526849,SkittlesGod,2026-05-07 01:38:17,0.26,5,svanikkolli
1189,15991890,sakshigoswami335,2026-06-11 06:02:37,0.26,7,sakshigoswami335
1190,16369299,Furina,2026-06-29 05:48:12,0.26,1,dfgtde
1191,15522512,Nic Barthelemy,2026-08-18 06:47:23,0.26,7,nicbarthelemy1
1192,15834133,Amrita_Singh1011,2026-05-09 03:20:12,0.26,7,amritasingh1011
1193,16599278,Chandram Dutta,2026-08-17 17:31:51,0.26,3,chandramdutta
1194,15989051,Ömer,2026-06-07 12:44:06,0.26,5,otaskaya
1195,16238028,_imerdell,2026-06-08 12:29:44,0.26,2,imderdell
1196,15560998,Reza Azami,2026-04-05 19:35:43,0.26,1,rezaazami
1197,15724003,Khai Phan Van,2026-06-09 05:09:31,0.26,9,khaiphanvan
1198,16253766,@s3werst,2026-06-06 19:11:47,0.26,1,mellamoa
1199,16144889,Aleksandr Nikolich,2026-06-13 00:19:11,0.26,12,alexwortega
1200,15603524,Shamim Kabir Kazim,2026-04-23 12:10:37,0.26,5,shamimkabirkazim
1201,15567100,Yash Rathod,2026-08-12 16:37:48,0.26,5,yash02102
1202,15573272,Engram,2026-05-02 00:01:12,0.26,18,engram
1203,16444395,Saumya Jagishbhai Shah,2026-06-28 17:56:27,0.26,2,saumyajagishbhaishah
1204,16702239,Kensei Furuya,2026-08-16 13:10:17,0.26,3,furuken0527
1205,15991895,Terry,2026-06-30 08:21:10,0.26,13,terrywongvip
1206,15634401,IAI,2026-04-30 16:14:29,0.26,3,fuyu1304
1207,16593937,Adaption State,2026-07-06 13:59:55,0.25,12,"aurorcys,micmlmodels"
1208,16417738,cwdcca,2026-06-24 00:46:42,0.25,2,cwdcca
1209,16530489,Yaroslav Hryhorenko,2026-08-07 10:37:13,0.25,10,yaroslavhryhorenko13
1210,15489992,songling,2026-06-02 04:36:38,0.25,4,"lvbingrong,miguelhu,oralia"
1211,16151241,Ivan Tretyakov,2026-06-02 01:46:33,0.25,1,hopeofchange
1212,15488208,BROSKI,2026-04-01 13:17:34,0.25,2,nacefmbarek
0,15485224,Stochastic Goose,2026-03-25 00:34:10,0.25,1,
1213,16301639,killf,2026-06-12 05:32:44,0.25,1,killf2019
1214,16300712,Krishna Harish,2026-06-16 09:15:14,0.25,1,krishnaharish
1215,15503925,Leandro,2026-04-30 12:21:24,0.25,22,leandro357
1216,16432610,Qubic Nxon Vivancos & Sanchez,2026-08-19 06:46:13,0.25,52,davidvivancos
1217,15988957,wd13ca,2026-06-22 01:44:26,0.25,12,wd13ca
1218,16200283,Gowri G,2026-06-25 05:46:52,0.25,2,sarg99
1219,15501430,kcy4,2026-04-22 07:57:17,0.25,5,cy4ego
1220,15660900,Hammad Farooq,2026-06-04 02:00:35,0.25,5,hammadfarooq470
1221,16304225,Bian Sun,2026-06-11 18:03:19,0.25,1,biansun
1222,15646919,MASAAKI HAYASHI,2026-04-30 10:17:33,0.25,4,masaakihayashi
1223,16580779,Darkhan Nurakhmetov,2026-07-30 04:13:24,0.25,9,hoogleraar
1224,15879901,Ruby Nguyen,2026-05-07 23:00:24,0.25,2,nguyenthianhngoc
1225,16617725,Y10x17,2026-07-31 14:48:01,0.25,2,y10x17
1226,15493721,Zejun_,2026-04-13 10:28:44,0.25,7,zejunfool
1227,15615868,Parsa,2026-06-15 09:26:00,0.25,6,parsahriri
1228,15940415,ganapathi ekambaram,2026-07-13 02:01:28,0.25,11,vivekgana
1229,15576315,IGpig1226,2026-06-16 12:28:20,0.25,5,"igpig1226,quanruili"
1230,15516474,Esabelle Chen,2026-04-05 07:12:47,0.25,5,esabellechen
1231,15493522,Suneet Saini,2026-05-24 20:49:40,0.25,5,suneetsaini
1232,15750948,Suprivi,2026-04-27 15:13:05,0.25,1,suprivi
1233,15516659,john,2026-06-01 10:49:43,0.25,13,jaejohn
1234,15557086,Guus Bouwens,2026-04-05 04:17:51,0.25,1,guusbouwens
1235,16237585,humble_some1,2026-06-06 18:25:48,0.25,2,some123e23
1236,15586166,hiroto funasaki,2026-05-19 22:45:53,0.25,40,hirotofunasaki
1237,15631567,Hiryu,2026-06-17 04:12:21,0.25,2,kusurizuke
1238,16340437,Pilferer,2026-07-04 09:41:16,0.25,4,pilferer
1239,15584000,Muhammad Firdaus,2026-04-24 01:35:30,0.25,4,ldausl
1240,15495756,Corentin Lespagnol,2026-04-20 14:07:38,0.25,3,lespagnolcorentin
1241,16410979,Zoooom,2026-07-15 08:08:45,0.25,12,zoooom
1242,15556399,Eric Stone,2026-04-26 21:59:37,0.25,11,ericstone92
1243,16703813,Ayça Güler,2026-08-19 03:38:46,0.25,10,ayagler
1244,16281126,Ghazaros Barseghyan,2026-08-11 18:06:38,0.25,15,ghazarosbarseghyan91
1245,16213488,Laljith Legend,2026-06-08 03:13:23,0.25,3,laljithlegend
1246,15493283,Falling Entropy,2026-05-16 06:32:03,0.25,1,jasongsloan
1247,16012288,lee,2026-07-08 06:16:00,0.25,14,kannanlee
1248,15803277,Md Mahfuz Sumon,2026-05-01 14:09:12,0.24,2,mdmahfuzsumon
1249,15670669,Rohanrk1813,2026-04-25 09:29:14,0.24,1,rohanrk1813
1250,16444046,ChaiHuacan,2026-07-01 10:51:25,0.24,4,chaihuacan
1251,15486758,Chen,2026-06-17 23:59:54,0.24,11,chenku
1252,15499412,JRSSKumarD,2026-06-05 14:34:32,0.24,4,jrsskumard
1253,16194970,Hanif Noer Rofiq,2026-06-03 11:07:21,0.24,1,hanifnoerrofiq
1254,15875904,CODE AZE,2026-05-31 08:19:25,0.24,5,codeaze
1255,16384033,UnknownNull,2026-06-24 05:20:24,0.24,7,unknownnull
1256,15516538,GarlicToday,2026-04-02 06:25:17,0.24,4,garlictoday
1257,15610405,Victor Merckle,2026-04-22 06:59:22,0.24,6,vmerckle
1258,15585110,niub_hihi,2026-04-09 16:18:45,0.24,1,niubhaihai
1259,16039638,Nithin Nivhar,2026-05-23 07:16:32,0.24,2,nithinnivhar
1260,15487794,janeodum,2026-04-03 17:16:05,0.24,6,janeodum
1261,16406609,Prabhjot Singh,2026-06-29 14:14:42,0.24,3,issajatt
1262,15743130,senileFelines,2026-04-26 11:16:49,0.24,1,digantabhattacharya
1263,16157287,mywind,2026-06-02 11:12:40,0.24,1,mywind
1264,15569794,AMATEUR,2026-04-10 08:02:30,0.24,2,lxx0114
1265,15517687,bouganvillea,2026-04-05 10:09:54,0.24,1,bouganvillea
1266,15745821,II,2026-05-22 05:10:18,0.24,20,kravets
1267,15496330,Amin Haidar,2026-06-04 16:48:49,0.24,14,aminhaidar
1268,15621355,Hong Dae Kim,2026-07-18 07:55:28,0.24,13,hongdaekim
1269,15529411,mt,2026-07-30 12:37:43,0.24,1,mtanakaslgfreak
1270,15800355,betterme12345,2026-05-19 14:19:25,0.24,2,betterme12345
1271,16610821,Shashwat Bajpai,2026-08-17 00:10:22,0.24,16,shashwat1729
1272,15668277,Saad Sharif Ahmed,2026-04-23 00:44:53,0.24,3,zeon01
1273,15612479,capyun007,2026-04-14 03:06:00,0.24,1,capyun007
1274,15693630,lon guo,2026-05-06 01:50:10,0.24,2,longuo
1275,16418442,SK,2026-07-04 03:06:14,0.24,6,sheronkoshy
1276,16594426,Aaryan Pawar,2026-08-19 05:55:34,0.24,11,aaryanpawar16
1277,16532564,Chris Eldho Varghese,2026-07-11 19:54:43,0.24,1,chriseldhovarghese
1278,15655305,Fernandosr85,2026-05-21 03:38:18,0.24,8,fernandosr85
1279,16701377,Rafał Wiktorowicz,2026-08-18 05:02:15,0.24,8,"budzajantoni,rafawiktorowicz"
1280,15631835,JerrySun,2026-04-23 07:37:09,0.24,1,jerrysy
1281,16004449,Justin Tang,2026-05-17 16:50:37,0.24,1,justin2009
1282,16277739,Harshit Shakya,2026-06-17 10:33:06,0.24,8,harsh707
1283,15493639,Ivan Zdravkov,2026-04-25 05:15:42,0.24,7,ivanzdravkov
1284,16561363,Seanwang,2026-07-27 21:21:27,0.24,4,seanwang0215
1285,15501113,DAYDREAMER,2026-06-23 04:40:44,0.24,6,annsnow
1286,15566563,Asan Ashirov,2026-06-03 05:12:40,0.24,2,asanashirov
1287,15812290,がっちむち♂,2026-08-03 07:58:07,0.24,3,tecchannn
1288,16049416,rahul ji indian,2026-07-18 05:55:44,0.24,3,rahuljiindian
1289,15773862,Mayank Bhaskar,2026-05-22 16:04:03,0.24,15,cataluna84
1290,15565341,Brad7161,2026-04-17 04:19:38,0.24,3,brad7161
1291,15651728,Stella Nova,2026-04-19 14:54:05,0.24,1,ponlawatk
1292,16306541,1J SHEN,2026-06-20 07:03:04,0.24,8,yijieshen123
1293,15859241,Randomhandsomeguy,2026-05-08 22:25:57,0.23,1,rayyen216
1294,15517983,Zack Hlongwane,2026-08-09 00:01:37,0.23,4,zackhlongwane
1295,15656668,Putra Pribowo,2026-06-03 02:42:07,0.23,28,putrapribowo
1296,15569310,titanascended,2026-06-24 15:04:50,0.23,4,itsyuvrajsharma
1297,16402409,SingularityML,2026-08-19 00:07:55,0.23,17,dnaftalovich
1298,15487431,epigene,2026-04-20 17:00:25,0.23,4,nadhu59648
1299,16346007,How bad can it go?,2026-08-13 00:42:20,0.23,12,calamitychasm
1300,15511692,Riku,2026-04-02 00:07:08,0.23,4,riku443
1301,16539872,RiBenWanDuZi,2026-08-02 11:39:02,0.23,2,ribenwanduzi
1302,15489085,Rithvik Redrouthu,2026-06-18 00:12:48,0.23,6,rithvikredrouthu
1303,15860627,Yassir Acharki,2026-06-11 14:42:54,0.23,4,yacharki
1304,15519725,RJThompson,2026-06-06 00:18:25,0.23,8,rjthompson
1305,15490758,Jean-Louis Roy,2026-04-13 00:30:16,0.23,8,jeanjean111
1306,15909598,Matianyuu,2026-05-09 11:38:11,0.23,1,matianyuu
1307,15513766,Arnav Ashank,2026-04-11 22:43:56,0.23,1,ashank19
1308,16497884,KevinST,2026-07-13 00:06:13,0.23,2,keisukesaito
1309,16339698,Alexey Samosadov,2026-06-24 14:48:06,0.23,5,alexeysamosadov
1310,15550219,Kanishk Paul,2026-07-14 10:41:01,0.23,5,kanishkpaul
1311,15500702,Yuxuan-Wang,2026-04-14 12:26:23,0.23,4,linkinin
1312,16559294,Curious_Crumb,2026-08-17 20:35:45,0.23,15,nouryassir101
1313,15498454,Auravana,2026-04-25 03:09:29,0.23,22,fountainheadle
1314,15551895,Fabian Henning,2026-06-15 09:17:32,0.23,1,crustacean
1315,15510267,zacsho,2026-03-31 05:43:59,0.23,2,zacsho
1316,15738224,kokinnwakashuu,2026-06-22 10:33:55,0.23,5,kokinnwakashuu
1317,16706947,Antonio,2026-08-16 12:34:41,0.23,4,heyang993
1318,15580888,yiheagicom,2026-07-08 07:43:30,0.23,46,yiheagicom
1319,15756664,Chase Bonfiglio,2026-06-20 21:48:15,0.23,27,chasebonfiglio
1320,16230355,secret_society,2026-06-29 20:17:17,0.23,6,"abusafwanmdfarhan,iftekharmohammed,kmmehrabhossain,zihadulislamtasin"
1321,15924651,Minh Ky,2026-06-05 07:49:16,0.23,5,phamminhky
1322,15865282,[Deleted] 382a8fa2-3d67-4ed9-9dc8-6f828d5e8ded,2026-07-02 05:14:27,0.23,19,del=d11a993744c492c4
1323,16003022,Vengeful,2026-07-23 19:42:05,0.23,49,vengeful
1324,15532771,Yousef Turk,2026-07-09 13:34:07,0.23,2,yousefturk
1325,15972322,wking edewd,2026-05-15 11:33:22,0.23,2,wkingedewd
1326,16392203,Samuel Lippert,2026-06-30 23:59:16,0.23,3,samuellippert
1327,16712466,A.P.R.I.L,2026-08-15 03:15:16,0.23,4,puneeth333
1328,15502192,Santhana,2026-08-09 01:48:06,0.23,6,santhanalekshmic
1329,15583795,imranyaishaik,2026-04-10 05:05:29,0.23,2,imranyaishaik
1330,15602587,Martin Mbalkam,2026-05-31 13:53:07,0.23,3,martinmbalkam
1331,15631257,K.THARUN KUMAR,2026-08-10 17:32:40,0.23,7,tharunkumar369
1332,15489961,Chirapathleo Saelim,2026-05-17 10:20:57,0.23,8,chirapathleosaelim
1333,15537216,[Novosibirsk] Nikita Kuznetsov,2026-04-26 12:30:06,0.23,3,nikitakuznetsof
1334,16329511,xinhao642,2026-06-22 18:29:02,0.23,5,xinhao642
1335,16674916,مشعل العتيبي,2026-08-16 18:20:18,0.23,6,vexsz71
1336,15775532,insuperabilehart,2026-05-08 19:48:58,0.23,2,insuperabile
1337,15756739,Ajay Caxzen,2026-04-27 22:19:13,0.23,1,caxzen
1338,16415999,Harsh Yadav,2026-07-18 10:02:52,0.23,5,swiftcoderharsh
1339,16614304,Brent,2026-08-04 03:29:41,0.23,7,brentwoodard
1340,16535729,Soft,2026-08-19 07:14:55,0.23,8,fabienwaitzenegger
1341,15625936,nendo0325,2026-04-16 02:13:45,0.23,1,nendo0325
1342,16654483,Anirudh Negi,2026-08-17 15:11:54,0.23,7,anirudhnegi24
1343,15947042,skyhuang233,2026-05-16 10:19:03,0.23,4,skyhuang233
1344,15868357,Youssef Yacoup,2026-05-19 15:00:40,0.23,3,youssefyacoup
1345,16097946,harmo-miu,2026-05-29 03:18:16,0.23,2,harmomiu
1346,15512325,Vivswan,2026-05-18 00:06:00,0.23,23,vivs2904
1347,15514585,Cade Hall,2026-04-07 11:29:16,0.23,5,cadehall
1348,15486656,Isaiah Nwukor,2026-07-10 02:14:25,0.22,66,thezetaproject
1349,15520730,Saeyohn,2026-07-10 00:07:53,0.22,10,mahendransaeyohnn
1350,16298352,Martin Kolar #2,2026-07-02 21:14:43,0.22,9,pi2caefeithoh0ciephe
1351,16692578,Rohit Bhar,2026-08-17 22:04:05,0.22,5,rohitbhart
1352,15493216,Don,2026-06-29 09:32:43,0.22,12,edonisraci
1353,16146361,Vladislav Miheev,2026-06-09 21:50:48,0.22,5,vladislavmiheev
1354,16234547,Mikhail Bovt,2026-07-01 10:07:00,0.22,12,mikhailsovab
1355,16312641,Michal Z Gow,2026-06-30 07:21:34,0.22,7,michalzgow
1356,15939706,sladwet,2026-05-16 12:24:29,0.22,5,sladwet
1357,16199408,Bhargav .T,2026-07-01 02:42:30,0.22,13,kotabhargavt
1358,16537516,Sunny Kumar,2026-08-19 02:39:55,0.22,10,sunnykumar6203
1359,15985475,z84415624,2026-06-30 16:00:30,0.22,5,z84415624
1360,16468545,Yo,2026-07-04 00:07:02,0.22,4,goyeahia
1361,15491887,Uday Bhatia,2026-05-12 15:36:01,0.22,2,udaybhatia
1362,16304922,MattOwen42,2026-06-30 17:42:36,0.22,4,mattowen42
1363,15487233,Андрей Ганин,2026-06-29 14:37:10,0.22,4,qwertyyyy769492
1364,15492312,Hmm,2026-04-08 05:15:12,0.22,1,yash9439
1365,15487998,TriviaTroy,2026-05-16 22:48:51,0.22,7,troyjfields
1366,16540105,Fourteeny,2026-08-18 20:28:40,0.22,8,fourteeny
1367,15486898,THUNDER THUNDER,2026-04-05 06:05:34,0.22,1,thunderthunder
1368,15495425,Ra'uf Fauzan Rambe,2026-05-28 03:03:55,0.22,5,rauffauzanrambe
1369,16605331,Pedro Lirón de Robles,2026-07-29 11:25:51,0.22,2,pedrolirnderobles
1370,15625377,dongdong zhang,2026-04-21 14:53:09,0.22,1,mcdongdongzhang
1371,15998500,Kazi Aishikuzzaman,2026-08-19 03:30:37,0.22,6,kaziaishikuzzaman
1372,15493311,Shun_PI,2026-04-16 05:58:54,0.22,3,shunrcn
1373,15523710,Ayan Bashir Sheikh,2026-04-20 13:02:17,0.22,7,ayanbashirsheikh
1374,16473675,Samuel David Egwu,2026-07-29 16:28:48,0.22,2,samuelegwu
1375,16283369,wentixiaogege,2026-06-12 01:56:54,0.22,3,wentixiaogege
1376,15569188,xianxu qiu,2026-06-16 08:53:32,0.22,2,xianxuqiu
1377,15517357,simmons1025,2026-06-28 00:02:06,0.22,3,simmons1025
1378,16452844,Vignesh A,2026-06-30 16:44:06,0.22,2,vignesha1
1379,16319847,Anubhav,2026-06-28 04:54:03,0.22,2,anubhav27
1380,16450166,Jayden Jeswin Raj,2026-06-29 08:47:41,0.22,1,richardmaddox
1381,16048012,JasonZeng,2026-06-29 09:45:17,0.22,1,jasonzeng
1382,16374717,YangAoTian,2026-07-07 07:34:43,0.22,4,yangaotian
1383,15584738,Freedomfighter1290,2026-04-09 17:27:39,0.22,1,freedomfighter1290
1384,16143282,Talyxion,2026-06-02 02:58:06,0.22,1,"hoangle2003,nhatloidinh,thnhnguyn2001"
1385,15524866,Ragesh Thangaraj,2026-07-27 14:14:31,0.22,5,rageshthangaraj
1386,15922813,BeanApologist,2026-05-29 04:12:03,0.22,5,sarahmarin
1387,15590428,AQiDA19,2026-07-27 00:05:03,0.22,2,aqida19
1388,15555738,Taylan Soydan,2026-04-06 09:43:56,0.22,3,taylansoydan
1389,15574747,Master Teo,2026-04-08 04:38:39,0.22,1,sirteo
1390,16348203,Asiru Akeem Adekunle,2026-06-27 00:44:56,0.22,8,asiruakeemadekunle
1391,15556994,seoewoo,2026-04-05 03:36:04,0.22,1,henrymessiiyt
1392,15813223,Jaswanth7722,2026-05-17 09:03:59,0.22,9,jaswanth7722
1393,16318615,JOKER-C2,2026-08-03 11:37:35,0.22,22,manuelcoletta
1394,15627203,Syed Saad Hasan Emad,2026-07-28 07:21:47,0.22,1,syedsaadhasanemad
1395,15488187,jerryv69,2026-06-09 02:34:51,0.22,3,jerryv69
1396,16320138,Anton Kalabukhov,2026-06-30 00:46:05,0.22,8,synlabs
1397,16481633,wmotte,2026-07-11 07:11:35,0.22,2,wmotte
1398,16570484,lingheng,2026-07-20 01:25:34,0.22,1,"lingheng,xianhaolin6077"
1399,16228820,SSV,2026-06-05 17:14:29,0.22,2,vigneshirtt
1400,15827295,Kaihong Deng,2026-05-22 02:47:40,0.22,16,kaihongdeng
1401,16434290,Manan Bansal,2026-07-20 05:10:06,0.22,10,mananpbansal
1402,15616194,赵云龙,2026-04-24 06:52:31,0.22,1,zhao1122
1403,15488756,Muhammad Ibrahim Qasmi,2026-06-19 21:41:54,0.21,1,ibrahimqasimi
1404,15947052,Kaiser #2,2026-05-13 09:33:38,0.21,1,snnguynvnk19hl
1405,15513901,Meenal Sinha,2026-05-10 15:34:32,0.21,2,meenalsinha
1406,15490511,Smilyai-is-cool-gubby,2026-04-20 02:47:55,0.21,1,smilyaiiscoolgubby
1407,16680060,Joseph Franck,2026-08-18 00:30:35,0.21,8,josephfranck
1408,15519262,Devansh Rajput,2026-04-03 20:07:42,0.21,3,devansh66
1409,15528446,Yasin Baykal,2026-04-01 13:01:08,0.21,1,godmethium
1410,16675032,EonCrux,2026-08-18 01:04:24,0.21,6,"dhairyapratapsolanki,itsmepooja,jainp1508,mansisingh2072,sapnajain115"
1411,15534060,pzarczynski,2026-04-02 19:52:48,0.21,1,piotrzarc
1412,15581639,cjen07,2026-04-10 07:21:05,0.21,2,cjen07
1413,16723801,Satoshi Nguyen,2026-08-19 02:38:41,0.21,4,satoshinguyenai
1414,16645459,Joseph W Benson,2026-08-07 04:28:12,0.21,3,josephwbenson
1415,15604360,youssef abukhalifa,2026-04-17 20:42:27,0.21,3,youssefmo942009
1416,16723014,Dev Kancheti,2026-08-19 00:01:16,0.21,6,devkancheti
1417,15520642,Jack Al-Kahwati,2026-04-03 00:38:09,0.21,3,jackalkahwati
1418,15568017,Aevion-Labs,2026-07-12 02:10:54,0.21,8,aevionlabs
1419,15526002,Shivam Mittal,2026-04-01 08:17:29,0.21,2,shivammittal274
1420,15487262,bianfu,2026-06-17 13:11:34,0.21,2,bianfu
1421,15636115,Aditya Priya,2026-08-05 14:22:40,0.21,1,"adityapriya2,judychung2028"
1422,15522048,秘偶agi,2026-06-18 04:08:30,0.21,21,miouagi
1423,15489989,DUSN,2026-03-31 03:53:28,0.21,1,laochennn
1424,15491086,ianwulalala,2026-07-12 04:09:55,0.21,5,ianwulalala
1425,15558577,MIke Stang,2026-04-18 23:46:17,0.21,9,howdybigmike
1426,15539625,Sarmentor,2026-08-10 00:41:53,0.21,6,sarmentor
1427,16450243,ltnhung,2026-06-29 09:05:40,0.21,1,ltnhung
1428,15839529,summerer3,2026-05-04 07:05:58,0.21,1,summerer3
1429,15493205,Conan2,2026-04-06 17:29:34,0.21,6,jaehyeonsim
1430,15759726,Yanpu Zheng,2026-06-06 04:10:21,0.21,3,yanpuzheng
1431,15761915,JK-Piece,2026-05-27 13:54:09,0.21,7,jeannkouagou
1432,16550408,Harsimar Singh,2026-08-19 04:21:36,0.21,4,harsimarsingh23
1433,15618703,Alan Scott Encinas,2026-06-01 01:44:48,0.21,4,encinas88
1434,15731424,Kangdaxia,2026-04-29 00:09:21,0.21,5,kangdaxia
1435,15496351,InTelliGI,2026-05-02 08:12:44,0.21,4,hichamtelli
1436,15515217,sepcnt,2026-04-22 12:05:56,0.21,2,sepcnt
1437,16058181,Divyasree@0318,2026-05-25 18:18:39,0.21,2,divyasree0318
1438,16149622,Alexander Dickbauer,2026-06-01 23:09:08,0.21,1,alexanderdickbauer
1439,16726871,Alex Martinez,2026-08-16 17:27:47,0.21,1,alexmartinez75
1440,16516539,Raed Alharbi,2026-08-11 12:08:02,0.21,2,raed04
1441,16465268,shakinghand,2026-08-18 10:30:36,0.21,14,"emitrajshokuhi,weichseltree"
1442,16278024,JIAWEILI0001,2026-08-18 15:23:16,0.21,58,jiaweili0001
1443,15495973,pom,2026-04-07 14:20:26,0.21,5,tatsukisato
1444,16089141,Yuta Tadokoro,2026-06-19 00:33:41,0.21,13,yutatadokoro
1445,16663965,mosorio1,2026-08-12 00:16:29,0.21,3,mosorio1
1446,15516425,Steven,2026-05-06 08:27:43,0.21,1,sg1020
1447,16430850,Derek Peng,2026-06-29 01:43:59,0.20,3,littlebull
1448,15491291,Koka,2026-04-01 13:12:25,0.20,2,kokatrn
1449,16346595,ลิงจั๊กๆ,2026-06-24 00:01:08,0.20,11,phittayanan
1450,16268877,Sargis Arzumanyan,2026-06-26 10:23:39,0.20,10,sargisarzumanyan
1451,16403249,Pro400,2026-06-30 23:01:25,0.20,5,pro400
1452,16449178,Jon Smirl,2026-08-12 15:47:16,0.20,14,"connorsmirl,jonsmirl"
1453,16387036,Jens Lehmann,2026-07-04 21:48:26,0.20,7,jenslehmann
1454,15748929,Imed Magroune,2026-08-07 16:13:56,0.20,30,imedmagroune
1455,16108720,Choruru,2026-06-05 00:50:43,0.20,5,choruru
1456,16301827,Fabio Cabral,2026-08-17 19:22:41,0.20,5,fabiocabral
1457,16262491,Pranesh Jayasundar,2026-06-19 03:39:30,0.20,4,praneshjayasundar
1458,15537362,Forrest,2026-04-07 13:21:58,0.20,3,yinxiaogang
1459,15501746,George Odhiambo07,2026-04-16 05:42:24,0.20,5,georgeodhiambo07
1460,15513991,Camacho,2026-04-30 00:21:55,0.20,18,"acamachodepass,acamachog,joseandrescamacho"
1461,15834690,yuanlao153,2026-05-07 08:29:26,0.20,1,yuanlao153
1462,15841851,dennis palatov,2026-08-14 08:41:44,0.20,33,dennispalatov
1463,16209749,tianxianbaobao,2026-06-13 03:34:13,0.20,4,tianxianbaobao
1464,15553695,SUPERadonai,2026-04-04 10:25:38,0.20,1,trumpadonai
1465,15511713,Niranjan Nakkala,2026-06-11 06:16:35,0.20,1,niranjanmudhiraj
1466,15562510,Roua,2026-04-18 14:18:16,0.20,8,roua91
1467,16326571,Gabteni Mouhamed,2026-06-24 23:54:22,0.20,7,gabtenimouhamed
1468,16072837,Carol Wang,2026-05-26 06:00:46,0.20,3,"ilanwang,suethe"
1469,15621389,Zhang Songxin,2026-04-15 10:17:29,0.20,1,zhangsongxin
1470,16434582,Gladstone025,2026-06-30 11:28:23,0.20,1,pierreterrier
1471,15624428,Erfan Mirhosseini,2026-04-29 19:26:52,0.20,4,erfanmirhosseini
1472,15558367,Pushkar Ambastha,2026-04-09 15:40:22,0.20,2,pushkar007
1473,16230150,Ailurophile,2026-06-04 17:01:10,0.20,1,veeralakrishna
1474,15614488,KARANAMMADHAVARAO,2026-06-19 15:39:18,0.20,3,karanam12345
1475,16425878,Hyun-woo Kim,2026-06-24 07:25:21,0.20,1,hwkims
1476,15785821,Harmony Guercio,2026-04-29 19:18:50,0.20,1,harmonyguercio
1477,16449800,JH,2026-07-14 00:01:20,0.20,2,jaehyukhyun
1478,16216379,Kawchar Husain,2026-06-06 16:16:04,0.20,2,kawchar85
1479,15550054,[Deleted] f6652baa-7a8b-4888-98a1-e6bcc1a2d4d2,2026-04-24 06:27:28,0.20,20,del=42419dd56391ecc7
1480,16368018,Sohangkumar Patel,2026-08-14 04:50:06,0.20,2,samsamurai
1481,16129415,natema,2026-05-31 16:05:16,0.20,1,natema
1482,16052392,cyberia,2026-05-22 21:39:35,0.20,1,cyberia
1483,15833277,Noritake Kodama,2026-05-06 05:57:11,0.20,2,noritakekodama
1484,15570805,[Deleted] d1b4272c-c441-4c8a-ae29-693b84c040dd,2026-04-20 11:57:28,0.20,2,del=47107fb6b7d3ce01
1485,16640872,MinjeKang,2026-08-14 13:30:43,0.20,9,minjek
1486,15564282,Sankalp,2026-04-08 04:01:10,0.20,3,sankalp
1487,16275525,bullycat9,2026-06-12 17:45:35,0.19,3,bullycat9
1488,15874708,TrDung22,2026-05-28 07:39:35,0.19,9,trdung22
1489,16471124,Paul720810,2026-08-08 01:01:12,0.19,35,paul720810
1490,16410825,Myckel Uribe,2026-07-10 00:17:03,0.19,2,myckeluribe
1491,15518771,Bridgeport,2026-04-28 17:27:37,0.19,4,bridgeport
1492,16203912,Founry,2026-06-15 04:13:31,0.19,8,"algema,lundypang"
1493,16142510,gagaga tgaga,2026-06-14 00:40:38,0.19,5,gagagagagt
1494,16121579,Samuel Matsuo Harris,2026-05-30 19:11:42,0.19,1,samuelmatsuoharris
1495,15487566,Mohamed Roshdy,2026-03-29 10:14:24,0.19,2,mohamedwez
1496,16116426,abdelwaheb miled,2026-06-15 08:27:55,0.19,1,amiled19
1497,15489134,Xiaolei Lian,2026-06-24 10:46:52,0.19,6,xiaoleilian
1498,15530786,Felipe Cataneo,2026-04-30 09:07:41,0.19,5,felipecataneo
1499,15757849,zhaozilong,2026-08-13 15:05:39,0.19,3,zzl0112
1500,16417581,Gary Kump,2026-08-16 04:19:56,0.19,20,garykump
1501,15487654,MarkDjadchenko,2026-07-29 16:45:35,0.19,1,markdjadchenko
1502,16302337,MariusMyburg,2026-06-16 00:21:12,0.19,5,mariusm
1503,15487905,ISAKA Tsuyoshi,2026-04-20 07:54:26,0.19,2,isakatsuyoshi
1504,15491330,horsepurve,2026-03-30 06:39:44,0.19,3,horsepurve
1505,15842248,Roger Terrazas,2026-05-04 03:50:24,0.19,1,rogaterr
1506,15658341,Kesav sivakumar,2026-06-15 14:43:46,0.19,1,"deepakrajd,kesavsivakumar"
1507,15495860,Andrei Trandafira,2026-06-30 23:56:29,0.19,1,andreitrandafira
1508,16652233,Amit Kumar,2026-08-06 05:14:24,0.19,3,anmitkumar
1509,15643154,chrv,2026-08-12 05:11:34,0.19,1,chrv23
1510,15833315,Hyun,2026-05-19 03:41:03,0.19,3,kimhyeonwook3465
1511,16442450,LosiSt,2026-06-29 01:11:25,0.19,3,losist
1512,16490760,Jokrasa,2026-07-19 02:43:17,0.19,3,jonaskreutz
1513,16402421,rinov321,2026-06-24 00:01:09,0.19,4,rinov321
1514,15841747,Divij Chawla,2026-05-23 07:03:51,0.19,6,divijchawla7
1515,15884233,Chayon Kumar Das,2026-06-21 16:18:33,0.19,2,chayondas
1516,15758188,Dimas Pasha Akrilian,2026-04-30 03:32:28,0.19,2,dimaspashaakrilian
1517,15786670,Onur Fidaner,2026-05-12 00:47:29,0.19,3,ofidaner
1518,16317943,Eslam Elzamkan,2026-06-20 00:11:59,0.19,3,eslamelzamkan
1519,15940726,juandag97,2026-06-01 01:03:43,0.19,3,juandag97
1520,15497542,Cosmin Budeanu,2026-08-18 08:20:21,0.19,10,cosmicbe
1521,16673674,Samuel Sundararaman ,2026-08-06 22:28:37,0.19,1,neopok919
1522,15562229,ÆR3iS,2026-05-22 16:35:15,0.19,11,aer3is
1523,16344652,Rimsha Kanwal,2026-07-18 18:51:26,0.19,2,rimsha234
1524,16096168,Bhavya Dhingra,2026-05-31 23:32:33,0.19,2,"bhavyadhingra00020,frostnt"
1525,15572042,C R Suthikshn Kumar,2026-04-07 15:21:07,0.19,1,crsuthikshnkumar
1526,15493210,Valentin Kalinin,2026-07-24 16:49:27,0.19,1,tdesc88
1527,15556097,Bensalah Yassine,2026-04-14 00:12:58,0.19,5,bensalahyassine213
1528,15537133,gugugaga,2026-05-15 00:19:53,0.19,13,mori42
1529,15871316,biubiubiu~,2026-05-06 06:42:19,0.19,1,mengvision
1530,15504821,Precious Mansaray,2026-04-28 01:58:47,0.19,1,preciousmansaray
1531,16065765,Chinaza Okereke,2026-05-25 02:53:40,0.19,2,chinazaokereke
1532,16687494,HopeToDie,2026-08-13 16:50:06,0.18,3,omerozb
1533,15785875,Sujan Adhikari,2026-04-29 19:12:25,0.18,1,sujanadh07
1534,15543832,Elohabci,2026-04-03 04:19:10,0.18,1,temizkan
1535,15598423,taoti_orange,2026-05-19 14:43:41,0.18,2,taotiorange
1536,15603600,RITTWIK BHOWMICK,2026-05-06 04:24:35,0.18,3,rittwikbhowmick
1537,15581162,Vedic Mukherjee,2026-04-09 03:05:30,0.18,1,vedicmukherjee
1538,16605137,Pchan,2026-07-27 16:30:51,0.18,1,"kokonokatoka,pchan1111"
1539,16285919,aotiandragon,2026-06-12 03:14:41,0.18,2,aotiandragon
1540,16035800,Yummna aljasem,2026-05-20 18:21:28,0.18,1,yummnaaljasem
1541,16187519,Kole Vamsi Krishna,2026-06-17 05:45:18,0.18,5,kolevamsikrishna
1542,16716178,Inform Lai,2026-08-14 01:34:17,0.18,1,informlai
1543,15744055,dongzishuo111,2026-05-27 04:46:00,0.18,16,dongzishuo111
1544,16440729,William Hau,2026-06-27 00:15:18,0.18,1,williamhau
1545,16485366,Rishidar D,2026-07-12 03:43:18,0.18,1,rishidard
1546,16406590,felly10,2026-07-17 18:39:29,0.18,1,felly10
1547,16202759,магистр клоунов,2026-06-05 14:38:20,0.18,2,switchfeed
1548,16394961,Maksim Silchenko,2026-06-23 00:02:02,0.18,5,maksimsilchenko
1549,16512747,Troy-EVO,2026-07-20 07:15:55,0.18,1,troyevo
1550,16457997,Linbo Hui,2026-08-16 00:02:59,0.18,2,huilinbo
1551,15975054,Vivek Pandey,2026-05-21 02:52:28,0.18,1,thevivekpandey
1552,15531211,Varstern 6037,2026-04-30 14:26:16,0.18,7,"shiyuhe25,varstern6037"
1553,16398268,jacksongsong,2026-08-08 03:32:56,0.18,5,jacksongsong
1554,16471898,Editor Jugnu AI,2026-07-14 04:51:22,0.18,2,editorjugnuai
1555,16053668,Restu Anggoro Kasih,2026-06-06 18:52:56,0.18,1,restuanggorokasih
1556,16306368,firefly2006,2026-06-27 14:46:34,0.18,1,firefly2006
1557,16358057,Alubokho Ashioya,2026-06-16 09:38:04,0.18,1,ashioya
1558,15492079,nxank4,2026-03-31 13:44:12,0.18,4,anmatngu
1559,16369373,sierra1.0,2026-07-21 15:43:40,0.18,2,"na18b032,nihalshahpeediackal"
1560,16322216,Tamim,2026-06-17 05:38:19,0.18,1,tamim03
1561,15513943,Abdul Raheem,2026-05-07 08:04:39,0.18,17,abdulraheem09
1562,16090768,Zhouhy,2026-06-01 03:56:26,0.18,4,bhzhouhy
1563,15785858,Sanskar Adhikari,2026-04-29 19:11:09,0.18,1,snskr30
1564,16025623,Toot Toot Engineering,2026-06-24 00:01:35,0.18,25,"danxray,gregblacketter"
1565,15876693,Nam Phan Van Hai,2026-05-27 04:39:33,0.18,3,namphanvanhai
1566,15567988,Joseph Xiao,2026-04-15 02:04:00,0.18,2,joxiao
1567,16496076,Jeffrey Haines,2026-07-23 14:32:36,0.18,7,jeffreyhaines
1568,15496866,jacekwl,2026-03-27 11:45:57,0.17,1,jacekwl
1569,15504427,Adam Snodgrass,2026-03-31 04:54:45,0.17,1,overra
1570,16269220,KawaiiSelphine,2026-06-09 09:30:01,0.17,1,kawaiiselphine
1571,16244970,Praveen Ponnugupati,2026-06-05 20:31:21,0.17,1,praveenponnugupati
1572,16410850,Thiago Cunha,2026-07-27 21:23:47,0.17,7,thiagobcunha
1573,15493932,CHRISTOPHER CRILLY,2026-05-15 11:30:46,0.17,12,christophercrilly
1574,15539411,LORD DREGS,2026-06-26 14:48:32,0.17,3,lorddregs
1575,16677724,Tom Jeong,2026-08-10 04:22:48,0.17,3,tomjeongmts
1576,16593868,chutianqiu,2026-08-14 18:09:39,0.17,2,chutianqiu
1577,15713159,Francis Banda,2026-04-23 12:14:12,0.17,1,francisbanda
1578,16299477,Mao Mao,2026-06-16 13:11:49,0.17,1,maomaoai
1579,15999227,swordsman,2026-05-18 07:50:16,0.17,1,liuyanfeng
1580,15545843,Jacco Jurg,2026-06-14 11:46:07,0.17,1,jaccojurg
1581,15786171,ringusTheImp,2026-04-29 20:00:42,0.17,1,ringustheimp
1582,15985612,kara,2026-05-15 14:12:36,0.17,1,drchenb
1583,15571858,chaojiwudiwujie,2026-04-08 00:56:09,0.17,2,chaojiwudiwujie
1584,16449495,Philosophy Inclined,2026-07-02 06:22:39,0.17,1,"adrianradillo,mozhaq"
1585,16059743,soul,2026-05-24 13:45:15,0.17,1,soul80
1586,16016593,David Mensah-Gbekor,2026-06-13 20:21:36,0.17,4,ravdave
1587,16434918,Murat,2026-07-05 10:41:02,0.17,1,kaggleuserr2
1588,16307909,Eigen 4D,2026-06-27 07:04:24,0.17,11,"patsornsangkloy,wittawatj"
1589,15839799,Abdullah Fasih,2026-05-04 17:33:00,0.17,2,abdullahfasih
1590,16076068,IamDiganta.7,2026-05-26 02:45:13,0.17,2,iamdiganta7
1591,16456352,AlbertZhaoYB,2026-06-30 04:58:38,0.17,1,albertzhaoyb
1592,15653751,fle3n,2026-06-11 00:00:03,0.17,3,fleongg
1593,15510778,Claudia Barbie,2026-04-09 20:31:25,0.17,5,clabarb
1594,16586110,emirhan_32,2026-07-25 08:14:05,0.17,3,emirhan3223
1595,15552972,Knight,2026-05-09 15:19:55,0.17,1,dreamer4
1596,16227203,Vuttinun,2026-06-04 17:00:10,0.17,1,vuttinun
1597,16705503,Kevin Li,2026-08-17 05:47:35,0.17,3,kevinli82
1598,16381569,Kazumi Sakamoto,2026-06-17 12:55:54,0.17,1,maehwa
1599,15488241,charyeezy,2026-08-17 17:11:37,0.17,8,charyeezy
1600,15497682,jorge fabian avila,2026-04-12 22:32:00,0.17,2,jorgefabianavila
1601,15498109,Helik Thacker,2026-04-14 13:43:18,0.17,3,hellhacker
1602,15628929,WAMYA,2026-04-20 08:47:01,0.17,4,wangmyang
1603,15493061,Panos,2026-04-14 08:04:29,0.17,3,panosc
1604,15544125,Vldmr338,2026-04-03 06:29:24,0.17,1,vldmr338
1605,15511689,Andy Penrose,2026-04-14 17:55:44,0.17,3,andypenrose
1606,15672847,Shreyas,2026-05-28 13:06:34,0.17,12,shreyasvathul
1607,16412819,史永刚,2026-06-30 02:46:10,0.17,2,shizehao
1608,16435464,Hans Simmons,2026-07-28 23:21:01,0.17,7,hansleestahl
1609,15970468,Vladimir Yakunin,2026-08-14 01:28:16,0.17,45,vladimiryakunin
1610,16589625,King-damon,2026-08-07 07:03:41,0.17,5,kingdamon
1611,16571708,Lliama,2026-08-07 23:54:59,0.17,6,lliama
1612,15488310,xCalibrr,2026-08-04 03:01:40,0.17,5,pranshubahadur
1613,16662291,MiguelS,2026-08-15 18:47:39,0.17,9,lordm758
1614,16555916,Rizal Dicky,2026-08-17 13:03:56,0.17,10,rizaldicky
1615,16634633,Akanbi Oluwajuwon Mayomi,2026-08-15 02:55:39,0.17,12,akanom
1616,16397179,ARCAINION PRIME,2026-08-13 08:57:09,0.17,6,arcainionprime
1617,16545242,Alex Oranov,2026-07-14 18:32:10,0.17,1,aoranov
1618,15500046,Tingjia InFuture,2026-04-01 05:39:33,0.17,4,tingjiainfuture
1619,15510271,Shiv Satyam,2026-06-12 13:17:31,0.17,3,shivsatyam
1620,15490618,Skye Loitz,2026-07-24 14:35:03,0.17,17,skyeloitz
1621,15543825,taojiekai,2026-04-08 11:35:33,0.17,3,taojiekai
1622,15548118,George yazaji222299 ,2026-04-05 08:41:29,0.17,3,georgeyazaji222299
1623,16546687,Gopi,2026-08-04 00:03:14,0.17,4,gopigogineni
1624,15488458,OmniOne,2026-08-18 11:26:52,0.17,4,MultiEgo
1625,16441640,UncleBumblebeer,2026-07-17 22:35:12,0.17,13,unclebumblebeer
1626,15558515,Ameya Srivastava,2026-05-19 06:03:08,0.17,1,ameyasr1308
1627,16685068,Youssef EL MSIYAH,2026-08-07 13:06:47,0.17,1,youssefelmsiyah
1628,15563039,Yidhar,2026-04-15 00:04:08,0.17,4,yidhar
1629,16616531,Chengyu Huang,2026-07-30 02:25:21,0.17,1,johnsonice
1630,16360163,TestingAccount67,2026-08-13 00:02:22,0.17,9,testingaccount67
1631,16098385,HAOHAN WU,2026-06-02 03:31:16,0.17,5,zawdcxsw
1632,16540282,kangqinyao,2026-07-14 01:47:19,0.16,2,kangqinyao
1633,15671470,Baran Dindar,2026-05-13 13:45:05,0.16,10,barandindar
1634,16548253,Zhanpeng.W,2026-07-31 04:18:30,0.16,4,zhanpengw
1635,16553194,Unicorn,2026-07-28 00:13:57,0.16,5,scutxuanyu
1636,16031015,Andrea Bonomi,2026-06-15 13:43:37,0.16,5,andreabonomi
1637,15981400,Sai Aaron,2026-05-15 11:42:18,0.16,1,saiaaron
1638,16085020,smallrole,2026-05-27 02:56:46,0.16,1,smallrole
1639,15488812,Minal kharat123,2026-07-31 22:26:16,0.16,12,minalkharat123
1640,16255254,TTConsulting,2026-06-16 13:22:51,0.16,6,ttconsulting
1641,16709282,Saikot Das,2026-08-12 05:41:58,0.16,1,saikotse
1642,15523045,Pranav Malhotra,2026-04-19 18:08:35,0.16,7,pranav9874
1643,15664415,koppen9029,2026-04-24 04:23:07,0.16,3,koppen9029
1644,15493534,Addicted Tribes,2026-04-04 05:22:18,0.16,8,"anhlquctrn,haaminh"
1645,16560614,Eishaan Khatri,2026-07-17 18:37:02,0.16,1,eishaankhatri
1646,16713778,Abi_e,2026-08-16 11:58:54,0.16,5,abidjacquelineanadi
1647,15595273,The Spectral Shaman,2026-04-13 06:45:55,0.16,2,ryancardwell
1648,16238336,Abdulhamid Sonaike,2026-06-07 06:45:45,0.16,3,abdulhamidsonaike
1649,16393610,Arashi133,2026-06-19 09:00:09,0.16,1,arashi133
1650,16256846,Ricky #2,2026-06-12 00:09:03,0.16,4,rickyds97
1651,16451496,Ritchel Akwali,2026-07-16 12:50:50,0.16,5,ritchelakwali
1652,16250468,Rupesh Kumar,2026-06-08 14:17:05,0.16,3,rupeshrk3
1653,16396847,SAITEJA DASARI,2026-06-21 03:09:39,0.16,3,saitejadasari129
1654,16552727,Dylon Tsai,2026-07-20 08:07:11,0.16,1,dylonwilliam
1655,15487374,Taha Kaya,2026-08-05 05:39:16,0.16,5,tahakaya1
1656,16511370,kelin hf,2026-07-28 07:26:45,0.16,1,kelinhf
1657,16632050,HyperARC,2026-08-16 06:20:48,0.16,8,shadowell888
1658,16508568,Thomas Stausberg,2026-08-16 06:16:11,0.16,10,tstausberg
1659,16475295,JosephMontana,2026-07-14 00:17:06,0.16,6,josephmontana
1660,15577570,Umeshkumar Pal,2026-04-10 17:48:05,0.16,1,umeshkumarpal
1661,16508577,betülay Kaba,2026-07-19 06:29:45,0.16,6,betlaykaba
1662,16500409,anteater,2026-07-25 10:42:57,0.16,9,"chaehyunlim2,roha2i"
1663,16405186,Vanya SSS,2026-07-05 11:53:45,0.16,5,vvv228
1664,15518450,Kuldeep Mishra,2026-04-03 05:49:02,0.16,1,kmish980
1665,16456154,Juan Lavieri Goiri,2026-07-01 01:18:29,0.16,2,juanlavierigoiri
1666,16728559,jiaqi zhu,2026-08-17 03:23:11,0.16,2,user82699026
1667,15487138,Ravikash Gupta,2026-03-27 02:31:56,0.16,2,ravikaash
1668,15499023,Prashant Kikani,2026-03-27 03:14:56,0.16,1,prashantkikani
1669,15488002,Nick Vecchioni,2026-04-04 07:28:18,0.16,7,nickvecchioni
1670,16439746,zhengmiao95,2026-06-30 23:31:58,0.16,3,zhengmiao95
1671,16630430,Aleks Lviv,2026-08-17 16:33:16,0.15,1,alekslviv
1672,16048884,Luca Beridze,2026-06-17 17:25:12,0.15,2,lucakrahe
1673,16112223,cwxcai,2026-05-29 16:46:25,0.15,1,cwxcai
1674,16721902,Tom.,2026-08-14 11:38:56,0.15,1,tikutiku
1675,15487633,Ritwika Kancharla,2026-03-26 02:56:57,0.15,1,ritwikakancharla
1676,16189442,Takahashi,2026-06-05 01:20:44,0.15,2,tea0925ds
1677,16268040,galaxy2025,2026-06-09 01:07:09,0.15,2,galaxy2025
1678,16300366,Galkin Danil,2026-06-11 11:16:29,0.15,1,galkindanil
1679,15486930,Nischay Dhankhar,2026-04-02 04:20:59,0.15,2,nischaydnk
1680,15529608,Sergei Miller,2026-04-01 15:07:42,0.15,1,sergmiller
1681,15989666,fxhrer,2026-05-19 02:18:38,0.15,1,fxhrer
1682,15491980,Nguyễn Giáp,2026-03-27 01:24:02,0.15,2,nguyngip
1683,16245190,eggsyyyy,2026-06-15 06:09:11,0.15,5,eggsyyyy
1684,16160900,RenitaX,2026-06-15 08:47:08,0.15,5,renitax
1685,15740169,Chandu Chitikam,2026-08-12 05:14:48,0.15,8,chanduchitikam
1686,16702809,raikhan,2026-08-11 20:12:41,0.15,2,raikhan17
1687,16370398,Muhammad Ahsan Talal,2026-07-07 14:52:34,0.15,5,muhammadahsantalal
1688,15830034,Ziaul Hasan,2026-05-24 11:32:31,0.15,3,mzhasan00
1689,15527110,Neha Yadav,2026-04-02 12:22:56,0.15,1,yadavneha5001
1690,16479655,Raiyana Rufaida,2026-07-04 10:38:53,0.15,2,shes1r
1691,16368853,Simon Peter Makobi,2026-06-24 05:52:39,0.15,5,simonpetermakobi
1692,16211260,mdashraful16,2026-06-22 02:31:08,0.15,11,mdashraful16
1693,16590463,weizhou liu,2026-07-26 01:23:21,0.15,4,weizhouliu
1694,15643066,Sơn Nguyễn,2026-04-23 21:46:16,0.15,2,sonnguyen10
1695,16591270,Yansı Evre Yüksel,2026-07-29 10:51:41,0.15,3,yanevyuk
1696,16397318,[Deleted] 0175b662-161d-4ca5-8a06-00bdc5fe0218,2026-07-17 04:50:04,0.15,5,del=c96551b45189e94a
1697,15500752,Kiran Vitly,2026-06-27 06:48:27,0.15,2,kiranvitly
1698,16555984,Jeffery Jerome Harris,2026-07-27 18:27:25,0.15,5,jefferyjeromeharris
1699,16331029,JawaZero,2026-07-02 04:07:55,0.15,7,therealjabaadams
1700,16603574,Paul L,2026-07-27 02:46:55,0.15,1,paull274996
1701,16378658,tokawa2997,2026-06-18 03:38:48,0.15,2,tokawa2997
1702,15916571,wood_zhao,2026-05-17 00:00:31,0.15,3,catenterzhao
1703,15619262,Deenadayalan Kuravar,2026-06-23 11:33:23,0.15,1,deenadayalandms
1704,16374287,404 Not Found,2026-07-04 09:24:15,0.15,13,"gayathrirajeev77,nishanthrajandev"
1705,16473273,Motohiro Okaya,2026-07-04 04:43:42,0.15,3,moroqq82
1706,16357275,Unbrowse AI,2026-07-03 00:46:05,0.15,8,lewistham
1707,16311216,Andro Faryna,2026-06-12 14:18:49,0.15,1,androfaryna
1708,16564841,Jaydon J P,2026-07-19 11:52:40,0.15,2,jaydonjp
1709,16414311,ruuu,2026-07-12 13:46:26,0.15,5,kyoichiroyanada
1710,16002691,Hiroshi Murakami,2026-05-24 11:05:44,0.15,2,pirozhiki
1711,16670844,Vera Σ¹ - DI,2026-08-10 06:05:32,0.15,3,"dreaddevelopment,seanornberg"
1712,15495033,ARC winners,2026-05-17 22:28:00,0.15,10,"samitmyaka,srihaasakaryampudi"
1713,15575636,kura19,2026-04-14 00:42:07,0.15,1,kura19
1714,16301142,Ryan Barrett,2026-06-11 12:48:06,0.15,1,agifrfr
1715,16368639,Steven #2,2026-06-16 01:58:02,0.15,1,stevenpp
1716,16278637,Pietro,2026-06-11 09:25:26,0.15,2,pietro002
1717,15908291,yanghong2025,2026-06-29 02:17:21,0.15,16,yanghong2025
1718,16303976,Daniel Cecim,2026-06-18 09:50:32,0.15,5,danielcecim
1719,15601261,Yurii Liashchuk,2026-04-13 15:51:30,0.15,1,yuralia88
1720,16530767,Alexsandro135jg,2026-07-12 01:59:59,0.15,2,alexsandro135jg
1721,16716223,jason87216,2026-08-14 02:43:18,0.15,2,jason87216
1722,15519082,Akmal Azzam o'g'li,2026-04-10 17:03:25,0.15,10,akmalmir
1723,16716126,BessHsu,2026-08-14 01:30:07,0.15,1,besshsu
1724,15526904,EastonB,2026-04-15 06:36:36,0.15,3,eastonb
1725,15881965,JEP,2026-06-02 01:10:32,0.15,9,jaeeon2020
1726,16101972,Andy Barta,2026-05-28 18:09:12,0.15,1,andybarta
1727,15494415,Sabreen Elkamash,2026-06-06 06:57:50,0.15,14,sabreenelkamash
1728,16254867,Peng Wang,2026-06-08 04:36:49,0.15,1,pengwang91
1729,16411245,huang akai,2026-08-16 12:00:48,0.15,4,huangakai
1730,16415172,jangjunmin,2026-06-22 15:51:21,0.15,1,jangjunmin
1731,16271667,snailst21 dr,2026-06-24 06:27:05,0.15,2,snailst21dr
1732,15734432,Dexter,2026-08-04 16:11:39,0.15,3,dexterawoyemi
1733,16463140,xcadet,2026-07-02 01:30:39,0.15,1,xcadet
1734,16614927,Kanwar Sekhon,2026-07-29 20:20:07,0.15,1,kanwarmehtabsekhon
1735,16614658,zaheer abbas,2026-07-31 14:20:28,0.15,1,zaheerabbasorakzai
1736,16643024,DY0123,2026-08-03 00:37:18,0.15,1,dy0123
1737,16719242,yulenchen,2026-08-14 01:33:33,0.15,1,yulenchen
1738,16725192,Masataka Suzuki,2026-08-17 04:48:51,0.15,2,masatakasuzuki
1739,15654070,Greg Kamradt,2026-06-16 15:52:31,0.15,8,gregkamradt
1740,16108111,Willwinma,2026-05-29 08:04:26,0.15,1,"jingmikun,jinkunhu"
1741,16553009,nijigasaki,2026-07-16 04:34:14,0.15,1,nijigasaki
1742,15539198,ModelNaut,2026-04-03 07:12:36,0.15,2,modelnaut
1743,15486876,PIXMELT,2026-03-26 10:22:27,0.15,1,pixmeltpro
1744,16368161,Nandu Ari,2026-06-20 21:35:14,0.14,2,nanduari
1745,15680357,Andre Ruiz Loera,2026-05-28 02:36:19,0.14,2,andreruizloera
1746,16661652,zhhong6662,2026-08-07 00:09:41,0.14,2,zhhong6662
1747,16560191,Wang X.Y.,2026-07-21 13:27:00,0.14,4,xiangyangwang
1748,15579854,BirdyLiu1023647,2026-06-25 12:19:42,0.14,2,birdyliu1023647
1749,15901663,Purple Slurpees,2026-05-13 14:39:39,0.14,2,purpleslurpees
1750,15859982,SoraDaCroi,2026-05-10 17:00:50,0.14,3,soradacroi
1751,15486691,Pramod Chilakalapudi,2026-04-01 15:08:40,0.14,2,pramodchilakalapudi
1752,15843647,Mauricio Maroto,2026-05-13 02:49:20,0.14,1,maulberto3
1753,16095200,Derek Earnhart,2026-07-06 22:34:24,0.14,4,derekearnhart
1754,15488070,ASetiawan,2026-05-06 00:27:29,0.14,8,aderiannovito
1755,15501456,reyvan14,2026-03-30 11:36:16,0.14,3,reyvan14
1756,16702755,Cristiano Sacramento,2026-08-18 01:00:45,0.14,3,cristianosacramento
1757,15552950,Adi Kusuma,2026-08-05 00:38:30,0.14,8,adikusum4
1758,16712545,Jay Salvi,2026-08-12 12:58:29,0.14,1,jaysalvi
1759,16197549,Irabala,2026-08-05 06:07:42,0.14,13,irabala1
1760,16482226,Maher el Ouahabi,2026-07-11 01:18:08,0.14,6,maherelouahabi
1761,16599867,sota1111,2026-08-03 14:34:32,0.14,6,sota1111
1762,16704495,Enzo Lherisson,2026-08-15 04:05:13,0.14,3,enzolherisson
1763,16535438,Medalist,2026-08-12 06:55:17,0.14,4,"ks0307,reiyas"
1764,15508050,rsn-opencode,2026-05-17 16:58:35,0.14,2,human01
1765,15513094,Jafar Banar,2026-05-06 17:23:20,0.14,5,jafarbanar
1766,16616763,SGY2512,2026-08-17 14:47:06,0.14,4,sgy2512
1767,16660830,4Solver,2026-08-08 00:02:02,0.14,3,"cristianoesilva,msfbiolinhares"
1768,16376849,Garrett Gecewicz,2026-07-03 05:05:34,0.14,11,garrettgecewicz
1769,15929779,xxarjun,2026-05-15 11:24:08,0.14,3,xxarjun
1770,16278450,Gururaj Shahapurmath,2026-06-16 02:10:46,0.14,2,gururajshahapurmath
1771,16448969,adam555adam7,2026-07-15 09:59:25,0.14,2,adam555adam7
1772,16098220,TomoriKaho,2026-07-18 07:55:03,0.14,2,tomorikaho
1773,15568903,Luke Li,2026-04-07 08:52:15,0.14,1,infgeoax
1774,16608791,Shuhei Kuroiwa,2026-07-28 09:19:04,0.14,1,shuheikuroiwa
1775,15496466,Hassan Abedi,2026-03-26 19:26:52,0.14,1,habedi
1776,16296605,rumbling_b,2026-07-03 10:22:41,0.14,1,rumblingb
1777,16307369,Workiflow,2026-07-10 21:57:43,0.14,2,johnpaultheron
1778,15524800,Hafiz Muhammad Noor,2026-04-08 07:35:29,0.14,1,cmdhmn
1779,15486883,ffurkann,2026-07-22 20:01:39,0.14,11,fuego88
1780,16663749,Antoine Matemane Mahirwe,2026-08-11 01:38:39,0.14,6,antoinemah
1781,16612386,Rms387,2026-08-11 20:15:04,0.13,3,rms387
1782,16390777,Sebastien Andersson,2026-06-20 16:01:53,0.13,1,sebastienandersson
1783,16633894,Wale Bashir,2026-08-01 02:08:37,0.13,1,digitaldrreamer
1784,16463085,Archie Chaudhury,2026-07-06 00:50:17,0.13,5,archiechaudhury
1785,16368157,Shakil Mosharrof,2026-06-30 05:18:51,0.13,7,shakil19
1786,16601941,nk,2026-07-28 23:31:06,0.13,2,nagatakengo
1787,15875274,mathmonkeyliu,2026-05-06 13:32:00,0.13,1,"mathmonkeyliu,opfromthestart"
1788,16718169,Joyal,2026-08-14 10:04:27,0.13,1,joyalseejo
1789,16403849,TVK,2026-06-21 17:28:04,0.13,2,sarrveshwartme25b115
1790,16292156,Amant,2026-06-15 04:21:51,0.13,6,amantk
1791,15548877,Refound,2026-04-03 15:41:44,0.13,1,refound
1792,16420036,aureioo,2026-07-02 01:17:18,0.13,4,aureioo
1793,15615887,Anatolii Kandiuk,2026-05-29 20:46:30,0.13,7,"anatoliikandiuk,danieldan0"
1794,16553124,udi wijaya,2026-07-30 11:58:13,0.13,7,udiwijaya
1795,16443032,Pawit Sahare,2026-08-13 06:25:04,0.13,4,pawitky
1796,16707087,Melokuhle Sikhondze,2026-08-12 14:35:54,0.13,2,melokuhlesikhondze
1797,15609019,cha7ura,2026-05-23 07:07:10,0.13,3,cha7ura
1798,16630701,Justin CH123,2026-07-31 11:56:51,0.13,1,justinch123
1799,16657368,first_one_3322,2026-08-04 06:21:34,0.13,1,firstone3322
1800,15914096,Chengyi Liu,2026-05-18 13:36:33,0.13,3,cliu123456
1801,15771359,srujhans,2026-08-17 20:31:09,0.13,6,srujhans
1802,16684631,Mr6436,2026-08-09 20:39:17,0.13,1,mr6436
1803,16484900,YellwoJune083,2026-07-04 08:07:25,0.13,1,yellwojune083
1804,16719401,nicechun13,2026-08-14 02:55:58,0.13,1,nicechun13
1805,16375201,fyvguys,2026-06-29 00:33:47,0.13,10,nin417
1806,15520762,ArcWolf,2026-04-27 16:15:12,0.13,4,fenrirai
1807,15488866,Dhana Abhiraj,2026-03-29 03:54:46,0.13,1,dhanaabhiraj
1808,16406189,Adrián Pineda Moreno,2026-06-26 10:31:13,0.13,5,adrinpineda
1809,15523526,Muhammad Junaid,2026-04-22 16:04:39,0.13,3,junaid512
1810,15826792,Yixin Wang,2026-05-02 10:00:59,0.13,1,yixinwww
1811,15487368,alba,2026-03-29 10:55:01,0.12,3,itbert
1812,15486975,Suleiman Tawil,2026-06-30 19:04:49,0.12,2,suleimantawil
1813,16585165,zhangyues,2026-07-23 00:00:23,0.12,2,zhangyues
1814,16692708,ManasviSharma,2026-08-10 17:34:00,0.12,1,manasvi821
1815,16577093,yasuhiro hashimoto,2026-07-24 00:06:13,0.12,2,prez18
1816,16065243,bsenst,2026-05-25 08:27:49,0.12,2,bnzn261029
1817,16404236,Ansh Joshii,2026-06-20 20:48:41,0.12,1,anshjoshii
1818,16516860,Ali Mustafa Ali,2026-07-11 16:56:06,0.12,1,alimustafaali
1819,16617680,HE PEIYU,2026-08-12 10:22:26,0.12,5,hepeiyu004
1820,15585056,Alek Lacoustete,2026-04-12 11:19:56,0.12,1,aleklacoustete
1821,15611267,Leobertucci,2026-04-13 20:50:50,0.12,1,leobertucci
1822,15734831,Joshua Heidorn,2026-04-27 02:44:07,0.12,2,joshuaheidorn
1823,16251140,abhilash Manchala,2026-06-12 14:26:47,0.12,3,abhilashmanchala
1824,16722531,Ely2ba,2026-08-18 22:39:03,0.12,3,ely2ba
1825,16318682,Raed Ennab,2026-07-13 04:48:16,0.12,4,raedennab
1826,15989494,Gunal Karthikeyan,2026-05-19 00:42:27,0.12,1,gunalkarthikeyan
1827,16733171,斬る,2026-08-19 00:05:35,0.12,2,"handawang,weiyawang31415926"
1828,16685374,Tirenioluwa_K,2026-08-17 23:22:23,0.12,3,tirenioluwak
1829,15488263,Karen,2026-06-12 02:12:32,0.12,5,karendavis
1830,15487585,Faihaj,2026-03-31 17:19:25,0.12,3,faihaj
1831,15940399,Roy_Wang925,2026-05-20 14:39:34,0.12,5,roywang925
1832,16040367,Ryosuke SHIMIZU,2026-05-23 03:28:06,0.12,3,tttgazerttt
1833,16445777,Nesime,2026-06-28 08:51:43,0.12,1,monkeybox
1834,16419773,霓裳-Museon,2026-07-06 00:46:14,0.12,6,zealchou
1835,16670410,TumblingDice23,2026-08-06 12:54:31,0.12,2,tumblingdice23
1836,16652499,Yiğit Karadağ,2026-08-06 04:49:03,0.12,1,yiitkarada
1837,16570733,PankajGupta73,2026-07-24 01:35:27,0.12,1,pankajgupta73
1838,15752293,Guy Nachshon,2026-04-28 09:51:04,0.12,1,guynachshon
1839,16271923,Ian Blenke,2026-08-11 06:53:28,0.12,7,iancblenke
1840,16688028,Asher Tooley,2026-08-08 00:16:44,0.12,1,ashertooley
1841,15487309,Njabulo Bright,2026-03-29 05:25:52,0.12,4,njabulobright
0,15485225,Random Agent,2026-03-25 00:33:14,0.12,1,
1842,16501274,Samson Enoch,2026-07-08 02:01:03,0.12,2,samsonenoch
1843,16673415,Stijn,2026-08-18 04:32:16,0.12,4,stijnappelmoes
1844,15513411,nadirbekovnadir,2026-04-03 01:03:35,0.12,2,nadirbekovnadir
1845,15685341,Sid Devinen,2026-08-17 06:13:30,0.12,3,siddevinen
1846,16580355,Rick Gillespie,2026-07-21 10:29:44,0.12,1,bliztafree
1847,15636473,whflux,2026-05-12 10:39:38,0.11,6,whflux
1848,15492335,bobdobbob,2026-03-26 07:08:46,0.11,1,bobdobbob
1849,15492420,da_pond,2026-03-26 07:20:03,0.11,1,dapond
1850,15595610,georginio2000,2026-07-20 16:37:59,0.11,4,kouserisgeorgios
1851,16384499,Pranshu Sharma,2026-07-02 18:15:08,0.11,6,pranshusharmaa
1852,15503562,Mattias Nordstrand,2026-04-03 14:02:10,0.11,2,mattiasnordstrand
1853,15602825,ASHWINMSAD,2026-04-16 05:10:03,0.11,4,ashwinmsad
1854,16126100,Mukesh Patil,2026-08-17 05:27:30,0.11,8,speedforceyt
1855,16277881,Saif Bagmaru,2026-06-11 06:56:44,0.11,3,imsaif
1856,16723651,Ehsan Patel,2026-08-16 01:09:35,0.11,2,ehsansp
1857,16506426,i moichchi :sob:,2026-07-09 02:42:03,0.11,2,abdullahshafi2021
1858,15939268,Lucien de Rubempre,2026-05-13 05:32:15,0.11,2,lucienderubempre
1859,15671155,Ravi Makhija,2026-04-26 17:51:17,0.11,2,ravimakhija
1860,16321982,Zhongyuan Zhang,2026-07-05 12:56:39,0.11,1,z1493916656
1861,16025438,zohir benmalek,2026-05-19 16:38:19,0.11,1,zohirmalek
1862,15640764,Sai Shreekar G,2026-05-15 03:27:00,0.11,2,saishreekarg
1863,15493593,waechter,2026-03-26 10:01:16,0.11,1,waechter
1864,16117471,Quetzali Ramírez Guillén,2026-05-31 03:31:13,0.11,2,coystan
1865,15494266,Tharaka Umayanga,2026-03-26 11:33:50,0.11,1,crazyfox001
1866,16733960,Rand Go,2026-08-17 19:36:59,0.11,1,randgo
1867,16249007,BlueFlame202,2026-06-13 19:10:34,0.11,2,aathreyakadambi
1868,16066658,Chia-Han Chen,2026-05-27 02:14:47,0.11,1,chiahanchen
1869,15504373,GanadorPlusUltra,2026-04-04 01:08:02,0.11,4,ganadorplusultra
1870,15495078,Revanth Kodati,2026-03-26 19:10:15,0.11,1,kodatirevanth
1871,16357889,Gopokionel,2026-08-04 05:35:58,0.11,5,gopokionel
1872,15488392,Omar,2026-03-27 00:03:23,0.11,1,omarafik
1873,15584179,Klgv Klgv,2026-04-19 20:08:57,0.11,2,klgvklgv
1874,16458373,Pallavi R,2026-07-15 13:55:50,0.11,2,pallavi1407
1875,16594962,abdallah farouk,2026-07-31 00:34:32,0.11,1,farouk09
1876,16374045,Ethan Liu,2026-06-20 14:47:35,0.11,3,ethanl22
1877,15512002,Tom,2026-03-29 11:38:54,0.11,1,tomokisano
1878,16551372,valentino ray isabell,2026-08-16 09:16:36,0.11,4,valentinorayisabell
1879,15488557,TeamRED,2026-03-27 04:14:08,0.11,2,noproo
1880,16582387,kwonj0815@gmail.com,2026-07-21 16:44:51,0.11,1,kwonj0815gmailcom
1881,15503023,hetul patel,2026-07-18 18:21:59,0.11,3,hetul803
1882,15880333,Ninym06,2026-06-23 10:29:05,0.11,2,ninym06
1883,16716151,Hsu HH,2026-08-14 04:57:25,0.11,2,beatles1823
1884,16716641,Sahasawatt,2026-08-18 02:26:44,0.11,6,sahasawatt
1885,16712506,WENJIE_Wang-dev,2026-08-13 03:13:30,0.11,2,wenjiewangdev
1886,16464853,guochangZhang,2026-07-05 03:18:23,0.10,1,guochangzhang
1887,16244857,Ben Jenkins,2026-06-07 22:03:12,0.10,2,benjenkins96
1888,15573392,Chitranjan Singh,2026-04-22 18:32:50,0.10,1,chitranjansingh
1889,15987797,JowinJ3,2026-08-18 20:58:30,0.10,1,jowinj3
1890,15492306,H. Dewmal ,2026-08-09 17:10:07,0.10,1,dewmalnilanka
1891,15497023,rldoeswork,2026-08-13 01:58:12,0.10,1,maharishiva
1892,16541755,gugugaga!,2026-07-14 04:25:00,0.10,1,ccrcrcr
1893,16655317,Emin Gürbüz,2026-08-08 19:31:09,0.10,4,emingrbz0
1894,15834772,James Wilkins,2026-05-05 06:02:58,0.10,2,jameswilkins
1895,16674972,Noureddine Mohammedi,2026-08-12 11:31:54,0.10,4,noureddinemohammedi
1896,15828349,yang1911,2026-05-04 14:48:34,0.10,1,yang1911
1897,15998556,Kevin Shao,2026-05-27 08:26:54,0.10,2,kevinshao04
1898,16384154,Baris Yazici,2026-06-23 11:50:24,0.10,4,barisyazici30
1899,15573094,Hitchhiker2TheFuture,2026-06-09 01:28:50,0.10,8,hitchhiker2thefuture
1900,16688449,Vicwlau,2026-08-08 05:21:02,0.10,1,vicwlau
1901,16267486,reasonofmoon,2026-06-08 11:11:51,0.10,1,reasonofmoon
1902,15505322,Emiliano Gasparovic,2026-03-28 05:31:07,0.10,1,emilianogasparovic
1903,15499036,Jiwei Liu,2026-03-30 21:37:36,0.10,2,jiweiliu
1904,15509517,somebodyOnKaggle,2026-03-29 00:42:49,0.10,1,somebodyonkaggle
1905,16085896,Paul Joseph,2026-05-31 08:07:38,0.10,1,paultechm
1906,16739889,Ayush Arora,2026-08-19 08:03:41,0.10,1,ayuslharora
1907,16324926,Buzz shocker,2026-06-29 05:54:09,0.10,1,"buzzshocker,lordyashpratap"
1908,15609207,Alexander,2026-04-13 13:30:07,0.10,1,krugex
1909,16266300,zzzzzzrc,2026-06-11 04:23:37,0.10,4,zzzzzzrc
1910,15487355,S,2026-04-02 21:22:29,0.10,3,carlostoppani
1911,15487103,Guanghan Ning,2026-06-19 18:45:08,0.10,5,guanghanning
1912,16430419,loadingAC,2026-06-25 08:31:18,0.10,1,loadingac
1913,15763912,Harry Zhao HY,2026-04-30 02:26:21,0.10,3,harryzhaohy
1914,15539171,GrootX,2026-04-03 21:51:16,0.10,1,grootx
1915,16536460,Cont Gi,2026-07-14 02:31:46,0.10,2,contgi
1916,16716260,Phoenix,2026-08-14 01:33:09,0.10,1,phoenix189
1917,15786837,macleonjinkan@hotmail.com,2026-04-29 22:19:16,0.10,1,macleon
1918,15585605,pkms,2026-06-30 00:04:15,0.10,5,prakamyamishra
1919,16327509,fabio rovai,2026-06-19 08:57:57,0.10,4,fabiorovai
1920,15498286,Hira-X,2026-03-30 23:23:49,0.10,2,abdullahasoliman
1921,16733268,Prometheus,2026-08-18 18:39:16,0.10,1,luisignaciomoreno
1922,16726265,noxdarko,2026-08-15 18:56:08,0.10,1,noxdarko
1923,16676389,Y. Kim,2026-08-19 08:45:50,0.10,3,ywkim22
1924,16627226,JohnBaby,2026-08-02 17:17:04,0.10,1,junzhewong
1925,15536113,IjlalBaig,2026-04-05 16:51:20,0.10,1,ijlalbaig92
1926,16349882,Nikhil Pradhan,2026-08-06 18:58:34,0.10,6,nikhilpradhan1
1927,16444911,JShen,2026-07-04 12:32:37,0.10,1,qjshen
1928,15995392,Hiroyasu Okuno,2026-06-06 01:47:51,0.10,1,hiroyasuokuno
1929,16273359,JinXian Chen,2026-07-16 16:06:45,0.10,6,jinxianchen
1930,16100782,StevenKaseiyo,2026-05-28 13:03:29,0.10,1,stevenkaseiyo
1931,15943261,Raphael Gusmao,2026-05-25 22:49:08,0.10,5,raphaelgusmao
1932,15817057,Erich Bochenek,2026-05-12 10:04:22,0.10,5,erichbochenek
1933,16588811,GameAGI,2026-08-10 06:32:09,0.10,1,"mama5647,voidin,zhangruichen66"
1934,16054431,Tuna Xiao,2026-06-13 09:41:13,0.10,1,tunaxiao
1935,15489968,Haradi Bots,2026-03-27 03:22:10,0.10,2,haradibots
1936,15510259,[Deleted] 148fbb43-b531-4414-91bf-40351a0788aa,2026-03-29 04:06:37,0.09,1,del=358c10d722d32731
1937,16387375,Tanh2405,2026-06-19 07:44:34,0.09,1,tanh2405
1938,15513341,wolf,2026-04-15 00:30:41,0.09,1,naoufelelbachir
1939,16716148,liuhungyi,2026-08-14 00:21:22,0.09,1,liuhungyi
1940,16732429,Raoul Biagioni,2026-08-18 08:40:34,0.09,1,raoulbiagioni
1941,16717152,yesterdays_rebel,2026-08-13 12:09:43,0.09,1,irfanparaniya
1942,15506954,Rafay Shahid0,2026-03-31 02:15:53,0.09,1,rafayshahid0
1943,15708278,Huy Lôi Giang,2026-04-23 09:51:38,0.09,1,huyloi
1944,16561130,DA willowtree,2026-07-17 21:29:39,0.09,1,dawillowtree
1945,15637997,the_coder,2026-07-23 07:27:50,0.09,2,samyukthahr
1946,15863749,don gunning,2026-08-11 19:33:27,0.09,11,dongunning
1947,16559107,Joan Bitutu,2026-07-17 11:27:51,0.09,1,joanbitutu
1948,15785831,Kamal Biswakarma,2026-04-29 21:24:18,0.09,1,kamalbiswakarma
1949,16515996,Chnoor Lee,2026-07-13 06:37:05,0.09,3,chnoorlee
1950,15522177,Arpit Singh,2026-05-20 04:42:35,0.09,5,arpitsingh8809
1951,16468343,SonuYadav889,2026-07-11 16:35:09,0.09,2,sonuyadav889
1952,16417945,Rajshekar,2026-06-23 07:52:30,0.09,1,mtech24m0793
1953,16687920,nabil,2026-08-08 11:47:10,0.09,1,marchworks
1954,16727405,MadarCode,2026-08-18 05:05:14,0.09,2,"mukundrawat,sukulbagai"
1955,16386238,Aditya Singh,2026-06-19 10:44:39,0.09,1,adityasingh157735
1956,15498152,Rohan Dekate,2026-03-27 00:24:40,0.09,1,rohandekate13
1957,15490043,Pranav A,2026-06-27 14:39:32,0.09,1,pranav47
1958,15519101,yanjixiang,2026-04-01 14:55:49,0.09,1,yanjixiang
1959,15528321,Mawra Musawar,2026-06-09 11:47:50,0.09,1,mawramusawwar
1960,15488213,little cat,2026-04-13 06:37:32,0.09,1,tangtang1999
1961,15498108,GrassClass2026,2026-06-13 16:21:44,0.09,1,oxjunhao
1962,16564309,Nadav Lederman,2026-08-02 12:53:40,0.09,4,nadavlederman
1963,16559560,wonofone,2026-08-08 06:50:14,0.09,1,wonofone
1964,15488412,[Deleted] 03f7a0e7-4358-4906-88ed-86eadf91a51c,2026-03-28 00:17:12,0.09,3,del=158dba91f520bef9
1965,15641659,Avery Scott,2026-04-19 19:27:51,0.09,1,solarusblank
1966,15732134,Ryan Ghorbandoost,2026-04-24 18:46:29,0.09,1,ryanghorbandoost
1967,16400248,G4br13l,2026-06-20 08:34:02,0.09,1,g3br13l
1968,15574032,KARLMAC,2026-07-21 14:54:44,0.09,5,karlmac
1969,15492342,Jerome Sieber,2026-06-29 09:06:09,0.09,1,jeromesieber
1970,16379780,Jahir Chowdhury,2026-06-17 09:01:24,0.09,1,jahirchowdhur
1971,16593808,RuiFSPinto,2026-07-28 07:07:04,0.09,5,ruifspinto
1972,16498321,Matthew Childs,2026-07-08 00:01:12,0.09,2,varellium
1973,16475859,Sega Mega,2026-08-01 23:48:15,0.09,4,segamega
1974,16448948,Aur Shalev Merin,2026-07-03 18:10:27,0.09,4,aurshalevmerin
1975,15657134,WilsonFu,2026-05-28 05:12:13,0.09,1,willsonfu
1976,16697953,Macx Vasquez,2026-08-10 02:29:41,0.09,1,macxvasquez
1977,15985403,[Deleted] 2361894e-be69-404a-b6a8-928369b492a0,2026-06-24 00:16:53,0.09,2,del=5900c7ab80aef0b9
1978,15519186,Linda MacPhee-Cobb,2026-03-31 19:47:05,0.09,1,wrinkledtime
1979,16683904,Void_Rune,2026-08-12 13:14:20,0.09,6,voidrune
1980,15668591,Longkun Shi (Candyman),2026-04-25 04:21:39,0.09,3,longkunshicandyman
1981,15807768,shigeria,2026-05-01 05:20:53,0.09,1,shigeria
1982,15756777,Aimar Haddadi,2026-05-31 10:30:46,0.09,2,aimar00
1983,16296118,kobayasi,2026-08-14 01:00:09,0.09,2,boomvector
1984,16006820,pop smoke fan,2026-05-18 12:47:17,0.09,1,bibisorobabydjon
1985,16482397,Matt Mazur,2026-07-03 17:24:38,0.09,1,mhmazur
1986,16333016,PRANAY MANE ,2026-06-28 03:40:11,0.09,7,mpranay53
1987,15491631,Cody Terry,2026-03-27 02:21:20,0.09,2,codyterry
1988,16442486,Positive Quark,2026-07-31 18:58:36,0.09,1,quarkliu
1989,15618050,Elisha777,2026-07-11 07:17:23,0.09,7,elisha777
1990,15496358,Saurabh Dasgupta,2026-07-09 14:15:37,0.09,1,dasgupsa500
1991,16483109,kaixinw6,2026-07-05 16:42:17,0.09,2,kaixinw6
1992,16083613,shotaro sakaguchi,2026-06-13 12:36:35,0.08,2,sakaguti1211
1993,16094088,çağrı okan,2026-06-07 10:52:02,0.08,2,cagrokan
1994,16241510,KunalKakade,2026-06-09 01:27:41,0.08,2,kunal808
1995,16644285,Pedro_Afonso2,2026-08-03 00:14:29,0.08,2,pedroafonso2
1996,16714366,sergiobuilds,2026-08-15 18:54:49,0.08,1,sergiobuilds
1997,15505309,laoshucike,2026-06-14 05:44:41,0.08,2,laoshucike
1998,16274295,Mitotic,2026-06-12 14:51:52,0.08,2,"bytemuneeb,clarkcarter,muzicodes"
1999,16116181,MakiMakiAi,2026-06-21 11:01:52,0.08,1,makimakiai
2000,15657776,ignace mutuza,2026-08-19 02:53:27,0.08,9,ignacemutuza
2001,15488399,ZhiruiLuo,2026-04-03 00:32:09,0.08,1,zhirluo
2002,16715388,LiuChen1350,2026-08-13 03:14:24,0.08,1,liuchen1350
2003,15554719,Hajar Besbassi,2026-04-10 17:04:03,0.08,1,jolizare
2004,15492759,jungwon Eom,2026-03-26 14:23:37,0.08,1,jungwoneom
2005,15496387,Patryk Wolny,2026-08-15 01:31:41,0.08,3,patrykwolny
2006,16638027,Randynho,2026-08-15 19:20:53,0.08,5,randynho
2007,15932596,Matt Davis,2026-05-24 02:02:34,0.08,3,matteius
2008,16613524,yoikoarmor,2026-07-31 23:33:59,0.08,2,yoikoarmor
2009,15626214,Mounika Kalamraju,2026-04-16 02:23:11,0.08,1,mounikakalamraju
2010,16096798,mark zhang,2026-06-01 15:46:50,0.08,1,markdaddy
2011,15643224,Rahul,2026-04-18 09:08:21,0.08,1,rahulatrkm
2012,15497364,Cuda Musume,2026-07-03 16:26:26,0.08,3,"chakrabhuanavdeva,gerryweber"
2013,15699347,Oskar Seweryn,2026-05-08 07:23:06,0.08,2,oskarseweryn
2014,16551905,Vladislav Babichev,2026-07-18 01:16:41,0.08,1,vladislavbabichev
2015,15487386,Evan Pieser,2026-06-19 00:27:57,0.08,3,evanpieser
2016,15492339,せいき,2026-03-29 13:58:56,0.08,2,gzyztc
2017,15517835,pexoML,2026-04-04 09:11:34,0.08,3,pexoml
2018,15836656,Sutee,2026-05-10 08:28:46,0.08,2,lszlst
2019,15985981,YUXIANG0853,2026-05-26 13:27:20,0.08,3,yuxiang0853
2020,16102239,Abhay Gupta,2026-05-28 18:59:18,0.08,1,abhaygupta404
2021,15487749,fnhirwa,2026-06-04 11:30:45,0.08,3,fnhirwa
2022,16157279,Ahmed Sobeih,2026-06-05 02:19:29,0.08,2,ahmedsobeih
2023,16297653,satyamsingh5512,2026-06-15 06:23:52,0.08,4,satyamsingh5512
2024,15841376,Afro AI,2026-06-16 07:22:33,0.08,10,aosanya
2025,16103492,Rubens Sosa,2026-06-28 01:54:27,0.08,4,rubenssosa
2026,16428391,GoodRelax,2026-06-30 12:59:08,0.08,3,goodrelax
2027,15940100,JINGBO SHI,2026-06-30 05:20:47,0.08,1,sherlockucb
2028,16077130,Ghbmaster,2026-07-21 13:13:33,0.08,3,ghbmaster
2029,15549210,Sardor Razikov,2026-08-18 14:47:50,0.08,7,sardorrazikov
2030,16404154,Boh,2026-07-15 18:47:04,0.08,2,bijiumi
2031,16500691,Vyomakesh Dundigalla,2026-07-24 17:41:49,0.08,3,vyomakeshdundigalla
2032,16634065,kuangfeng,2026-08-02 01:08:13,0.08,2,kuangfeng
2033,16693920,Muheng,2026-08-16 09:06:24,0.08,2,muheng
2034,16510962,Adrien Thomas,2026-08-17 00:55:08,0.08,7,adrienthomas
2035,16722258,Nilutpal Pathak,2026-08-14 18:21:15,0.08,1,neel21yt
2036,16268658,kiritohhhhh,2026-06-19 08:58:55,0.08,1,txdyhs
2037,16555623,Kent Takamatsu,2026-07-21 01:15:21,0.08,2,kenttakamatsu
2038,15487928,YERMES AMINE,2026-03-26 21:26:15,0.08,2,yermes
2039,15716261,John Taylor (AI),2026-08-18 21:35:53,0.08,23,johntaylorai
2040,16716052,yosi,2026-08-13 07:19:28,0.08,1,yositw3824
2041,16093040,Qianhao Yao,2026-06-13 11:55:44,0.08,2,yaoqianhao
2042,16086045,Praxis tools,2026-06-10 20:24:40,0.08,1,praxistools
2043,16607916,orangger,2026-07-28 07:18:41,0.08,1,orangger
2044,16714597,Cole Godfrey1,2026-08-13 02:05:25,0.08,1,colegodfrey1
2045,16582867,Lazyman,2026-08-10 02:45:00,0.08,1,lazyman
2046,16530791,Kyles Light,2026-07-11 05:11:23,0.08,1,kyleslight
2047,16292501,Chance Pickett,2026-06-10 21:37:07,0.08,1,chancepickett
2048,16368320,Kyrenic,2026-08-18 03:55:18,0.08,7,kyrenic
2049,15504183,Luka Popovici,2026-03-27 23:39:49,0.08,1,lukapopovici
2050,16671699,sabari nathan,2026-08-08 08:02:10,0.08,3,sabarinathan
2051,16197314,Shubham Veer,2026-06-24 05:29:12,0.07,1,shubhamveer
2052,16422666,Sapiens Livre,2026-06-27 03:17:12,0.07,4,sapienslivre
2053,16703334,frogsilverberryleoi,2026-08-17 19:47:27,0.07,1,frogsilverberryleoi
2054,15930504,addi,2026-05-13 08:16:38,0.07,1,addi11
2055,15708044,[Deleted] a886bc33-8817-4775-a243-50321ef72a07,2026-04-26 19:52:12,0.07,2,del=b331b9c946b1b426
2056,15879401,LucyHe2,2026-05-06 22:27:42,0.07,1,lucyhe2
2057,16144803,MSG_Encrypted,2026-06-07 21:36:48,0.07,3,msghais
2058,16728570,Mimo,2026-08-17 09:40:02,0.07,2,architranjan29
2059,15551669,Mark Coffey,2026-06-15 05:15:14,0.07,1,sasquilly
2060,15528577,kagglewangtang,2026-06-15 06:01:06,0.07,2,kagglewangtang
2061,15501158,Arunkumar dsci,2026-04-15 09:43:16,0.07,2,arunkumardsci
2062,16564803,dongfangdaguo,2026-08-09 08:30:14,0.07,2,dongfangdaguo
2063,15996416,Trung Nghia,2026-08-10 15:19:19,0.07,1,trungnghia
2064,15566888,Arpit Singh Gautam,2026-04-08 21:45:42,0.07,1,arpitsinghgautam
2065,15833254,Poseidon,2026-05-07 23:14:06,0.07,3,posiedon
2066,16554964,clouds111,2026-07-29 07:27:27,0.07,1,clouds111
2067,16016320,Dengyi Liu,2026-05-20 03:20:47,0.07,1,dengyiliu
2068,15494712,Hasnaa Bennis,2026-04-24 15:50:33,0.07,2,hasnaabennis
2069,15655993,LarissaWF,2026-04-22 19:09:34,0.07,1,larissawf
2070,15496361,CheeseMaster,2026-03-26 16:55:43,0.07,1,timissosmart
2071,15889979,devomage,2026-06-19 01:36:51,0.07,8,devomage
2072,16562789,Preet,2026-07-25 18:14:19,0.07,1,hpkaur34
2073,16604162,LC-Swordsmen,2026-08-04 13:42:27,0.07,5,"jackylegends,ztcstudy"
2074,15505169,Deptrais1VN,2026-04-02 09:20:43,0.07,3,shiinehata
2075,16284941,Paul Piper,2026-06-11 11:33:29,0.07,1,paulmpiper
2076,16685812,Abasu,2026-08-10 00:46:23,0.07,2,abasu644
2077,16434341,Al Kibriar Hossain,2026-06-25 17:07:49,0.07,1,iamkhs
2078,16383087,Super Humanoid,2026-06-29 02:59:15,0.07,2,superhumanoid
2079,16143078,petkovacs,2026-06-01 13:10:14,0.07,1,petkovacs
2080,16483350,koyama_ryuji,2026-07-03 21:29:17,0.07,1,koyamaryuji
2081,15660025,arodmor,2026-07-13 18:04:10,0.07,1,arodmor
2082,16578050,ashsah,2026-07-21 02:06:59,0.07,1,ashsah
2083,16294943,Ömer Berkay Sarıgül,2026-06-11 01:52:00,0.07,1,omerberkaysarigul
2084,16729910,Christoffer Thimsen,2026-08-17 06:34:57,0.07,2,lowasitgoes
2085,16208382,weiyi,2026-06-05 01:03:19,0.07,2,txdywy
2086,16610154,Wodo888,2026-08-17 06:05:00,0.07,14,wodo888
2087,16278020,flyingfox,2026-06-27 14:45:47,0.07,1,harrysun2006
2088,16585180,Yuchen Liu,2026-07-25 08:28:46,0.07,2,lyc070510
2089,16593632,Neko Core,2026-07-24 12:24:41,0.06,1,holilihu
2090,16722023,Kevoh Mutwiri,2026-08-18 07:50:44,0.06,3,kevohmutwiri
2091,15542847,code4me2,2026-04-13 21:05:53,0.06,1,code4me2
2092,16724783,KANCHETi Devieswar,2026-08-19 06:48:10,0.06,1,kanchetidevieswar
2093,15984317,Zeref12344321,2026-05-20 19:04:39,0.06,6,zeref12344321
2094,16021260,Kushagra Bhushan,2026-05-19 11:27:26,0.06,1,kushagrabhushan
2095,16706846,Thierry Tuz,2026-08-14 05:16:49,0.06,2,thierrytuz
2096,16574597,c.e hsiao ,2026-07-21 07:44:40,0.06,1,cehsiao
2097,16671409,Thiago Farya,2026-08-10 12:05:18,0.06,2,thiagofarya
2098,16157264,raywu918python,2026-06-04 01:33:14,0.06,3,raywu918python
2099,15951910,Jim Jardine,2026-07-23 00:22:58,0.06,1,jimjardine
2100,16662968,Rangga Figo Hidayat,2026-08-05 07:06:51,0.06,1,aproditzecaspersky
2101,15515989,jessie riggle,2026-07-04 22:44:16,0.06,2,lashagogilidze
2102,15501055,Omar Isbaitan,2026-05-01 14:47:31,0.06,2,omarisbaitan
2103,16599680,Michal Swietek,2026-07-25 20:38:52,0.06,1,michalswietek
2104,15661391,Anna Barbato,2026-05-20 01:05:04,0.06,3,annabarbato
2105,15812600,HomieDaddy,2026-07-02 10:41:32,0.06,8,homiedaddy
2106,15545278,Tra Crew,2026-04-03 08:18:43,0.06,1,tracrew
2107,15546133,roc,2026-04-05 19:01:22,0.06,1,roebius
2108,15493616,STARGA,2026-06-30 12:35:44,0.06,1,cputer
2109,15883359,adhithyan u,2026-05-20 15:52:42,0.06,1,adhithyanu03
2110,16536319,Jiantao Zhao,2026-07-17 13:44:15,0.06,2,gordan123
2111,16595314, simplicity,2026-07-27 21:01:23,0.06,3,simplicity
2112,16677330,fistyee,2026-08-15 04:15:55,0.06,1,fistyee
2113,16640841,tang yangzhou,2026-08-04 01:09:46,0.06,2,tangyangzhou
2114,15702712,Opoch,2026-04-25 12:31:40,0.06,1,dvcoolster
2115,15899313,elmwood,2026-06-25 02:35:19,0.06,2,mmarsh5528
2116,15538912,jmorales,2026-06-11 03:46:41,0.06,8,javiermoralesestevez
2117,16552856,Warren Faassen,2026-07-20 14:13:37,0.06,5,warrenfaassen
2118,15513259,Nicolae Pascal,2026-07-30 07:59:20,0.06,4,nicolaepascal78
2119,16716143,Ianwah,2026-08-14 01:07:59,0.06,1,ianwah
2120,16724287,Shyshca,2026-08-18 18:11:03,0.06,4,shyshca
2121,15491261,Hiyato,2026-03-27 01:21:32,0.06,2,hiyato
2122,15503157,Shreas Labib,2026-03-28 23:20:01,0.06,2,shreaslabib
2123,15487960,Stephen Kaskin,2026-05-25 11:06:21,0.06,6,stephenkaskin
2124,15487036,JeffFosterUK,2026-03-28 18:50:19,0.06,1,jefffosteruk
2125,15516534,OneUpKiwi,2026-04-02 07:35:33,0.06,3,oneupkiwi
2126,15745740,gyindeu,2026-04-30 16:57:39,0.06,2,gyindeu
2127,15663369,Nobel16,2026-05-20 04:07:34,0.06,1,nobel16
2128,15629748,Felix,2026-05-28 05:51:58,0.06,1,accidentalbrain
2129,16233392,Ruirong Feng,2026-07-07 20:14:22,0.06,5,ruirongfeng
2130,15530697,sasaki,2026-07-13 11:41:44,0.06,2,rsasaki
2131,16678230,Holsoul,2026-08-07 05:27:47,0.06,1,holsoul
2132,16032816,David Hartmann,2026-08-16 18:07:04,0.06,21,"dvhrtm,sbrodehl"
2133,16643470,Md. Rifat Al Hassan,2026-08-18 18:27:01,0.06,1,mdrifatalhassan
2134,16532484,Alex Sehdeva,2026-08-19 00:09:04,0.06,32,alexsehdeva
2135,16400723,Vighnesh Deshpande,2026-06-20 08:55:24,0.06,1,deltaproxima
2136,16037188,Aastik Rajan15,2026-05-22 22:41:10,0.06,2,aastikrajan15
2137,16041599,AhmedberaT Ozer,2026-05-21 19:02:53,0.06,1,ahmedberatozer
2138,16538233,dozcat,2026-07-19 05:53:15,0.06,4,dozcat
2139,16698305,Takuma Kojima,2026-08-10 07:23:25,0.06,1,takumakojima
2140,16691339,zhongtian,2026-08-08 14:15:12,0.06,1,kmtbang
0,15485223,Just Explore,2026-03-25 00:34:54,0.06,1,
2141,16690521,Aditya #2,2026-08-09 02:17:10,0.05,1,a0x1ab
2142,15652099,Mohaned Najar,2026-05-07 08:28:32,0.05,6,mohanednajar
2143,15822703,Cheesecake,2026-07-07 02:39:46,0.05,5,chelseaaurel
2144,16675756,enes1359,2026-08-06 16:19:25,0.05,1,enzeceb
2145,16715965,AlanHsu_AI0116,2026-08-18 15:20:47,0.05,4,alanhsuai0116
2146,15494467,Blade Runner,2026-03-27 08:18:32,0.05,1,lonesomefish
2147,16301451,Sarfaraz Ahamed,2026-06-13 13:17:40,0.05,1,sarfarazahamed
2148,15493007,Imaad Fazal,2026-06-29 07:43:07,0.05,1,imaadfazal
2149,15748139,Hunter,2026-05-06 10:34:49,0.05,5,satishhanchinal
2150,16368288,Atom McCree,2026-06-22 12:41:45,0.05,2,atommccree
2151,15506544,Geby Jaff,2026-03-29 07:22:43,0.05,2,gebyjaff
2152,16693306,Hongxin Su,2026-08-09 07:54:33,0.05,1,hongxinsu
2153,16579795,tobeMob,2026-07-23 10:56:06,0.05,1,tobemob
2154,16536163,Team GI,2026-07-14 00:47:10,0.05,1,mortadhaali
2155,15738880,Sean McGee,2026-05-16 00:37:13,0.05,3,seanmcgee2025
2156,16115562,JackLX,2026-06-22 19:13:10,0.05,1,jacklx
2157,15718994,wzk1015,2026-04-23 13:26:45,0.05,1,wzk1015
2158,15495411,Jin Niu,2026-03-26 14:41:32,0.05,1,gufanmingmie
2159,15487848,sigmaborov,2026-03-25 21:33:18,0.05,1,sigmaborov
2160,15509754,Thomas Greissler,2026-03-29 00:22:16,0.05,1,thomasg22202020
2161,16691314,EricYang03,2026-08-09 00:03:00,0.05,2,ericyang03
2162,16377188,ddplay03,2026-06-27 09:15:59,0.05,1,ddplay03
2163,15525344,vividmind,2026-04-09 15:37:06,0.05,1,frozenorb
2164,16682521,Saber #2,2026-08-08 22:59:21,0.05,2,kagurakurage
2165,15625666,Mingeon Kim,2026-04-28 22:03:31,0.05,8,maeng31
2166,15743819,Abd-alrhman,2026-05-29 17:54:18,0.05,2,abdalrhman2212
2167,16740456,Tianyi HE,2026-08-19 07:35:11,0.05,1,uu1002
2168,16713253,bsqaqovo,2026-08-13 01:54:25,0.05,1,bsqaqovo
2169,16448425,Dmytro Rakovskyi,2026-07-18 21:15:40,0.05,3,dmytrorakovskyi
2170,16300602,YUKI OBARA,2026-06-11 16:06:39,0.05,1,yukiobara
2171,16719829,Mohammed Nomaan,2026-08-17 12:28:38,0.05,4,nomaanz
2172,15952276,David Li,2026-05-14 02:30:22,0.05,1,davidli2018
2173,15922138,Santiago D. J. V. G.,2026-06-15 20:31:37,0.05,1,seasthaalores
2174,15990682,pantrucas,2026-05-17 03:14:58,0.05,2,pantrucas
2175,16482651,Roy Lampe,2026-07-05 21:06:21,0.05,1,roylampe
2176,16444597,bohemian3657,2026-06-27 22:23:44,0.04,1,bohemian3657
2177,15971997,Hem Viramgama,2026-05-14 13:45:11,0.04,1,hemviramgama
2178,15660252,Blazooka,2026-05-12 12:34:33,0.04,1,cucurbitaceum
2179,15524360,JunjieZhong,2026-04-02 08:58:27,0.04,1,zephyrchilly
2180,16255768,jakkkc,2026-06-07 05:15:05,0.04,1,jakkkc
2181,15614439,Yogesh Jadhav,2026-08-14 04:44:12,0.04,4,dynamo14324
2182,16729573,oNanachii,2026-08-16 20:20:55,0.04,1,madokaovo
2183,16693067,Chandra Yakkali,2026-08-18 22:01:32,0.04,1,chandrayakkali
2184,15565022,Sterna Lucas,2026-04-26 19:25:16,0.04,1,sternalucas
2185,16705241,Sima Yi,2026-08-19 00:01:26,0.04,3,aceplayer11
2186,16005913,Sheldon Henriques,2026-05-17 20:46:59,0.04,1,sheldonhenriques
2187,16408996,Wu You,2026-06-30 23:58:53,0.04,2,yoevergarden
2188,15504516,Francis Ndirangu,2026-06-30 00:21:22,0.04,2,frankkojee
2189,16212098,Dhirpal Shah,2026-06-04 18:40:44,0.04,1,dhirpalshah
2190,16213573,White Lee,2026-06-04 07:41:10,0.04,1,tokaiteio114514
2191,16716199,ShuShu0401,2026-08-14 05:03:42,0.04,1,shushu0401
2192,16481217,Giulio,2026-07-06 00:17:45,0.04,4,giudo85
2193,16597934,Nehemiah Balozi,2026-07-25 11:17:34,0.04,1,nehemiahbalozi
2194,16055721,spacekkk,2026-06-01 13:38:45,0.04,1,spacekkk
2195,16328524,kalisto theo willaey,2026-06-13 16:39:52,0.03,1,kalistotheowillaey
2196,15946448,HKLucian,2026-05-13 08:38:43,0.03,1,hklucian
2197,16514055,Ollyhhhh,2026-07-10 00:23:49,0.03,1,ollyhhhh
2198,16451672,vinhdq17,2026-06-29 15:05:19,0.03,1,vinhdq17
2199,15912179,Dmitrii Gluzdov,2026-05-24 09:14:21,0.03,1,dmitriigluzdov
2200,15504738,AidenSong123,2026-03-29 01:14:19,0.03,1,aidensong123
2201,16377136,stoneworld,2026-07-01 00:01:20,0.03,3,thestarsea
2202,15492601,Raffi Ardhi Naufal,2026-03-29 10:50:34,0.03,1,raffiardhi
2203,15505149,[Deleted] be3f9888-a2cf-43ea-8a87-65c9ec1342ea,2026-03-28 03:45:12,0.03,1,del=6caa06b6f93c8e87
2204,15508153,[Deleted] cfcf3a12-2595-4671-b4a5-b9cf2df743f6,2026-03-28 15:21:24,0.03,1,del=d08a8a2f3da206df
2205,16410539,Toussaint,2026-06-29 14:41:56,0.03,1,captaindadja
2206,16459127,func-nano,2026-06-30 11:55:12,0.03,1,funcnano
2207,16710644,Arnav Mishra #2,2026-08-13 05:18:29,0.03,2,arnavmishra02
2208,16581219,Shreeshail Bhatta,2026-07-28 06:51:45,0.03,1,"jasonl126,shreeshailbhatta"
2209,16678058,2hani2,2026-08-07 06:52:52,0.03,1,venisatellis
2210,15998137,AIOPSAI,2026-05-16 22:14:21,0.03,1,aiopsai
2211,15504774,[Deleted] dc0f7a78-0d32-4f41-9672-f10150e45e5f,2026-03-28 01:25:51,0.03,1,del=59b016eccf073c77
2212,15504870,[Deleted] 8d2f140f-89b5-4525-a951-ca5ff685ea9d,2026-03-28 02:21:26,0.03,1,del=b522e068b119bc0a
2213,16565686,TheGravityZero,2026-07-27 09:28:14,0.03,3,gaptulkhakov
2214,16639552,MD IBRAHIM,2026-08-19 00:31:50,0.03,9,plasmacoder210
2215,15988786,Ilakk manoharan,2026-08-18 14:22:54,0.03,57,ilakkmanoharan
2216,16219405,ultimatum_game,2026-06-08 06:22:02,0.03,1,ultimatumgame
2217,15831308,Abinav Chandar,2026-05-02 18:21:13,0.03,1,abinavchandar
2218,15514828,llllyz,2026-04-21 12:14:38,0.03,1,llllyz
2219,16455238,[Deleted] 3a47646f-6ceb-4a06-95db-7abf478e0f41,2026-06-30 23:47:51,0.03,1,del=6bcd409465dcfd3b
2220,16312438,Biao,2026-06-14 07:58:55,0.03,1,wubiaowindy
2221,15620908,Zafer Liu,2026-04-16 00:11:29,0.03,1,zaferliu
2222,15631522,Ram Janam Yadav,2026-04-16 14:22:22,0.03,1,ramjanamyadav
2223,16716152,JHkaggle2026,2026-08-14 01:26:11,0.02,1,jhkaggle2026
2224,16594698,沼里太誠,2026-07-25 01:52:19,0.02,1,numaritaisei
2225,16021600,Baihua Xie,2026-07-09 01:56:22,0.02,1,baihuaxie1123
2226,16638824,Madhur Shyam Maurya,2026-08-18 03:07:32,0.02,1,madhurmaurya
2227,15900482,Mianhua07,2026-05-18 20:57:45,0.02,1,mianhua07
2228,16730229,Amr Khaled Elkhamisy,2026-08-17 01:55:06,0.02,1,amrkhaledelkhamisy
2229,15610959,Volkan,2026-04-13 19:27:03,0.02,1,volkan97
2230,15773495,163231040-A2-MOCH. SHULTAN ALI S,2026-04-29 02:16:21,0.02,1,mochshultanalis
2231,16620515,Paulo Abelha,2026-08-09 23:52:58,0.02,6,pauloabelha
2232,16638255,Kushvinth Madhavan,2026-08-01 16:33:09,0.02,1,kushvinthmadhavan
2233,16683943,Sana Ben Driss,2026-08-07 09:57:51,0.02,1,sanabdriss
2234,16735062,Marcelo,2026-08-19 04:14:28,0.02,2,marcelomata
2235,16396357,Maryam Tahir,2026-07-04 03:28:28,0.02,2,maryamtahir09
2236,16714119,LiuZiyang1016,2026-08-18 13:55:12,0.02,1,liuziyang1016
2237,16369711,Rounak Mukherjee,2026-07-08 06:13:13,0.02,2,zade799
2238,16308848,Longfei Xing,2026-06-18 02:15:36,0.02,6,longfeix
2239,15904549,abcd,2026-06-17 06:06:18,0.02,1,tbmoon
2240,16483802,Zen dovid,2026-07-05 22:58:28,0.02,1,zendovid
2241,16326499,ershan23,2026-06-13 12:52:34,0.02,1,ershan23
2242,16046511,Pencil_Boxtime,2026-06-03 12:20:39,0.02,1,pencilboxtime
2243,15836123,Nick Lade,2026-05-03 17:09:14,0.02,1,nicklade
2244,16285734,zzgtylors,2026-07-23 03:18:07,0.02,1,zzgtylors
2245,16453621,chiehchang711,2026-08-11 12:22:23,0.02,1,chiehchang711
2246,16725890,Shel Horta,2026-08-18 15:38:19,0.02,1,shelhorta
2247,16281458,Lucas Lorenzo Savino,2026-06-10 00:00:32,0.02,2,lucaslorenzosavino
2248,16021605,QuchengG,2026-06-01 13:08:09,0.01,4,quchengg
2249,16088164,Rohan Alex Bimal,2026-05-27 03:13:40,0.01,1,rohanalexbimal
2250,16545610,awxlong,2026-08-18 16:13:02,0.01,3,awxlong
2251,15486757,Datrin,2026-03-25 17:55:24,0.01,1,datrin
2252,16228625,bami44,2026-06-08 14:15:19,0.01,1,bami44
2253,16614253,gautik,2026-07-30 09:47:04,0.01,1,crossgg
2254,16034145,Jyzzzzzzzzzz1,2026-05-20 15:34:57,0.01,1,jyzzzzzzzzzz1
2255,15584837,🫎.🍷,2026-04-08 14:34:28,0.01,1,"aweiqih,evelynhxy"
2256,15700798,ziom,2026-06-18 21:59:15,0.01,1,ziombski
2257,16557388,china LZU,2026-07-17 04:26:31,0.01,1,chinalzu
2258,16155138,VillanelleXY,2026-06-02 08:32:51,0.01,1,villanellexy
2259,16051675,Klenio Padilha,2026-06-23 07:09:50,0.01,2,kleniopadilha
2260,16672387,Li Dongyuan,2026-08-06 05:37:57,0.01,1,lidongyuan00
2261,16497933,ni zhengqi,2026-07-07 03:34:21,0.01,1,nizhengi
2262,16561355,Kenny McCormick,2026-07-18 01:54:42,0.01,1,swishy
2263,15520477,Liviu Olos,2026-04-27 03:00:18,0.01,3,liviuolos
2264,16095411,Tuf Kookie,2026-06-12 05:42:33,0.01,2,bernubritz
2265,15759421,Nico Burger,2026-06-12 12:04:45,0.01,1,nicoburger
2266,15523389,rickzai,2026-04-25 00:15:47,0.01,1,rickzai
2267,15522865,mingiJ,2026-04-03 06:53:28,0.01,1,mingij03
2268,16702830,Serguei Makarov,2026-08-19 00:33:21,0.01,4,sergueimakarov
2269,15994024,Sirmos34,2026-05-20 02:24:06,0.01,3,sirmos34
2270,15545397,RODNEY MAWERO,2026-04-03 08:42:19,0.01,1,rodneymawero
2271,15486980,kryptmancer,2026-04-13 08:48:27,0.00,2,aryankafle004
2272,16692755,Shoko,2026-08-17 19:37:32,0.00,1,abreyton
2273,16578998,zly2377,2026-08-10 05:43:43,0.00,9,zly2377
2274,15512139,Jakob Schellenberg,2026-05-07 14:11:10,0.00,5,jakobschellenberg
2275,15741495,Aritra Mazumder,2026-04-26 04:33:20,0.00,1,aritramazumder
2276,16716147,Sam Huang,2026-08-15 12:20:43,0.00,1,samhuang1974
2277,16407725,sidd,2026-07-31 06:27:25,0.00,3,siddanth5
2278,16716164,Eric Lin,2026-08-14 00:32:02,0.00,1,ericlin900111
2279,16716179,吳炳輝Jacky0916086,2026-08-14 01:40:36,0.00,1,jacky0916086
2280,16740682,whm8016,2026-08-19 04:08:55,0.00,1,whm8016
2281,15998011,Leonardo Domingues,2026-06-24 20:44:52,0.00,2,leonardodomingues
2282,15495117,Memento,2026-04-10 13:51:52,0.00,1,yihangchen1
2283,16740411,Tim H,2026-08-19 02:41:54,0.00,1,timhartill
2284,15625348,Shigeru Kuroyanagi,2026-04-16 08:57:16,0.00,1,shiger
2285,15495643,Arnav Salkade,2026-05-13 03:32:14,0.00,4,arnavsalkade
2286,16351525,SERG4NT,2026-06-16 08:42:54,0.00,1,serg4nt
2287,16701908,jealoussoil,2026-08-11 23:29:36,0.00,1,jealoussoil
2288,15493435,indhiran ,2026-03-27 02:12:47,0.00,1,indhiran
2289,15817082,Niloy Deb Barma,2026-07-06 16:44:34,0.00,1,niloydebbarma
2290,16327205,Wilson Mugabo,2026-06-13 16:56:39,0.00,1,wmugabo
2291,15504550,kishizaki-sci,2026-08-17 22:29:13,0.00,1,superstringdev
2292,16722269,Astraeus,2026-08-16 10:12:20,0.00,1,astraeusdotdev
2293,15570326,Junki Kanamori,2026-04-07 11:56:49,0.00,1,junkikanamori
2294,15994610,Muhammad Saeed Pak,2026-06-30 19:10:36,0.00,1,muhammadsaeedpak
2295,15494495,Preechanon Chatthai,2026-03-27 09:32:43,0.00,2,saouza007
2296,16583927,Rainbow,2026-07-22 04:38:51,0.00,1,visterbai
2297,16736925,nithar1609,2026-08-18 17:47:39,0.00,1,nithar1609
2298,16737246,wamenya sengo tancia,2026-08-18 10:40:21,0.00,1,wamenyasengotancia
2299,16338364,Sonam Eyden,2026-06-18 14:22:41,0.00,3,sonhujkjk
2300,15492056,PRIYANSHU PRAJAPATI,2026-06-10 14:00:41,0.00,2,pentesterpriyanshu
2301,16407537,RhAE,2026-06-21 12:02:11,0.00,1,michaelroust
2302,16040804,Rayen BEN ABDALLAH 88,2026-06-03 01:37:02,0.00,1,rayenbenabdallah88
2303,15583830,Mohit,2026-08-12 05:03:42,0.00,4,mohit98765
2304,16585027,BastiitsaB,2026-07-23 18:36:08,0.00,2,bastiitsab
2305,16380944,SONAM EYDEN,2026-06-18 04:18:25,0.00,2,sonameyden
2306,15490131,DECEM,2026-03-28 00:18:54,0.00,2,zy1343930734
2307,15496145,aurascoper,2026-03-28 02:53:18,0.00,1,aurascoper
2308,15502949,Markus.JM,2026-04-11 07:29:18,0.00,5,maiernator
2309,15516003,KDZZZZZZ,2026-04-01 04:01:27,0.00,1,kdzzzzzz
2310,15551551,Shusuke Hayashi,2026-04-05 19:33:49,0.00,2,shusukehayashi
2311,15532162,umineko_kirie,2026-04-07 17:39:21,0.00,2,uminekokirie
2312,15539529,Bifurcation Lab,2026-04-05 18:50:16,0.00,1,bifurcationlab
2313,15561389,David Swift,2026-04-05 23:36:57,0.00,1,davidswift0920
2314,15487312,AyushmanKumar819,2026-04-08 07:39:51,0.00,1,ayushmankumar819
2315,15525370,ric,2026-04-08 08:49:01,0.00,1,ricardomrodrguez
2316,15566103,Shashank K C,2026-04-09 20:54:38,0.00,1,shashankkc
2317,15587207,Raunav Mendiratta,2026-04-10 01:08:53,0.00,1,raunavmendiratta
2318,15587555,Alx Spiker,2026-04-10 03:23:43,0.00,1,alxspiker
2319,15603705,Akash Kumar Barnwal,2026-04-12 16:14:35,0.00,1,sumeakash
2320,15509929,Beckett Dillon,2026-04-12 19:48:02,0.00,1,beckettdillon
2321,15496262,haseeb ahmad,2026-04-18 04:52:31,0.00,1,hasib007
2322,15642540,MAGMA COT,2026-04-18 05:44:59,0.00,1,magmacot
2323,15670977,skeey,2026-04-29 07:22:11,0.00,3,skeeyyann
2324,15672042,Aisha AL Mahmoud,2026-04-27 19:12:22,0.00,1,aishaalmahmoud
2325,15734660,NOBITA_7,2026-04-28 00:13:14,0.00,1,nobita7
2326,15515403,Gainulla Yeraly [dsmlkz],2026-04-28 03:37:05,0.00,1,eralygainulla
2327,15633520,Nikodim Svetlichnyi,2026-06-13 15:27:06,0.00,2,nikodimsvetlichnyi
2328,15842949,Shin7jp,2026-05-06 13:20:46,0.00,2,shin7jp
2329,15732123,Virgile86,2026-05-06 12:35:04,0.00,2,virgile86
2330,15869490,Sushanth,2026-05-08 21:03:24,0.00,2,sushanthmoole
2331,15827410,Anurag Sati6476,2026-05-09 14:36:18,0.00,1,anuragsati6476
2332,15513830,Joep van Opdorp,2026-05-10 19:54:49,0.00,1,joepvanopdorp
2333,15943252,Fred Wieser,2026-05-13 01:25:53,0.00,1,fredwieser
2334,15904529,Quantumized,2026-05-14 02:11:33,0.00,1,quantumized
2335,15988814,Malps,2026-05-15 22:48:28,0.00,1,riccardomalps2000
2336,16027629,Xin Xiang_000,2026-05-20 04:33:43,0.00,1,xinxiang000
2337,15639490,Marta Reinhardt - RS,2026-05-21 10:14:36,0.00,2,martareinhardtrs
2338,15741523,Tim Haserjian,2026-05-22 00:00:59,0.00,1,timhaserjian
2339,15582869,Yu-Yang Chen,2026-05-24 15:23:44,0.00,3,chen195
2340,16029284,Nikoo Yu,2026-05-22 07:17:29,0.00,1,nikooyu
2341,16053363,BIGHUB,2026-05-29 07:59:44,0.00,1,bighub
2342,16129644,vortex,2026-05-31 08:06:18,0.00,1,rewveortex
2343,15943543,VAGNER DANIEL DE VARGAS,2026-05-31 22:32:30,0.00,1,vagnerdanieldevargas
2344,16213381,Clawdy Huang (Andy's AI),2026-06-06 00:15:36,0.00,3,clawdyhuang
2345,15504632,Eissam.0,2026-06-08 14:08:12,0.00,1,eissam0
2346,16265567,Philip Vonderlind,2026-06-12 09:20:10,0.00,3,philipvonderlind
2347,16213443,Elington Machoka,2026-06-12 00:59:09,0.00,3,elingtonmachoka
2348,16299391,Darshan BR,2026-06-11 11:51:48,0.00,1,darshandarshu081
2349,16316026,Nguyễn Châu Tấn Cường,2026-06-13 05:47:24,0.00,2,nguynchutncng
2350,16332258,Tanmoy Pramanik,2026-06-14 03:26:48,0.00,1,tanmoypramanik07
2351,16337443,yuji y,2026-06-14 14:58:34,0.00,1,yujiyyy
2352,15657537,Pranay,2026-06-19 12:18:55,0.00,2,pranay7867
2353,16363221,seowoohyeon,2026-06-25 01:11:41,0.00,6,seowoohyeon
2354,16384246,Deng xinhang,2026-06-17 19:32:40,0.00,1,dengxinhang
2355,16399913,Cyrill Püntener,2026-06-21 15:18:36,0.00,2,cyrillpntener
2356,16369505,AlexN,2026-06-20 19:18:49,0.00,1,alexandrnikitin
2357,16375707,Faizal,2026-06-21 07:29:32,0.00,1,jaycrys
2358,16405985,Dima Staroselskyi,2026-06-24 12:38:42,0.00,2,dimastaroselskyi
2359,16092092,rjbl15184,2026-06-22 14:52:56,0.00,1,rjbl15184
2360,15640926,Yasser,2026-06-30 08:09:52,0.00,9,ressuy
2361,16376654,LêNhậtTân,2026-06-26 02:30:23,0.00,1,lenhattan86
2362,15531100,annyhelenv,2026-06-29 02:20:58,0.00,2,annyhelenv
2363,16445060,nonozzz,2026-06-28 03:51:59,0.00,1,nonozzz
2364,15930799,snuth,2026-06-29 04:12:00,0.00,2,nuthsharsh
2365,16439679,Xueqing Gao,2026-06-29 07:09:00,0.00,1,xueqinggao
2366,16385154,The Stoa,2026-06-29 23:11:56,0.00,1,thestoa
2367,16455784,King424242,2026-07-01 13:11:14,0.00,2,king424242
2368,16438058,Siel,2026-06-30 11:42:20,0.00,1,aeshmadaeva
2369,16416544,tasfuuu,2026-06-30 18:12:13,0.00,1,tasfuu17
2370,15514789,ArunMMadhu,2026-07-02 00:43:59,0.00,3,arunmmadhu
2371,16435264,KognitiveEngine,2026-06-30 21:23:14,0.00,1,kaihuchen
2372,16480717,Dmitry Belan,2026-07-03 10:26:07,0.00,1,dimong4
2373,16481572,zhuo wamg,2026-07-03 11:45:20,0.00,1,zhuowamg
2374,16483995,Tuan Nguyen,2026-07-04 02:04:21,0.00,1,manhtuanbn12
2375,16401346,AmaTiTa,2026-07-05 12:16:56,0.00,2,amatita
2376,16436251, Sai Chandu Lakkimsetti,2026-07-14 05:12:21,0.00,4,saichandulakkimsetti
2377,16518072,Sibaram Moharana,2026-07-11 20:15:15,0.00,2,texti0
2378,16480798,nlinhdangiu,2026-07-11 11:31:58,0.00,1,nlinhdangghet
2379,16552129,another1231245,2026-07-15 22:58:15,0.00,1,another1231245
2380,16380303,Manju S.N,2026-07-17 14:20:06,0.00,1,manjusn
2381,16464954,Hyunwoo_Park,2026-07-19 22:24:30,0.00,1,uts3125014010829
2382,16577113,NGABO FREDDY,2026-07-20 21:03:35,0.00,1,ngabofreddy
2383,16466160,Sara Neri,2026-07-21 21:41:46,0.00,1,saraneri0113
2384,15497426,Alaina Scott,2026-07-21 22:34:21,0.00,1,tensorhusker
2385,16499382,Rohit Narain,2026-07-22 14:20:46,0.00,1,damnimportant
2386,15611557,Anstey Research Group,2026-07-25 10:56:41,0.00,2,georgeanstey
2387,16588761,Constantine Vassilev,2026-08-15 01:11:05,0.00,6,constantinevassilev
2388,15503810,Dr. Mikholae Hutchinson,2026-07-31 02:30:32,0.00,3,drmikholaehutchinson
2389,16261270,alekh,2026-08-08 01:34:20,0.00,3,aleksanderhan
2390,16509234,ShuhratMaks,2026-08-06 18:00:16,0.00,5,shuhratmaks
2391,16634813,Adam n,2026-08-02 01:47:50,0.00,1,chowagent
2392,16656814,Hilbate,2026-08-04 07:25:10,0.00,1,hilbate
2393,16623184,TheFusionCube,2026-08-09 04:37:07,0.00,3,thefusioncube
2394,16634264,Yuvashree SD,2026-08-05 14:04:31,0.00,1,yuvashreesd
2395,16668013,FLYK67l,2026-08-08 13:04:20,0.00,2,flyk67l
2396,16667904,Francisco Cardia,2026-08-09 00:29:16,0.00,3,fcscardia
2397,16698216,Josh Philbrick,2026-08-10 04:55:46,0.00,1,joshphilbrick
2398,16584722, Diosardo,2026-08-13 12:44:58,0.00,3,diosardo
2399,16629050,Pyouneetm,2026-08-11 18:13:28,0.00,1,pyouneetm
2400,16713919,green algeria,2026-08-12 20:20:03,0.00,1,greenalgeria
2401,16548143,Kenneth Lie,2026-08-13 13:02:01,0.00,1,kennethlie16
2402,16713070,Abu Kayyisah Basyid,2026-08-16 06:40:49,0.00,3,abukayyisahbasyid
2403,16723589,sissoko cheick,2026-08-17 18:11:14,0.00,3,sissokocheick
2404,16725926,Travis Lambert,2026-08-18 03:49:54,0.00,1,travislambert
2405,16717944,rayofc,2026-08-19 07:27:57,0.00,1,rayofc
