Rank,TeamId,TeamName,LastSubmissionDate,Score,SubmissionCount,TeamMemberUserNames
1,16364346,cstl,2026-08-30 19:46:19,7.51,41,"gatamaz,tehnar"
2,16371045,Lord Han Solo,2026-08-30 22:22:54,4.99,48,lordhansolo
3,15486995,Tufa Labs,2026-08-30 04:50:22,4.71,123,"dlorah,driessmit1,infinitecreativity,jeroencottaar,pressman1,stefano1283"
4,15823039,Tong Hui Kang,2026-08-30 22:05:58,4.27,58,huikang
5,16384837,Daniel Franzen,2026-08-30 20:04:36,4.05,57,dfranzen
6,15605182,Son Pham & Mark Barney,2026-08-30 17:33:24,3.58,33,"markbarney,sonphamorg"
7,16609552,Kyutai,2026-08-30 14:54:25,3.37,34,"hippolytepilchen,romainfabre"
8,16439788,Dawid Kopiczko,2026-08-30 23:28:10,3.31,42,dawkopi
9,15767021,Youssef Nader @ Aurelic,2026-08-30 05:53:08,3.19,13,gamingconceited
10,16665305,Tony G,2026-08-27 06:36:21,3.17,14,junvalue
11,16534447,Liao Zixu,2026-08-29 13:07:35,3.13,15,liaozixu
12,16623996,sawada,2026-08-31 00:05:19,3.10,32,sawada
13,15615054,OzanM.,2026-08-30 07:53:03,2.98,101,analyticaobscura
14,15490570,Abstraction Lab & MindsAI,2026-08-30 17:44:51,2.94,133,"alisalmanrana,jcole75,kimura0415,sumirinn,ultsaza"
15,15497833,Tony Li,2026-08-31 00:54:17,2.80,17,tonylica
16,16296124,Tatu Helander,2026-08-30 05:08:44,2.78,76,tatuhelander
17,15906822,Akhil Tolani,2026-08-30 07:04:21,2.73,80,saltb0x
18,16617501,AbeLincoln1865,2026-08-30 05:07:12,2.72,21,abelincoln1865
19,15590762,"Seok, Jeongeum",2026-08-30 02:01:19,2.71,120,seokjeongeum
20,15972322,wking edewd,2026-08-22 02:47:50,2.70,3,wkingedewd
21,16766034,Diya Sharma,2026-08-24 11:20:25,2.69,1,diyasharmanexa
22,15653548,The AGI Boys,2026-08-29 08:54:37,2.66,48,"johnjanson,naladwepo,romanrozen,romantamrazov"
23,16406081,Tecnod8.AI,2026-08-30 05:54:43,2.65,69,"aksharthegamer,ravinderonkaggle"
24,16537511,Vineeth Sai Varikuntla,2026-08-31 00:06:36,2.65,18,vineethsaivs
25,15732416,Jonathan Wang2022,2026-08-30 02:32:34,2.65,19,jonathanwang2022
26,16656027,Yuhang Huang,2026-08-29 04:49:36,2.62,1,shingingz
27,15510098,ThomasG,2026-08-31 00:46:53,2.60,122,thomasgamet
28,16497222,AI Winter,2026-08-30 00:15:20,2.59,45,"aiwinter,stoneshek"
29,16584226,Ebi,2026-08-30 13:05:56,2.59,3,ebinan92
30,15497430,Kumar Abhijeet,2026-08-30 01:12:20,2.59,28,krabhijeet
31,15522677,Junhua Yang,2026-08-30 17:38:20,2.57,150,junhuay
32,16620170,ocean240812,2026-08-30 05:11:21,2.56,17,ocean240812
33,15906367,Silhouette,2026-08-30 00:20:20,2.56,52,jamessargsyan
34,16148668,Sean Jones,2026-08-31 00:00:50,2.56,42,seanjones444
35,16061004,cocoaAI,2026-08-31 00:01:22,2.56,41,cocoaai
36,16650515,Ya Xu,2026-08-30 15:33:26,2.55,27,ataraxian
37,16729238,Mengfei Li,2026-08-30 21:24:10,2.55,14,meli19
38,15493080,lingyu07,2026-08-30 06:50:01,2.54,34,lingyu07
39,15604096,Bazinga!,2026-08-30 16:32:13,2.54,18,"damndeepesh,swapisticated"
40,16706087,rellik13,2026-08-29 03:51:21,2.53,15,sirikilohit
41,15524067,Patrick Chan,2026-08-31 00:34:57,2.53,40,drpatrickchan
42,16674808,HongchenDai,2026-08-30 04:46:21,2.52,21,hongchendai
43,15891143,Pathik Patel,2026-08-29 02:37:23,2.50,76,pathik1511
44,15525358,paul,2026-08-30 19:30:00,2.50,74,paulvvv
45,16571567,spbforce,2026-08-30 10:24:25,2.50,15,spbforce
46,16766145,Gu,2026-08-30 01:40:40,2.49,6,xxxccc333
47,15975062,Cloud,2026-08-30 23:05:34,2.48,26,weijiezhoooou
48,16205712,DataRegressor,2026-08-26 15:58:31,2.47,17,azzamradman
49,16731398,Pathetic384,2026-08-30 02:21:02,2.47,14,pathetic384
50,16789492,SuperVisor,2026-08-30 03:14:30,2.45,2,"jacobrichard312,richardjacob3012"
51,16745292,Paul Kamau,2026-08-30 01:19:10,2.45,9,paulnkamau
52,15908708,vbnnn,2026-08-30 00:18:49,2.45,31,victorogobi
53,15486752,PRASHANT SHUKLA91,2026-08-30 18:31:22,2.44,57,prashantshukla91
54,16733280,Cyrus,2026-08-29 17:02:45,2.43,9,jamalsaeedi
55,16273949,Proving AGI,2026-08-29 16:43:45,2.43,28,mikelou1
56,16569113,Tanaka Ai24,2026-08-30 11:32:48,2.43,25,tanakaai24
57,16712619,Natalia Jaśkowska,2026-08-26 01:24:41,2.43,12,nataliajakowska
58,15564514,暗黑AGI,2026-08-29 07:18:48,2.41,40,boristown
59,15501790,CuteClaw,2026-08-30 02:41:46,2.40,82,bloodmoonwq
60,16712506,WENJIE_Wang-dev,2026-08-23 04:19:32,2.39,4,wenjiewangdev
61,16675722,EndeavourRyo,2026-08-31 00:43:36,2.38,7,endeavourryo
62,15622956,ippeiogawa,2026-08-30 22:46:11,2.37,71,ippeiogawa
63,15487391,Bright O.H.,2026-08-30 03:11:39,2.37,81,brightoh
64,16081764,YUTO KOJIMA,2026-08-31 00:16:21,2.37,85,kojimatech
65,15505799,Hao Yu,2026-08-30 12:44:39,2.37,16,ocensis
66,15634702,Simosc,2026-08-30 16:11:47,2.34,70,simosc
67,15490642,Halla Yang,2026-08-31 00:07:59,2.34,63,hallayang
68,16644331,zhen931,2026-08-30 15:34:17,2.33,25,zhen931
69,15498578,TuMinhDang,2026-08-30 09:54:38,2.33,19,darkswordmg
70,15792174,Fufront-RyanX-AGI-Team,2026-08-20 20:56:30,2.33,50,ryanxatlasai
71,16715802,ShoaibSSM,2026-08-27 19:39:33,2.32,4,shoaibssm
72,16577093,yasuhiro hashimoto,2026-08-29 16:26:39,2.32,13,prez18
73,16155197,XiaoYan12,2026-08-30 15:54:33,2.31,14,xiaoyan12
74,15494354,MindMatrix,2026-08-30 10:07:28,2.31,85,"hvanphucs112,trnmtin"
75,15537446,Jakup Ymeraj,2026-08-30 08:04:59,2.31,134,kupedata
76,16548143,Kenneth Lie,2026-08-30 22:13:51,2.31,3,kennethlie16
77,15488774,Kenleung Leung,2026-08-30 23:10:16,2.30,101,kenleungleung
78,15493326,Benedicte HELFER,2026-08-22 21:10:39,2.29,88,benedictehelfer
79,16548313,Scott Le Grand,2026-08-30 03:25:46,2.29,35,scottlegrand
80,15491637,Tony Y.,2026-08-30 01:33:55,2.28,121,tonyyy
81,15751479,tantan,2026-08-31 00:07:11,2.27,34,tantan0327
82,15494968,Surya milenial,2026-08-30 02:22:25,2.27,85,suryamilenial
83,15487135,Satkar sarvankar,2026-08-25 09:46:54,2.27,6,satkar003
84,15486769,Ali,2026-08-30 22:13:13,2.27,52,asalhi
85,16514219,SireeshLimbu,2026-08-31 00:05:05,2.27,28,sireesh
86,15494569,kglctf,2026-08-30 15:22:37,2.27,72,kglctf
87,16736777,Gatau Males Pengen Beli Truk,2026-08-30 03:20:15,2.27,10,"affrizawildanfauzan,jasona007"
88,15916756,MLRush,2026-08-24 14:05:08,2.26,58,mlrush
89,16300602,YUKI OBARA,2026-08-27 17:50:37,2.26,4,yukiobara
90,15500015,kwon yong deuk,2026-08-30 03:10:38,2.25,116,kwonyongdeuk
91,16537667,HiroyukiSasaki,2026-08-31 00:03:24,2.24,36,hiroyukisasaki815
92,15504856,FOYSAL,2026-08-28 13:42:56,2.23,99,foysalemonshanto
93,15522512,Nic Barthelemy,2026-08-30 02:56:31,2.23,16,nicbarthelemy1
94,16475658,Extremis,2026-08-30 08:16:19,2.23,41,gameryoulose
95,16725528,Ashok Godugu,2026-08-30 02:48:47,2.23,14,ashokgodugu
96,16688248,Shicheng Rao,2026-08-31 00:00:06,2.23,24,shichengrao
97,16292719,Pierre Baume,2026-08-30 21:52:54,2.23,40,pierreb4
98,15906643,KRATS LU,2026-08-31 00:07:45,2.22,66,kratslu
99,15518436,Kevin E R MILLE,2026-08-31 00:25:17,2.22,62,kevinermille
100,15488945,Changyuan Zhou,2026-08-30 08:10:08,2.21,45,changyuanzhou
101,16410614,Amil Gentili,2026-08-30 00:15:39,2.21,30,agentili
102,15893823,Aditya Sasidhar,2026-08-21 07:31:00,2.21,4,tadityasasidhar
103,15636138,100rabh,2026-08-30 10:32:34,2.20,33,saurabhkumar234
104,16328245,ola sadek,2026-08-30 00:51:18,2.20,28,olasadek
105,16557922,Andy liu,2026-08-29 22:36:52,2.20,13,"codinggodandyliu,ichuqinggaove"
106,15488124,Breno & Sebastian,2026-08-24 00:04:43,2.20,48,"brenorb,sebastianmateus"
107,15512911,LLaMeRz,2026-08-30 03:11:34,2.20,19,"dorukdorular,richardaragon"
108,16460810,Nithin Kumar R C ,2026-08-30 17:50:18,2.19,35,nithinkumarrc
109,15631128,Kerolos Romans,2026-08-30 17:46:24,2.19,72,kerolosromans
110,15504466,Grigoryan Sergey,2026-08-30 13:21:13,2.18,46,hertryggr
111,15493226,amosokello451,2026-08-30 20:24:14,2.18,44,amosokello451
112,15931617,Alex A Zander,2026-08-30 09:27:08,2.18,55,alexazander
113,15948639,Akhilesh godugu,2026-08-30 02:38:31,2.17,39,akhileshgodugu
114,16464329,brand HZYsds,2026-08-28 06:57:56,2.17,10,brandhzysds
115,15657807,Chew Kok Wah,2026-08-30 23:59:14,2.17,85,chewkokwahibrainai
116,15492005,Emre Cirak,2026-08-30 20:50:57,2.17,68,biohack44
117,16786558,Vincent Davis Leonard,2026-08-31 00:01:13,2.17,2,bangcups
118,15641805,TakamaruEX,2026-08-31 00:08:04,2.16,44,takamaruex
119,15520570,NEXFORGE..,2026-08-30 08:01:39,2.16,110,"dineshkumar0705,kesavan2006"
120,16530607,SCU_12603231,2026-08-29 13:35:36,2.16,20,ljs2546
121,16729044,Araadhay Kanojia,2026-08-28 18:37:53,2.16,9,araadhay
122,16398281,maplewolf,2026-08-30 14:35:59,2.16,14,maplewolf
123,15491563,dynamic24,2026-08-31 00:00:59,2.15,121,dynamic24
124,15531704,Matija Ludvig ,2026-08-30 00:58:12,2.15,23,matijaludvig
125,16440715,Zbida,2026-08-28 12:21:29,2.15,8,zbidaamine
126,15486675,Reminder:AGI ≠ Acing Benchmark,2026-08-30 17:17:03,2.15,79,nihilisticneuralnet
127,15609417,NoOneAhead,2026-08-30 01:16:48,2.15,72,jerrlu
128,16461288,Jay Scambler,2026-08-28 00:01:43,2.15,24,jayscambler
129,16727405,MadarCode,2026-08-25 11:46:24,2.15,6,"mukundrawat,sukulbagai"
130,15703722,Ishan Bhargava,2026-08-30 20:40:57,2.15,46,ishanbhargava19
131,15572627,Arunodhayan,2026-08-27 20:00:17,2.14,57,arunodhayan
132,15652896,Samrish B,2026-08-30 18:36:32,2.14,48,"samrishb,vignesh22609"
133,16598990,Zhuo Li,2026-08-30 06:46:35,2.14,12,ctfxiao
134,15487284,Team_Haumea,2026-08-29 05:09:21,2.13,16,chaitanyagullapalli
135,16663965,Gold Coast Labs,2026-08-30 00:30:11,2.13,14,mosorio1
136,15491328,Jeki Wan Taufik,2026-08-29 06:05:29,2.13,28,jek1wantaufik
137,15508513,keithtyser,2026-08-27 00:05:19,2.13,69,keithtyser
138,16551138,Ethan Lee,2026-08-26 03:50:19,2.13,16,ethanlee43
139,16246219,Tara Labs-speedsci,2026-08-30 04:46:57,2.13,45,caoyupeng
140,15496021,hongan,2026-08-23 14:09:53,2.13,17,honganzhu
141,16496892,Muhammad Haaris 27083,2026-08-30 09:46:41,2.12,34,muhammadhaaris27083
142,15487205,Error_1249x,2026-08-27 16:17:53,2.12,17,error1249x
143,16288068,AkiraIshikawa,2026-08-30 13:01:38,2.12,33,akiraishikawa
144,15488719,Yusaku Muroya,2026-08-27 12:37:15,2.11,77,ymuroya47
145,16256565,Mustang Liu,2026-08-30 18:55:59,2.11,43,"gladiatorxy,mustangliu,siranba,urbanemo"
146,16557360,akmr,2026-08-30 14:27:21,2.11,12,akimaru
147,16262417,Efthimios Fousekis,2026-08-27 09:45:49,2.11,8,efthimiosfousekis
148,16720950,这比赛就像我用意念指挥军队打架，结果全看军队自己,2026-08-30 11:09:41,2.11,16,wocenmma
149,16438894,Nikita Sorokin,2026-08-27 10:13:36,2.10,12,nikitasorokin
150,16769660,骥A,2026-08-30 11:05:38,2.10,6,arunsrr
151,16676993,Sankalp Sanand,2026-08-23 00:23:13,2.09,10,kesslerfrost
152,15737262,Raviksh Singh Dikola,2026-08-30 04:20:28,2.09,100,ravikshdikola
153,15492312,Hmm,2026-08-26 14:11:17,2.09,8,"cassinicraft,paritoshtripathi5,yash9439"
154,16698174,galatea,2026-08-28 17:07:21,2.09,6,ark911
155,15553406,Ravi's Agi,2026-08-30 02:18:44,2.09,53,ravi123a321at
156,16740720,Kazuta MIZUTA,2026-08-25 06:27:41,2.09,4,kazutamizuta
157,15489094,Pascal Ledesma,2026-08-26 00:36:24,2.08,39,pascalledesma
158,15632547,Malla,2026-08-30 18:04:12,2.08,37,mallaphalguni
159,15580880,MANAS NARKAR,2026-08-29 19:14:52,2.08,23,manasnarkar
160,15509520,UlinNuhaAbduh,2026-08-30 06:03:58,2.08,11,ulinnuhaabduh12345
161,15498347,richwomanbtc,2026-08-29 12:09:26,2.08,44,"fumiyauchiyama,richwomanbtc"
162,16281126,Ghazaros Barseghyan,2026-08-30 14:26:08,2.08,18,ghazarosbarseghyan91
163,15725289,webcainiao,2026-08-30 07:39:13,2.07,26,web3cainiao
164,15685341,Sid Devinen,2026-08-30 11:55:37,2.07,11,siddevinen
165,15491313,Mohammad Saadati,2026-08-31 00:37:31,2.07,138,mohammadsaadati
166,15517357,simmons1025,2026-08-31 00:03:41,2.06,6,simmons1025
167,16730913,Luxshan Thavarasa,2026-08-30 07:18:42,2.06,11,luxluxshan
168,16598913,woguoat,2026-08-29 14:27:36,2.06,25,woguoat
169,15632509,MJVinay,2026-08-30 13:39:18,2.05,51,mallajayanthvinay
170,15505443,Trideca,2026-08-31 00:02:15,2.05,41,"ckguswn,kilhwanmoon"
171,15567149,Vinit,2026-08-30 18:01:31,2.05,40,ryotsuu
172,16606725,Daniel #3,2026-08-30 04:19:56,2.05,15,danieltsegaw
173,15503635,Canivel,2026-08-31 00:07:09,2.05,127,canivel
174,15629613,Maren Sajdaras,2026-08-30 08:54:52,2.05,44,marensajdaras
175,15486672,20252022_WoochangSim,2026-08-23 16:51:56,2.05,42,woochangsim
176,15647114,Penguin,2026-08-30 05:33:50,2.04,127,penguin069
177,16736982,Lindicaphxag,2026-08-26 14:17:28,2.04,4,oblivicore
178,16598387,Ahmad Daffa Abiyyu,2026-08-31 00:42:24,2.04,33,ahmaddaffaabiyyu
179,16763577,Ashish Gupta,2026-08-26 03:26:37,2.03,3,eashish
180,15492032,Jing Hua,2026-08-30 00:46:57,2.03,26,linyeping
181,16550431,Biswajit,2026-08-21 07:39:20,2.03,5,biswajit1998
182,15488219,Mathurin Ache,2026-08-30 19:07:08,2.03,114,mathurinache
183,16514482,jkatdare,2026-08-30 18:53:59,2.02,33,jkatdare
184,16557729,yasu,2026-08-31 00:01:23,2.02,43,yasutakababa
185,16716641,Thuitanium,2026-08-30 08:34:02,2.02,16,"sahasawatt,yocybercode"
186,16559747,Hugo Thorvaldsen,2026-08-30 02:10:03,2.02,45,hugothorvaldsen
187,15487522,Md Boktiar Mahbub Murad,2026-08-30 06:12:14,2.02,37,mbmmurad
188,16724574,egangu,2026-08-16 01:12:24,2.01,2,egangu
189,16661300,Guru Prasaath S,2026-08-30 08:21:25,2.01,11,guruprasaathas111
190,16513314,Artificial General illusion,2026-08-30 01:51:39,2.01,16,vansher
191,15601690,magang,2026-08-30 14:14:17,2.01,13,wadang88
192,16732054,try,2026-08-24 08:51:05,2.01,3,weishanshan033
193,16499667,EFZsj2804,2026-08-30 01:43:41,2.00,42,"geoffreygyh2416,programmerbillma"
194,15783669,I forgot the name..,2026-08-30 07:30:45,2.00,80,"aikyatansinha,baidalinadilzhan,ignatgotin,kindasomethin,ngusadeep,vamshikrishnaemmadi,zoli800"
195,16666743,mina wailin,2026-08-30 11:12:44,1.99,22,minawailin
196,15617028,VAP RF5,2026-08-20 15:14:54,1.99,6,vaprf5
197,16779022,Boopathi Raja,2026-08-29 00:05:06,1.99,3,yanggod
198,16707910,daoviet,2026-08-30 02:32:30,1.99,16,daoviet
199,15490134,骐骥驰骋CreateAMind,2026-08-30 11:07:00,1.99,44,aimind
200,16099769,Dual Singularity,2026-08-31 00:31:56,1.98,67,"christianhowson,mileshowson"
201,15488849,codelion,2026-08-31 00:23:56,1.98,54,codelion
202,15494539,Snow,2026-08-30 21:26:48,1.98,67,tasniemnasser
203,16415350,Ryo,2026-08-23 15:26:49,1.98,38,ryosukekurakami
204,15916434,nilochan,2026-08-30 00:57:37,1.98,15,nilochan
205,15720825,Leonid Stepanov,2026-08-31 00:07:49,1.98,109,lestep
206,15814821,Biubiu,2026-08-30 17:05:43,1.98,50,jianthuang
207,15602717,luckyappley,2026-08-30 13:54:26,1.98,19,"luckyappley,yemaoye"
208,16781564,Thin Sweet,2026-08-30 04:03:12,1.98,3,bohannnwang
209,15495286,Yusuraume,2026-08-29 15:31:13,1.97,125,sugitatomohiko
210,15760141,Abhijay Gupta,2026-08-29 18:26:32,1.97,3,bobrg123
211,16508241,Yan Zhang,2026-08-31 00:05:34,1.97,49,yanzhang3255
212,15488665,Lonnie,2026-08-29 18:10:18,1.97,104,lonnieqin
213,15597873,iheng88,2026-08-30 02:18:02,1.96,24,iheng88
214,16782677,TK256,2026-08-30 02:17:52,1.96,3,tk256ailab
215,16260834,Hack2Publish,2026-08-30 07:33:08,1.95,23,"esfersami50,hosen42,raihanrt,tarekrahman82"
216,16780610,Yubo WANG,2026-08-28 18:27:01,1.95,1,arksey
217,16505021,HINAGI,2026-08-28 09:28:39,1.95,14,test013
218,16722132,YunlinCity,2026-08-31 00:50:05,1.95,8,yunlincity
219,16690614,Yaroslav,2026-08-30 01:47:45,1.95,17,yaroslavrogoza
220,15496730,Rahul Ray,2026-08-30 06:29:39,1.94,46,rray646
221,15538649,Henry Javier,2026-08-31 00:45:46,1.94,8,henryjavier
222,16051212,Darío Ávalos - Quantum Howl,2026-08-26 01:09:27,1.94,20,"andrescarmona,darovalos"
223,16634992,manas joshi,2026-08-27 07:40:10,1.94,9,justforgags
224,16473776,Sumatorikki,2026-08-28 08:24:35,1.94,7,jakublutyk
225,15488353,today,2026-08-30 07:08:55,1.94,156,today55
226,16639523,Rogers Johnson,2026-08-31 00:16:05,1.93,27,rogersjohnson
227,16710500,sukeke,2026-08-26 01:49:18,1.93,11,sukeke
228,16430198,Beyond Good and Eval,2026-08-30 12:42:10,1.93,40,"alancai27,thtennant"
229,15499728,Nikita Makarov,2026-08-29 23:56:48,1.93,14,nikimakarov
230,16693078,"Sho Okiyama M.D., Aillis CEO",2026-08-22 04:58:28,1.93,13,shookiyama
231,15658295,Nazura Wirayuda Tama,2026-08-30 00:09:51,1.93,88,nazurawirayudatama
232,16505869,blatant warrior,2026-08-19 00:51:18,1.93,7,blatantwarrior
233,16659717,jinbo wang1,2026-08-30 07:00:38,1.92,8,jinbowang1
234,15523208,로라 Laura,2026-08-27 10:54:09,1.92,11,lmasca
235,16739874,AWEL-AI,2026-08-30 07:37:29,1.92,11,awelai
236,16780875,wind0703,2026-08-30 15:15:50,1.92,3,wind0703
237,16611645,FUMIAKI,2026-08-30 02:39:49,1.92,32,fumiakiohno
238,16589171,CNQR+,2026-08-23 11:07:46,1.91,21,poco34
239,16542083,Kunal Desale,2026-08-19 17:46:35,1.91,10,kunaldesale2408
240,16680350,FinalSunFlower,2026-08-27 00:08:45,1.90,21,finalsunflower
241,15505632,rkd,2026-08-27 00:02:04,1.90,30,ryookd
242,16272388,shineef,2026-08-31 00:01:31,1.90,40,squaree
243,16756396,Florencia Solange,2026-08-23 18:12:38,1.90,3,florenciasolange
244,16568471,Garv88,2026-08-22 10:03:24,1.89,2,garv88
245,16741191,luye7490,2026-08-26 03:00:48,1.89,6,luye7490
246,15496478,Bradley Shervheim,2026-08-29 19:51:48,1.89,56,bradleyshervheim
247,15514094,SeshuRaju 🧘‍♂️,2026-08-25 11:00:38,1.89,4,seshurajup
248,16486019,Shivangoudaa,2026-08-24 05:04:06,1.88,20,ishivapatil
249,16330351,Ahmed Mobasher,2026-08-31 00:17:17,1.88,65,ahmedmobasher86
250,15486850,ömer kiraz,2026-08-25 12:36:23,1.88,24,merkiraz
251,16679890,Ryan #3,2026-08-30 15:17:44,1.88,15,explcre
252,15577418,Kh0a,2026-08-30 17:16:38,1.88,26,llkh0a
253,15491318,@🤞@,2026-08-27 07:26:42,1.88,27,anglolodorf
254,16695088,Deniz Eryılmaz,2026-08-28 22:29:04,1.87,11,denizeryilmaz
255,16717456,Philipos64,2026-08-22 11:16:46,1.87,6,philipos64
256,15488032,MagicBeatMagic,2026-08-30 22:35:53,1.87,64,"del=3ef421aac96c6cd5,del=e7869adb695afcf7,jiahaohuang0711,zhengxuyu"
257,16490178,Grigoriy Zatravkin,2026-08-30 23:08:29,1.87,24,grigoriyzatravkin
258,15569555,Kaiser,2026-08-30 15:38:03,1.87,6,kaiserm
259,16591178,Semyon Epanov,2026-08-30 19:05:46,1.86,4,semyonepanov
260,16475496,Yuchen20,2026-08-21 23:26:08,1.86,37,yuchen2066
261,15951001,stephenn,2026-08-28 09:13:16,1.86,29,stephennedumpally
262,16407743,Yasser Othman,2026-08-29 15:00:44,1.86,58,yasserothman
263,16431732,CreatZy,2026-08-30 19:30:27,1.86,1,creatzy
264,16439181,sunnyraj,2026-08-30 01:07:16,1.85,25,sunnyraj10411
265,16665571,Leszek Góra,2026-08-30 14:25:44,1.85,22,leonixis
266,16706846,Thierry Tuz,2026-08-30 04:07:03,1.85,9,thierrytuz
267,16424787,lgqfhwy,2026-08-30 06:45:12,1.85,45,lgqfhwy
268,15634233,Spen,2026-08-31 00:12:46,1.84,34,spenny
269,15694242,Team Algorithm Tech Institute,2026-08-30 02:24:42,1.84,10,"adeshinaashiata,adesinaabeeb,gidadoshukura"
270,16764096,TripleHS,2026-08-29 04:52:08,1.84,5,triplehs
271,16499402,John Park,2026-08-27 17:04:07,1.84,21,sigint
272,15492338,Creator,2026-08-30 17:41:15,1.84,21,dev4585
273,15570368,Liang Wan Yiu David ,2026-08-31 00:36:59,1.84,9,liangwanyiudavid
274,16731862,Rahul Jiwane,2026-08-30 03:53:00,1.84,13,"rahuljiwane,sangitabannore"
275,16556973,Animesh Kumar,2026-08-29 01:35:22,1.84,21,animeshkumar187
276,15632507,DhanaLakshmiMalla,2026-08-30 13:34:01,1.84,36,dhanalakshmimalla
277,16412819,史永刚,2026-08-24 00:42:28,1.84,4,shizehao
278,16386864,Fahmi Azrhil,2026-08-25 15:55:50,1.82,14,fahmiazrhil
279,15567564,Nick Pellegrin,2026-08-27 23:21:28,1.82,21,nicholaspellegrin
280,16442631,atl132,2026-08-26 01:04:26,1.82,5,atl132
281,15596749,hiranorm,2026-08-28 00:25:58,1.82,58,hiranorm
282,15488704,Natapong Nitarach (Schwyter),2026-08-30 17:09:02,1.82,77,natnitarach
283,16744915,El Mehdi EL JAIR,2026-08-25 20:04:51,1.82,1,elmehdieljair
284,16680829,BambooCopter Analytics,2026-08-20 03:42:55,1.82,11,"cky666,kilin173,oliverwp,paradox23,ronglinlu"
285,15494498,Gultekin Gunduz,2026-08-30 10:42:03,1.82,35,gggggggggggggggg
286,15729951,AYAHM BARISH,2026-08-23 08:51:32,1.82,16,ayhampar
287,16658372,Monique Russell,2026-08-31 03:58:13,1.81,4,moniquerussell
288,16158038,Rokaiya Somapti,2026-08-28 16:08:03,1.81,76,rokaiyasomapti
289,16759102,0xbr4h1m,2026-08-22 16:54:28,1.81,1,brahimbrah
290,16490468,Yogi Godara,2026-08-30 01:09:11,1.81,8,yogigodara
291,15508135,Team Blackbox,2026-08-30 18:28:29,1.81,100,"koushikrudra,nabidnur"
292,15516498,Boiled-Sweet-Potato,2026-08-30 09:21:18,1.81,15,boiledsweetpotato
293,16160324,GYUYOUNG PARK09,2026-08-28 16:22:26,1.81,20,gyuyoungpark09
294,16053779,Fususu,2026-08-30 01:55:17,1.81,65,phuongncn
295,15486816,KineticArc (Marc and Scott),2026-08-31 00:03:15,1.81,97,"marcshade,scottlaughlin"
296,15494232,seele,2026-08-24 23:33:16,1.80,28,seele1917
297,16701876,zelin zhao,2026-08-30 02:32:22,1.80,19,cuhkzelin
298,15513178,Akagha Chimgozirim,2026-08-30 06:50:54,1.80,101,chiakazirim
299,15573979,cihan atak,2026-08-30 21:54:11,1.80,49,cihanatak
300,16534961,Darren Amadeus Martin,2026-08-24 08:25:55,1.80,6,darrenamadeusmartin
301,16739068,WangZihao5649,2026-08-25 06:29:33,1.79,5,wangzihao5649
302,16390789,Yaro Perventsev,2026-08-31 00:32:19,1.79,36,yaroslavperventsev
303,15607034,Reki,2026-08-30 13:28:46,1.79,94,"ruichardliu,russcore"
304,15495491,Mohammed Abdullah,2026-08-30 17:42:01,1.79,2,curiousmohammed
305,16665002,APEX LABS,2026-08-29 17:36:49,1.79,20,niswanth
306,16551828,Marseilles Bogano,2026-08-31 00:08:35,1.79,41,marboga
307,16302369,Ke-Xu-2026,2026-08-28 05:29:29,1.78,26,kexu2026
308,16320456,Abdalrahman mohamed,2026-08-28 21:36:21,1.78,7,abdalrahmanmohamed3
309,15531007,alfaraco,2026-08-29 17:02:14,1.78,94,alfaraco12
310,16619609,datnt114,2026-08-30 13:00:24,1.78,6,kingkong153
311,15488797,Ayodeji Ibrahim Lateef,2026-08-30 05:37:08,1.77,61,ayodejiibrahimlateef
312,15635054,wuliao_0,2026-08-30 03:25:17,1.77,50,wuliao0
313,15487654,MarkDjadchenko,2026-08-19 17:25:42,1.77,2,markdjadchenko
314,16346007,How bad can it go?,2026-08-29 03:24:31,1.77,16,calamitychasm
315,15495700,taopy2,2026-08-31 02:16:04,1.77,16,taopy2
316,15495299,aigood,2026-08-30 15:21:43,1.77,13,aigood
317,16482433,Jacques Buis,2026-08-31 00:11:17,1.77,38,jacquesbuis
318,15595428,Ernie,2026-08-29 15:15:59,1.77,76,ernie55ernie
319,15605492,Wu,2026-08-30 16:56:38,1.77,32,gweiwu
320,15515494,Hendric Nazarius,2026-08-20 02:22:11,1.76,4,"hendricnazarius,marcbenjamessamuel,vyassenthilkumar"
321,16428372,Syed Salman,2026-08-19 07:58:58,1.76,8,salmanhabeeb
322,16641385,Jadiel,2026-08-26 00:16:15,1.76,22,jadielam
323,16480717,Dmitry Belan,2026-08-25 13:12:35,1.75,5,dimong4
324,16295260,Pompompurin,2026-08-30 16:21:11,1.75,34,kimdoong
325,15731749,Dr_F,2026-08-21 11:41:06,1.75,68,algebraictopology
326,16696987,Indium AI Labs,2026-08-22 15:04:14,1.75,12,devaanshpa
327,16515996,Chnoor Lee,2026-08-30 05:33:48,1.75,6,chnoorlee
328,16721580,Vaibhav,2026-08-24 00:01:03,1.74,8,vaibhavpatel
329,16017402,sukirman,2026-08-31 00:18:51,1.74,50,rakbidb
330,15487354,auxentr,2026-08-25 12:42:23,1.74,26,iseesmth
331,16045343,Peter,2026-08-31 00:07:14,1.74,39,vaphab
332,15518924,Team AIRIS,2026-08-29 22:43:57,1.74,148,"aadigupta1601,aadigupta7686,del=46a2189cba2f6d40,krno1legend,poby7722"
333,16470206,mark22,2026-08-25 00:35:17,1.74,12,markus22
334,15895561,TY.Yang,2026-08-29 05:31:47,1.73,63,tianyiy
335,16765765,cmmc27,2026-08-29 03:28:54,1.73,2,cmmc27
336,15724003,Khai Phan Van,2026-08-26 06:46:43,1.73,10,khaiphanvan
337,15975358,Joanna C.,2026-08-30 00:03:54,1.73,16,joannaciesielski
338,16759926,Jai Kamal,2026-08-30 20:18:56,1.73,2,jtheyogi
339,15672922,Aarav Bajya,2026-08-30 00:27:36,1.73,72,aaravbajya
340,16723040,Xuan,2026-08-27 12:35:17,1.73,4,"ljz1992,xuanyangge,xugeger"
341,15526617,Octavi Grau,2026-08-27 09:27:02,1.73,24,octaviograu
342,15486835,automatylicza,2026-08-22 14:44:53,1.72,17,automatylicza
343,15516579,jiashuo Ma,2026-08-17 09:13:02,1.72,5,ooo876
344,16694237,pwdh2026,2026-08-30 05:32:27,1.72,16,pwdh2026
345,16576456,Monibee Fudgekins,2026-08-30 02:12:09,1.72,17,monibeefudgekins
346,16775318,r-4981,2026-08-26 14:02:21,1.72,1,arusyukuhai
347,16534688,邱新,2026-08-29 02:09:49,1.72,17,larklearning
348,16025402,Helmut AGI,2026-08-30 17:54:03,1.72,73,"antonijankowski123,jakobbrggen,nightmareblocks"
349,15487549,Muurur,2026-08-29 03:34:21,1.71,12,muurur
350,16495269,Navid Nur,2026-08-28 06:36:39,1.71,17,navidnur
351,16471072,Faith,2026-08-29 03:07:10,1.71,13,faith853
352,15494997,yuki16,2026-08-25 03:25:53,1.71,28,yuki16
353,15927787,Satoshi911,2026-08-23 06:06:20,1.71,43,satoshi911
354,15491649,Samsay24,2026-08-29 12:28:54,1.71,7,samsay23
355,15502388,LACK.AI,2026-08-26 16:36:42,1.71,12,ravikumar1234
356,16388387,ancientLuck,2026-08-29 18:21:46,1.71,3,ancientluck
357,16590720,Panagiotis Toloudis,2026-08-26 18:58:13,1.70,25,panagiotistoloudis
358,16096640,Hiểu Vy,2026-08-27 18:57:15,1.70,47,thangnm1
359,15991395,Samyakraj Bayar,2026-08-30 14:24:39,1.70,57,samyakrajbayar
360,16125769,J.A.R.V.I.S,2026-08-19 05:12:18,1.70,22,learningkin
361,15499421,Amon Kizawa,2026-08-26 01:31:58,1.70,12,amonkizawa
362,16782490,Team Alicia,2026-08-30 15:50:16,1.70,2,uradkr
363,15899913,The Miner,2026-08-31 00:11:03,1.69,1,rosstch
364,16663172,Sourab Ghosh,2026-08-26 19:34:23,1.69,2,sourabghosh
365,15495001,Rengarajan G,2026-08-23 08:08:56,1.69,22,rengarajang
366,16304225,Bian Sun,2026-08-30 05:55:42,1.69,5,biansun
367,15509227,Kunal Aarse,2026-08-30 14:15:34,1.69,28,kunalinfinite
368,16440700,Omar zed,2026-08-28 15:01:50,1.69,2,omarzbida
369,15491239,Tara Labs,2026-08-22 13:29:46,1.68,11,theunforgiven7
370,16713919,green algeria,2026-08-21 15:39:37,1.68,3,greenalgeria
371,15504445,Alberto Luengo,2026-08-31 00:01:05,1.67,36,albertorkive
372,16722531,Ely2ba,2026-08-31 00:12:53,1.67,14,ely2ba
373,16661802,hahah,2026-08-22 11:08:50,1.67,9,huangkangyu
374,15887660,wuhjie,2026-08-30 19:26:15,1.67,27,hongjiewu
375,16744883,Madiyar Khamzanov,2026-08-22 07:07:53,1.66,4,mkhamzanov
376,15497811,Nick2187,2026-08-30 04:38:41,1.66,51,nick2187
377,16583818,ikun,2026-08-18 08:18:44,1.66,2,liangyan0322
378,15490882,Kashyapsinh gohil,2026-08-19 03:31:08,1.65,22,kashyapsinhgohil
379,16626972,Lawrence,2026-08-26 01:53:10,1.65,9,ziweiresearch
380,16040819,Munshi-PremChand,2026-08-28 15:07:29,1.65,32,munshipremchand
381,15524172,Quanyi Li,2026-08-21 03:58:24,1.65,24,ko0kip
382,16713070,Abu Kayyisah Basyid,2026-08-30 22:50:18,1.64,8,abukayyisahbasyid
383,15857608,BBK,2026-08-30 04:11:50,1.64,42,bang1850
384,15735428,GeniusYY,2026-08-31 00:25:44,1.64,64,alexyy
385,16479960,Imran Ahamed,2026-08-30 00:28:29,1.64,4,immu4989
386,16734777,sobameshi,2026-08-23 13:48:31,1.64,6,sobameshi
387,16664713,Udit Jain #2,2026-08-19 16:11:11,1.64,3,iamudit
388,16759497,r1ck.sync,2026-08-29 05:53:44,1.64,8,r1cksync
389,16710381,Dong,2026-08-27 03:32:46,1.63,9,protostar
390,16028584,Ryoki Kunii,2026-08-27 23:01:09,1.63,32,programmerryoki
391,16696653,VZ,2026-08-27 00:00:25,1.63,15,"venkateshtata1997,zohrabouchamaoui"
392,16760837,yktori,2026-08-28 00:00:59,1.62,2,yktori
393,16727809,M-consciousness,2026-08-16 10:00:45,1.62,1,mconsciousness
394,16746850,no_wonderr,2026-08-24 10:04:53,1.61,3,nowonderr
395,16583451,Off Zeno,2026-08-28 06:04:02,1.61,11,roneynascimento123
396,16461597,S J Moudry,2026-08-28 21:02:49,1.61,17,sethmoudry
397,16406091,Chiekh ALLOUL,2026-08-27 15:00:19,1.61,29,chiekhalloul
398,16745511,Rufus,2026-08-24 00:49:23,1.60,5,"ronghedragon,rufus666"
399,16759803,PavelLiashkov,2026-08-24 12:31:20,1.60,2,bigbag1983
400,15499660,Yi-Chia Chen,2026-08-20 23:51:26,1.60,1,threerabbits
401,16572745,yw8837,2026-08-30 13:31:13,1.60,25,yw8837
402,16127529,Cam-Luan Truong,2026-08-28 08:38:54,1.60,4,luantruong
403,16736925,nithar1609,2026-08-28 11:59:19,1.60,8,nithar1609
404,16746389,orbit,2026-08-20 12:24:07,1.60,1,sc1884
405,16734362,Raef Guizani,2026-08-29 12:26:09,1.59,3,raefguizani
406,15538056,Abdulmuiz Abdullateef,2026-08-27 10:52:16,1.59,14,capthwi
407,16781352,Yohanes Lengkong,2026-08-29 00:01:11,1.59,2,yohanesfc
408,15702685,Shreyas Mahimkar,2026-08-26 03:29:14,1.59,20,shreyas4
409,16745501,MOODYMU,2026-08-20 06:18:01,1.59,1,moodymu
410,15770660,Jason Feng,2026-08-31 00:09:27,1.59,63,iamjasonfeng
411,15488215,Evgenii Rudakov,2026-08-20 11:26:00,1.58,14,dolphininacoma
412,16735076,sssskilo,2026-08-28 02:04:28,1.58,8,wellkilo
413,16446039,len8487,2026-08-23 02:40:39,1.58,8,len8487
414,16609469,Nkosi Ndwandwe,2026-08-31 00:02:40,1.58,33,nkosindwandwe
415,16762152,AlekseiProvorov,2026-08-23 12:48:53,1.58,1,leoprovorov
416,16765941,yin,2026-08-31 00:08:07,1.57,8,yinsong
417,15487426,Pavel Pavlov,2026-08-27 08:21:46,1.57,16,akakii
418,16032510,anngle,2026-07-25 04:14:21,1.56,12,anngle
419,16735398,Jayaprakash Sundararaj,2026-08-29 03:57:48,1.56,21,"jpsundararaj,sushanthtiruvaipati"
420,16480531,tyz123456,2026-08-24 13:39:13,1.56,8,tyz123456
421,16689701,Chicken Labs,2026-08-22 16:30:34,1.56,3,"babychick,nickckb"
422,15724943,Nuno Ferreira,2026-08-27 21:58:55,1.56,48,ngcferreira
423,16455981,Jay Gautam,2026-08-22 13:07:00,1.56,22,jaygautam007
424,15488264,sanyul,2026-08-23 16:20:34,1.55,25,sanyul
425,16497826,maxingkong733,2026-08-18 23:47:00,1.55,15,maxingkong733
426,15631835,JerrySun,2026-08-20 04:32:37,1.54,3,jerrysy
427,15750018,Zehra Korkusuz,2026-08-18 14:43:36,1.54,9,zehrakorkusuz
428,16234077,Artem Pshenitsyn,2026-08-24 21:24:43,1.54,6,artem21
429,15625377,dongdong zhang,2026-08-25 06:39:08,1.54,2,mcdongdongzhang
430,16278024,JIAWEILI0001,2026-08-29 17:02:58,1.53,65,jiaweili0001
431,16653964,Göktürk Akman,2026-08-29 22:28:37,1.53,11,gktrkakman
432,15708911,Xiaokai Cui,2026-08-21 09:54:22,1.53,10,xiaokaicui2008
433,15633864,ErenAGI,2026-08-29 10:49:57,1.52,22,"erenagi,mehmetakifoltulu"
434,15492202,KooDol,2026-08-29 07:45:30,1.52,4,koodol
435,16767685,Breno L Freitas,2026-08-24 19:44:32,1.52,1,brenolfreitas
436,16487108,aarrcc,2026-08-18 16:29:21,1.52,19,aarrcc
437,16616627,yuritosci,2026-08-30 19:57:15,1.52,11,yuritosci
438,16185949,Shree85,2026-08-30 03:37:05,1.51,18,shree85
439,16450379,cm391,2026-08-23 17:17:50,1.51,6,mccocoful
440,16487086,goalllll,2026-08-14 18:00:44,1.50,15,goalllll
441,16793376,hcnfgxsghvbkhbty,2026-08-30 17:25:21,1.50,1,hcnfgxsghvbkhbty
442,16616910,Stonks,2026-08-30 10:40:40,1.50,21,erikqu
443,15633995,Sébastien henry,2026-08-31 00:05:08,1.50,57,sebmontreal
444,15486658,wwwwzz,2026-08-15 09:15:17,1.50,34,wwwwzz
445,16390087,JohnLussier,2026-08-27 21:15:15,1.50,30,johnlussier
446,16752218,Kaileh57,2026-08-25 18:20:28,1.50,4,kaileh57
447,15486823,Souhardya,2026-08-22 16:39:22,1.49,7,souhardyatalukdar
448,16271316,Kristian Gohi Bi,2026-08-19 08:11:29,1.49,1,kristiangohibi
449,16561834,gamesu7107,2026-08-30 00:07:02,1.49,41,gamesu7107
450,15513629,Pragnyan Ramtha,2026-08-20 16:05:37,1.49,14,pragnyanramtha
451,16567629,Manan Gupta #2,2026-08-16 17:19:10,1.48,10,obirdy
452,15517514,Space Kangaroo,2026-08-25 07:50:39,1.48,20,spacekangaroo
453,15501454,Vicens Gaitan,2026-08-25 07:53:29,1.48,14,vicensgaitan
454,16431229,kgr,2026-08-17 21:35:31,1.48,2,yixuliu
455,16408642,Krizsó Gergely,2026-08-29 17:02:20,1.47,20,lucifer19
456,16544373,Nilesh Sarkar,2026-08-04 12:57:15,1.47,2,nileshsarkarra
457,15496613,Shivam Singh,2026-08-28 15:50:21,1.47,5,shivamsingh17072001
458,16448996,MakersLabTM,2026-08-28 04:09:18,1.47,21,makerslabtm
459,15531604,panda__MB__maximus,2026-08-27 07:41:08,1.46,17,tanishmohokar09
460,15495211,Peter Findley,2026-08-20 09:55:57,1.46,41,raist321
461,16792418,Bocen Li,2026-08-30 17:12:43,1.46,1,bocenli
462,16421943,Kochi Loki,2026-08-30 05:27:00,1.46,52,"satadruhalder,soumyacryptic"
463,15510427,Komil Parmar,2026-08-28 09:37:43,1.45,20,komilparmar
464,16774327,Timothee Henry,2026-08-28 06:10:36,1.45,3,timhenry
465,16711864,Singaraj B,2026-08-22 19:44:08,1.45,11,singarajb
466,15492225,Charismatic Pizza Party🍕,2026-08-28 03:32:50,1.45,13,debugendless
467,16498846,common-people-whereIsMyFuckingPrize,2026-08-30 14:19:32,1.45,5,aizealotwu
468,16736818,Chika Komari,2026-08-21 05:12:29,1.44,2,gothamjocker
469,16791329,Masashi Nishimoto,2026-08-29 22:44:32,1.44,1,masashinishimoto
470,16459830,Giovanny Rodríguez,2026-08-24 17:08:40,1.44,5,giovannyrodrguez
471,15608330,Naga Bhanuja,2026-08-29 07:01:53,1.44,10,nagabhanuja
472,16483544,zentropy,2026-08-31 00:20:04,1.44,59,jessky
473,15510081,Tshithihi,2026-07-03 03:54:59,1.44,22,nawfeelrahman1124444
474,16763954,AravindIyer,2026-08-30 20:21:49,1.44,1,aravindiyer
475,16153655,michaeltg,2026-08-30 07:35:49,1.43,27,michaeltgao
476,16422860,hierarchical,2026-08-17 05:35:35,1.43,24,felixwang1m
477,15487312,AyushmanKumar819,2026-08-31 03:31:34,1.43,6,ayushmankumar819
478,16729699,YinuoChen271,2026-08-18 08:46:35,1.43,2,yinuochen271
479,16441614,AGI Not Found,2026-07-19 17:26:29,1.43,13,"angran,kaixuanosmas"
480,15504888,aira666,2026-08-11 05:00:56,1.42,5,aira666
481,16688839,benzousilvia,2026-08-29 06:36:12,1.42,9,benzousilvia
482,16600201,Edward Koh,2026-08-19 15:13:17,1.42,23,edwardwkoh
483,15741726,Data Dreamers,2026-08-25 18:02:44,1.42,32,"ishiyamamasaharu,mabo1141,monaka12,rionakamura10,yoshioka0209"
484,16658469,Ashwin Goyal,2026-08-24 16:22:42,1.42,3,letthedreamersrise
485,16738611,yap,2026-08-20 02:15:00,1.42,3,yaphellee
486,16457997,Linbo Hui,2026-08-26 03:17:05,1.42,8,huilinbo
487,16432008,AAAAAtjc,2026-08-20 06:22:36,1.41,24,aaaaatjc
488,16772602,ed,2026-08-31 00:00:33,1.41,6,edward3
489,16048884,Luca Beridze,2026-08-30 22:12:41,1.41,3,lucakrahe
490,16786362,gomerry,2026-08-30 09:24:34,1.41,2,shwsun73
491,15492192,J8J,2026-08-23 22:41:34,1.40,10,sundong
492,16585831,Muhammad Imran,2026-08-20 11:06:07,1.40,24,muhammadimranchitral
493,16694974,emi,2026-08-13 16:39:00,1.40,1,emigor
494,15495420,tf,2026-08-30 04:40:49,1.40,75,tfukuhara
495,16471196,DePie,2026-08-28 04:33:52,1.40,2,phucthaiv02
496,16733171,斬る,2026-08-28 01:16:45,1.39,7,"handawang,weiyawang31415926"
497,16760467,James McGarry IV,2026-08-28 00:55:06,1.39,6,jamesmcgarryiv
498,16770587,Namusura,2026-08-30 10:49:24,1.39,4,namusura
499,16245600,Tom DiFiore,2026-08-28 03:03:52,1.39,26,tomdifiore
500,16429632,in blue,2026-08-17 18:26:29,1.39,11,bhatiji
501,16347117,AnchorBlock,2026-08-27 12:48:26,1.39,25,anchorblock
502,16677269,ehh!,2026-08-30 05:27:39,1.39,1,shivam98saini
503,16792470,wuwuwu,2026-08-30 11:52:43,1.38,1,wu1570
504,15590907,Thien Nguyen,2026-08-18 06:28:57,1.38,4,ntthientn
505,16016635,Recursive Intelligence Lab,2026-08-30 07:19:46,1.38,31,tirth1402
506,16434918,Murat,2026-08-25 19:04:25,1.37,3,kaggleuserr2
507,16428239,Gopsy,2026-08-12 03:31:55,1.37,8,anhsirk
508,16491938,pwxc00,2026-08-27 12:07:25,1.37,1,alert04
509,16761482,Kartik,2026-08-24 17:35:29,1.37,1,krabie
510,16465268,shakinghand,2026-08-29 06:58:36,1.36,24,"emitrajshokuhi,weichseltree"
511,16750358,arc-team-1234,2026-08-30 23:48:01,1.36,11,"alykassem202,fkimew,k4h33r262408,s0miai,stephanetao,velvetkernel"
512,16773129,MachineLP,2026-08-28 00:35:12,1.36,3,machinelp
513,16785406,Danial Zakaria,2026-08-30 16:28:28,1.35,2,nartaa
514,15993595,Hugues Fontenelle,2026-08-25 12:52:00,1.35,7,hugues
515,16514079,geodesic,2026-08-22 16:25:30,1.35,11,kermityoung
516,15574185,AGIIGA,2026-08-15 15:45:43,1.35,24,agiiga
517,16406654,HelloWorld5050,2026-08-22 20:21:25,1.34,12,helloworld5050
518,15510458,put me in harness,2026-08-30 05:00:36,1.34,57,zabojeb
519,16780962,Muhammad Ega,2026-08-29 14:31:40,1.34,2,muhammadegaa
520,16744872,Jakob Seibezeder,2026-08-28 12:42:20,1.34,2,jakobseibezeder
521,16080197,Charbel Nehme,2026-08-24 11:10:02,1.34,17,charbelnehme
522,16397720,Khoa 👑,2026-08-20 15:31:23,1.33,4,khoahunhtngng
523,16774542,kaptaan45,2026-08-28 09:42:49,1.33,2,kaptaan45
524,16569341,Thereforyou_Jasmine,2026-08-21 15:16:15,1.33,3,"jasminethereforyou,wuzhiwen7445"
525,15754603,greyhound,2026-08-18 16:26:08,1.33,8,tapaskd123
526,15771316,Ivan Martin Valle,2026-08-29 05:08:25,1.33,41,ivanmartinvalle
527,15497542,Cosmin Budeanu,2026-08-30 13:05:18,1.33,15,cosmicbe
528,16752213,Skystellan,2026-08-21 06:37:27,1.33,1,skystellan
529,16671263,soltani abdellatif,2026-08-24 18:25:43,1.33,3,soltaniabdellatif
530,15487143,Ishraq Tanvir,2026-08-22 08:03:58,1.32,2,ishraqtanvir
531,16653887,YUKRUB,2026-08-20 07:21:21,1.32,2,yukrub
532,15529375,Felix S.,2026-07-07 11:40:30,1.32,39,pylixx
533,16768979,vaultguard,2026-08-29 00:00:49,1.32,3,vaultguard
534,16456142,Sypher_S,2026-08-17 11:44:54,1.32,2,syphers
535,15569188,xianxu qiu,2026-08-30 14:04:52,1.32,3,xianxuqiu
536,16676611,sezer ali,2026-08-23 11:39:15,1.32,8,sezerali01
537,16498541,Sous Lab,2026-08-28 19:41:21,1.32,35,basi1man
538,15487398,Kerem çelik,2026-08-25 02:56:58,1.31,10,keremelik
539,16542443,LG,2026-08-15 02:19:50,1.31,3,"lokeshjasrotia,vengatagirig"
540,15660740,Ahmet Pamuk,2026-07-20 20:31:27,1.31,3,ahmeterdempamuk
541,16620515,Paulo Abelha,2026-08-26 20:06:13,1.31,9,pauloabelha
542,16352058,Gavedu Ai,2026-08-08 07:19:16,1.31,33,verise6211
543,16718390,SangJinJung,2026-08-15 01:11:34,1.31,2,sangjinjung
544,16639148,NNbody,2026-08-30 00:20:09,1.31,4,nnbody
545,16635343,Aurora wy,2026-08-05 03:22:15,1.31,1,aurorawy
546,16656755,Vanya Cherepukhin,2026-08-19 00:07:49,1.30,13,vanyacherepukhin
547,15487598,CCT,2026-07-11 09:38:58,1.30,56,chuhanwu86
548,16569312,Norman Neira,2026-08-17 23:35:06,1.30,2,normanneira
549,16283372,TWEAK,2026-08-29 01:13:10,1.30,21,tweakai
550,15540551,szs,2026-07-19 17:35:37,1.30,17,runshengyu
551,16429419,The Coder Geek Squad Leader,2026-08-27 15:04:38,1.30,1,soulemaneisissifou
552,15487662,Ganesh Sharma,2026-08-30 18:22:27,1.30,10,ganeshstemx
553,16289337,1104,2026-08-04 12:42:08,1.30,15,"emojilin,qianjunggg"
554,15562422,OceanVenue,2026-08-25 00:09:04,1.29,63,"benhaslam,guilhermeferraribr"
555,16702680,Alariun,2026-08-28 16:27:49,1.29,10,calebrown
556,15488127,Kirderf,2026-08-14 13:23:47,1.29,22,kirderf
557,16575299,Elazar fuchs,2026-08-30 06:30:23,1.29,14,elazarfuchs
558,16662159,KiKi,2026-08-22 10:55:31,1.29,5,kingkiller2164
559,16282855,TAMU-TACO,2026-08-26 01:17:44,1.29,7,"linfangzhou,peirancs"
560,16765706,Tayyub Yaqoob,2026-08-29 18:06:28,1.29,2,tayyabyaqoob
561,15546305,Zoe Wang,2026-08-15 04:34:37,1.29,20,"chonghuan718,zoeywaang"
562,16757415,hansama.qht,2026-08-30 05:37:34,1.29,8,hansamaqht
563,15504769,CHRONOS,2026-07-18 15:08:17,1.29,69,"kevinrussell83,projectforty2"
564,16670844,Vera Σ¹ - DI,2026-08-20 05:39:48,1.29,4,"dreaddevelopment,seanornberg"
565,16360913,Mikael Kerimov,2026-08-28 04:22:00,1.28,19,mikaelkerimov
566,16792553,phnghiapro,2026-08-30 17:51:16,1.28,1,phnghiapro
567,15503849,Hu Xingyu,2026-07-22 03:43:54,1.28,24,huxingyu
568,16762921,Eduardo Molina,2026-08-30 04:01:30,1.28,4,eduardomolinaai
569,16650762,Toprak Gundogdu,2026-08-21 10:14:56,1.28,4,toprakg
570,16579154,ych~sun,2026-08-20 13:41:14,1.27,19,ychsun
571,15612343,PabloTBA,2026-08-28 01:07:40,1.27,28,pablotba
572,16775071,hiros,2026-08-29 03:55:16,1.27,2,hiroshige1
573,16442486,Positive Quark,2026-08-28 16:24:09,1.26,5,quarkliu
574,16349448,Manas Rajan Pandya,2026-08-18 07:57:20,1.26,1,manasrajanpandya
575,16543772,Avyaay Rathi,2026-08-20 05:06:18,1.26,26,"arjuntaware,avyaayrathi"
576,15489752,TREX99,2026-07-13 00:28:40,1.26,30,trex99
577,16120017,uesi,2026-07-30 11:45:27,1.26,5,uemura687
578,15594093,yuki matsumori,2026-07-09 01:52:46,1.26,16,yukimatsumori
579,16420933,Yuya Miyanogawa,2026-08-30 14:15:13,1.26,59,veritalogos
580,16556635,Vishvesh Bhat,2026-08-09 15:52:46,1.25,1,vishveshbhat
581,16407310,Mark Cooper,2026-08-01 00:01:05,1.25,36,markjcooper
582,16790597,laoma fighting,2026-08-30 05:15:14,1.25,1,laomafighting
583,16586230,Optimal Prime,2026-07-27 18:29:34,1.25,2,caelix
584,15985912,Mr_Ralphie,2026-08-29 00:05:05,1.25,80,mrralphie
585,16449629,Stefan Henß,2026-07-11 06:07:20,1.24,5,shenss
586,15498652,jazivxt,2026-08-30 13:32:30,1.24,7,jazivxt
587,15490333,Hellboy,2026-08-22 07:44:12,1.24,10,helmirinaldi
588,16625560,Vishvesh Bhat #2,2026-08-10 00:40:00,1.24,3,vishbhat8
589,16461501,Ashutosh Agarwal,2026-07-04 18:19:36,1.23,5,ashutoshagarwal088
590,15564509,Shubham Sahu2003,2026-08-17 09:00:35,1.23,41,shubhamsahu2003
591,15505268,Shivam Shinde,2026-08-25 13:21:32,1.23,12,shindeshivam
592,16052968,Alex Frazier,2026-07-08 17:52:16,1.23,11,alexfraze
593,15641620,Rachid Caich,2026-08-30 12:49:39,1.23,3,rachidcaich
594,16582937,[Deleted] 2029aeca-ef24-4e6d-9a46-724118293549,2026-08-24 08:45:24,1.23,2,holeneckles
595,15653856,RanJeet Gupta,2026-08-04 09:03:40,1.22,1,ranjeet258
596,16676700,Akira Imae,2026-08-16 00:14:16,1.22,8,imaeakira
597,16517844,AAElter,2026-07-28 05:59:43,1.22,4,aaelter
598,16725926,Travis Lambert,2026-08-21 04:13:42,1.22,3,travislambert
599,16700886,wjd Andy,2026-08-14 06:29:17,1.22,3,wjdandy
600,16481200,AdamJonesJohnson,2026-07-27 00:14:56,1.22,21,adamjonesjohnson
601,16430872,Reyhan Ksatria,2026-08-12 05:50:37,1.22,4,reyhanksatria
602,15736475,Yukeiso,2026-08-22 02:27:40,1.21,6,katayuji
603,16503424,wangzhang wu,2026-07-13 00:04:48,1.21,5,wangzhangwu
604,16492019,HuaLQin,2026-08-07 00:41:20,1.21,21,hualqin
605,16772452,Дмитрий Онин,2026-08-29 21:23:25,1.21,1,rejo1ce
606,15910208,Dr Chandrasen Pandey,2026-08-13 06:46:58,1.21,35,devchandra
607,16701696,Rikito Kanda,2026-08-30 00:26:48,1.21,15,rikitokanda
608,16500777,cAco3,2026-08-26 14:28:25,1.21,5,caco3r
609,15507333,anthony michel,2026-08-31 05:33:20,1.21,4,michela78
610,16025506,Bitterbot,2026-08-13 01:12:41,1.21,14,"douglasfinlay,victormgil"
611,16786602,lsm jii,2026-08-29 12:25:05,1.21,1,lsmjii
612,16245172,Shannan,2026-07-18 12:54:27,1.21,4,shannanl
613,16744862,Dražen Kapusta,2026-08-31 00:00:04,1.21,13,draenkapusta
614,16387065,lihaoling,2026-08-02 12:18:26,1.20,24,lihaoling
615,16759600,Rustam Bazarbayev,2026-08-30 07:51:36,1.20,2,rustambazarbayev
616,16709444,Salem Ali,2026-08-23 20:52:46,1.20,2,salemali7
617,16591722,hongqian miao,2026-08-06 06:37:26,1.20,3,hongqianmiao
618,15495351,icezzzz,2026-07-29 14:33:15,1.20,28,icezzzz
619,16491207,KAIWALYA RAUT,2026-08-06 13:53:36,1.20,3,kaiwalyaatulraut
620,16652828,ali nebi dal,2026-08-13 11:51:05,1.20,6,alinebidal
621,16554415,Sai Abhishek,2026-08-12 15:37:50,1.20,16,saiabhishek14
622,16394140,MM12345678,2026-07-11 01:09:35,1.20,9,mm12345678
623,15489865,Quan Nguyen,2026-08-04 06:51:54,1.20,13,quannguyn12
624,15538060,Pedro Caycho,2026-08-24 00:05:00,1.19,5,pjcc1123
625,15629200,shu yu,2026-08-13 03:06:02,1.19,1,shidun66
626,15486681,MatheusPSorancoDeCarvalho,2026-08-14 02:16:58,1.19,2,matheussoranco
627,16702830,Serguei Makarov,2026-08-30 00:45:46,1.19,14,sergueimakarov
628,16012081,Plamen,2026-07-27 16:42:49,1.19,28,plamen06
629,16517742,Rokonuddin Ahamed Sohan,2026-08-11 03:36:18,1.19,3,rokonuddinahamed90
630,16703334,frogsilverberryleoi,2026-08-26 00:16:23,1.19,4,frogsilverberryleoi
631,16701873,Jason Jin,2026-08-12 11:31:41,1.19,3,cascadematrix
632,16558484,MAIDANG,2026-08-15 06:23:49,1.19,14,daifanhao
633,15621440,KostasMouratidis,2026-08-21 09:10:11,1.19,1,kostasmouratidis
634,16485920,Rasdafar,2026-07-11 09:29:44,1.18,7,rasdafar
635,16065643,MadrARC,2026-08-09 07:42:15,1.18,5,rahulvimalkanth
636,16420889,vladee,2026-08-13 00:43:22,1.18,14,vladee
637,16642459,syouya tobita,2026-08-05 03:07:09,1.18,2,syouyatobita
638,16493372,welogme,2026-07-30 03:12:47,1.18,12,"ijoucho,welogme"
639,15531744,ashvin singh,2026-07-25 08:30:33,1.17,37,ashvinsingh
640,15567543,Kaito N. Soga,2026-07-02 07:09:48,1.17,4,kaitosoga
641,16727880,Serhii Marinchenko,2026-08-24 16:21:52,1.17,4,serhiimarinchenko
642,16566154,Julian Camilo Villa,2026-08-31 00:00:05,1.17,30,juliancamilovilla
643,15606567,MA RAN,2026-08-17 23:44:34,1.17,9,ranmadi120
644,15488649,Tanmay,2026-08-27 19:39:18,1.17,32,tanmaysah
645,16048620,Xander,2026-07-17 14:05:36,1.17,16,canqiang
646,15501827,Dhe Yeong,2026-08-14 02:19:20,1.17,12,dheyeong
647,16713350,coolin666,2026-08-13 01:36:49,1.17,1,coolin666
648,16679235,toprakthegoat,2026-08-07 00:01:34,1.17,2,toprakthegoat
649,15506893,Mark Slavin,2026-07-30 00:36:02,1.17,3,markslavin
650,15745709,Aryan Haritsa,2026-08-15 16:30:37,1.16,4,aryanharitsa
651,16510371,haodou092,2026-07-19 05:57:40,1.16,5,haodou092
652,16475818,Matthew.lee,2026-07-15 09:47:19,1.16,8,matthewlee010299
653,16783641,Xsophie H,2026-08-30 10:44:32,1.16,3,xsophieh
654,16316931,Rajan Nagarajan,2026-08-11 16:44:14,1.16,7,narajan
655,16137967,Cacinie,2026-08-03 03:49:41,1.16,1,cacinie
656,16717506,un0o7,2026-08-15 04:43:47,1.16,2,hjhsdsdww
657,15486931,Mirza Milan Farabi,2026-08-16 20:47:36,1.16,14,mirzamilanfarabi
658,15487953,cc,2026-07-29 05:54:42,1.16,7,baytree1238
659,16148316,pscamillo,2026-07-09 17:52:53,1.16,29,pscamillo
660,15635738,Rookie,2026-08-20 12:07:42,1.15,31,steveninje
661,16751372,Shadowfishes,2026-08-27 04:41:38,1.15,5,"boandme,ronitagarwal1"
662,16361271,BBD,2026-08-18 10:09:13,1.15,20,"absolutetheone,ahaanvermalol"
663,16338619,Jiaqi Hu,2026-08-11 05:56:49,1.15,7,hlgendr
664,16650336,Inncenta,2026-08-07 00:01:11,1.15,4,inncenta
665,16474440,Yuri Freitas,2026-08-04 15:43:55,1.15,13,yuribzfreitas
666,16793560,LindaTran,2026-08-30 17:48:14,1.15,1,lindatran1
667,15488488,Ikki Katsuyama,2026-07-26 04:21:16,1.15,17,kacchanwriting
668,16551999,Celestia,2026-07-26 04:01:28,1.14,11,gladoscc
669,16635888,Poojan,2026-08-06 07:42:35,1.14,4,poojankumartandel
670,16683994,destire 1,2026-08-12 10:01:13,1.14,4,destire1
671,16723459,Heinzstk,2026-08-20 11:49:33,1.14,6,heinzstk
672,15556547,Felipe Galdino Folk,2026-08-28 14:38:19,1.14,24,felipegaldinofolk
673,16694609,Debmalya,2026-08-09 14:33:10,1.14,1,debmalya84
674,16490445,Suman Sharma,2026-07-05 19:55:01,1.14,1,suman2208
675,16052598,JackGong,2026-08-04 13:27:02,1.14,9,jackgong
676,16574125,zhangyue-xmdx,2026-08-16 23:45:00,1.14,8,zhangyues0000
677,16472153,Changyuan Chen,2026-08-16 14:12:35,1.14,27,changyuanchenmit
678,16070503,Yuki Okumura,2026-08-14 19:34:02,1.14,4,yukiokumura1
679,16234007,smlcr,2026-08-09 08:49:44,1.13,13,simulacri
680,16409318,AI-Cat,2026-07-19 08:50:43,1.13,2,konstantinboyko
681,15569839,kakuteki,2026-08-15 13:04:56,1.13,5,kakuteki
682,15602746,Gabriel Amaral,2026-08-21 10:53:48,1.13,2,gabrielsamaral
683,16728348,falloficaruss,2026-08-16 13:53:42,1.13,1,areusnow
684,15538930,Ashmawy,2026-08-25 08:35:37,1.12,12,ashmawy
685,15932761,J&F AI,2026-08-28 10:16:16,1.12,42,junjin2
686,16784116,Raihan🇧🇩,2026-08-29 05:04:54,1.12,2,raihanjs
687,16482421,senkin13,2026-07-21 05:01:33,1.11,4,senkin13
688,15491056,Kumaran K,2026-08-16 04:02:40,1.11,4,kumarandatascientist
689,15540637,Nat Bel ML Fun,2026-08-06 18:43:54,1.11,33,natbel4ml
690,15658668,Pawan,2026-07-26 13:08:12,1.11,31,jatalepawan
691,15986223,Amon Suzuki,2026-07-21 00:05:37,1.11,11,amonsuxuki
692,16068577,Leonid Majbits,2026-08-07 20:46:20,1.11,32,leonidmajbits
693,16422585,Abhi,2026-07-16 14:32:32,1.11,13,zeroday19
694,16482359,Igor Kirko,2026-07-08 02:18:36,1.11,6,igorkirko
695,15592971,muhualiushui1217,2026-08-17 21:02:10,1.10,4,muhualiushui1217
696,16783255,Jordi Corbilla,2026-08-30 07:24:44,1.10,3,jordicorbilla
697,16644310,Nikolas Silveira,2026-08-04 13:00:15,1.10,2,nikolassilveira
698,15520694,Barada Sahu,2026-07-15 07:38:48,1.10,51,mercurialsolo007
699,15587315,waticson,2026-08-07 23:55:51,1.10,9,yutodennou
700,16270968,Yizhang Lou,2026-07-28 17:27:20,1.10,6,yizhanglou
701,16540131,LinZihanAdam,2026-07-15 03:56:11,1.10,3,linzihanadam
702,16658246,kaanz,2026-08-07 07:30:26,1.10,4,emirkaanozd
703,16380532,A0158737N,2026-07-26 03:04:55,1.10,15,kanhon
704,16474959,[Deleted] ade0214e-cb0f-436e-95f5-47784b00e897,2026-07-11 05:35:37,1.10,5,del=9ab3e1420ebaee89
705,16539376,Sha1ee,2026-07-18 03:08:31,1.10,4,sha1ee
706,16078747,varianceofx,2026-07-16 00:50:46,1.10,21,varianceofx
707,16669732,zhangzhuang li,2026-08-10 11:19:45,1.10,1,zhangzhuangli
708,16573558,qwertykeypadapple,2026-08-15 01:04:35,1.10,8,qwertykeypadapple
709,16699653,Yvonne.,2026-08-11 06:02:03,1.10,1,zdawer250
710,16591491,Alex Zhang g,2026-08-03 01:33:12,1.10,6,alexzhangg
711,16486775,Денис,2026-07-05 03:12:12,1.09,1,dambek
712,16489497,Tom1115,2026-08-24 16:18:03,1.09,20,tom1115
713,15504783,Hossein,2026-08-13 00:29:03,1.09,42,tomi85
714,15493886,Code by Nadiia,2026-07-09 11:25:07,1.09,1,codebynadiia
715,15503995,randyzhang666,2026-08-10 08:21:02,1.09,1,randyzhang666
716,16037949,hungry_hawking,2026-07-31 17:07:58,1.09,12,hungryhawking
717,16728559,jiaqi zhu,2026-08-22 00:46:15,1.09,3,user82699026
718,16747862,Sixian Deng,2026-08-20 10:40:32,1.09,1,sixiandeng
719,16666852,[Deleted] f2f8deaf-b3c2-4404-8dc4-80949e37c482,2026-08-05 23:23:29,1.09,1,del=3d4e77c735b4fb0e
720,16233589,gosu.Kouts,2026-07-23 15:06:53,1.09,14,gosukouts
721,15491099,chinnum97,2026-08-07 14:59:58,1.09,6,madarshbb
722,15504550,kishizaki-sci,2026-08-30 11:14:47,1.09,10,superstringdev
723,15497682,jorge fabian avila,2026-08-23 00:33:22,1.08,3,jorgefabianavila
724,16414058,wenyuan Guo,2026-07-06 07:56:15,1.08,6,gwey1025
725,15499946,DarkPhoenix,2026-07-12 07:33:47,1.08,30,darkphoenix2077
726,16729922,Aarush Kute,2026-08-21 03:13:26,1.08,6,aarushkute
727,16562449,Praj Koduri,2026-07-20 02:21:05,1.08,2,"gregorydaley,prajkoduri"
728,16234547,Mikhail Bovt,2026-08-27 12:33:47,1.08,15,mikhailsovab
729,16256714,table spoonful,2026-07-13 05:03:52,1.08,11,tablespoonful
730,16268784,TUC,2026-07-13 09:03:38,1.08,7,tobiassesterhenn
731,16283854,Vu Tran Hoang,2026-08-03 06:51:00,1.07,4,hoangvux
732,15549873,WQing_Z,2026-07-11 21:29:21,1.07,8,wqingz
733,15929872,Ashad Alam,2026-07-30 12:15:30,1.07,2,ashad8949
734,15486953,Sangram Patil,2026-08-02 06:12:15,1.07,18,sangrampatil5150
735,15511462,Ali Haydar Özdağ,2026-08-02 00:01:51,1.07,28,ahoirg
736,15511931,Zhehan,2026-08-10 04:03:48,1.07,7,cyberzzhhss
737,16472209,[Deleted] 4c436f13-5592-4c03-b39e-5c69e95e5294,2026-07-19 11:02:30,1.07,6,del=a8f3af9aeaa6ae2f
738,15488304,panterlab,2026-07-25 09:39:51,1.07,13,hweowe
739,16275978,lkevincc,2026-07-15 11:39:50,1.07,7,jjsdfd22
740,15645087,Shankha Suvro Mullick,2026-08-20 13:20:21,1.06,6,shankhasuvromullick
741,16555957,studious students,2026-07-30 03:24:53,1.06,10,"asiansnextdoor,djerok116"
742,16409969,Dante Lok,2026-07-19 06:24:56,1.06,1,dantelok
743,15494269,Patrik Pivoda,2026-07-02 07:28:05,1.06,17,patrikpivoda
744,16466598,Mohammed Maqsood L,2026-08-15 03:29:21,1.06,3,mohammedmaqsoodl
745,16275272,ByteSized,2026-08-13 16:26:01,1.06,10,"amit24f1002112,prishagupta97"
746,16768775,Kris Kilgroe,2026-08-25 05:45:40,1.06,1,kriskilgroe
747,15536350,arman1o1,2026-07-25 04:21:14,1.06,7,arman1o1
748,16497431,Matthew Huang,2026-08-01 23:19:12,1.06,7,matthewwh
749,16535094,HongYuNeil,2026-08-11 03:53:07,1.06,24,hongyuneil
750,16483685,jmatsukuma,2026-07-25 00:08:19,1.06,10,jmatsukuma
751,15522372,Thiago Munhoz da Nóbrega,2026-07-24 05:34:51,1.05,16,thiagommtmn
752,16296710,Kapilraj R,2026-07-31 11:08:51,1.05,8,kapilrajr
753,16672421,NIHAR RANJAN PANDA,2026-08-06 06:40:43,1.05,1,niharrpanda
754,16410428,DataLover,2026-07-31 18:59:11,1.05,12,paulknidler
755,15512064,soso,2026-07-03 03:21:19,1.05,17,"koesnuj,suminshim"
756,15508705,Giovanni Marco Dall'Olio,2026-07-27 21:35:16,1.05,1,dalloliogm
757,16599559,Ismail Mabrouki,2026-07-28 18:52:11,1.04,2,ismailmabrouki
758,16599963,shuto,2026-07-29 00:21:34,1.04,4,kisigan
759,16742759,Dharaniraj Lakshmanan,2026-08-21 05:53:43,1.04,1,dharanirajlakshmanan
760,15487261,Giba,2026-08-09 10:55:31,1.04,12,titericz
761,15490575,Nf4d1l,2026-08-10 06:45:25,1.04,5,nf4d1l
762,16059932,wkdrbwnd1,2026-08-17 00:03:38,1.04,6,wkdrbwnd1
763,16566144,Yiko01,2026-08-01 08:14:51,1.04,3,yiko01
764,15494543,THIRUPATHI KANNAN K,2026-08-01 10:58:51,1.04,8,thirupathikannank
765,16263464,khj1222,2026-07-06 08:58:05,1.04,16,khj1222
766,16585824,htatsumi,2026-07-29 13:55:03,1.04,4,tatsumihasebe
767,15615332,ColmOBrien1234,2026-08-19 18:29:07,1.04,20,colmobrien1234
768,15703192,ADARSH REDDY B,2026-07-21 03:22:45,1.03,3,adarshreddyb
769,16557082,Arjun Sharma,2026-07-30 01:32:11,1.03,2,arjundsharma
770,15509841,Ant,2026-08-02 21:08:36,1.03,8,anthonytrevino
771,15633586,Nikita #2,2026-08-11 06:03:55,1.03,3,nikitagajbhiye30
772,16670917,Ikeda0516,2026-08-12 16:15:11,1.03,1,ikeda0516
773,16649433,lxmjlove1,2026-08-04 01:34:36,1.03,1,lxmjlove1
774,16603860,Aadi Joshi,2026-07-27 04:53:13,1.03,1,aadijoshi19
775,15512938,hjw10086,2026-08-29 12:07:53,1.02,7,"fanglimo,hjw10086"
776,15777740,lemTree,2026-07-31 14:30:39,1.02,8,lemtree
777,16361627,MinJaeChoics,2026-07-27 13:09:44,1.02,2,minjaechoics
778,16484775,Jiajia Dawang,2026-07-19 02:27:04,1.02,1,jiajiadawang
779,16768256,DarkMatterNet,2026-08-25 00:27:53,1.02,2,darkmatternet
780,15487488,Richard Beauchamp,2026-07-28 23:20:58,1.02,37,rbeauchamp
781,16696545,Nikhil00718,2026-08-11 07:58:13,1.02,2,nikhil00718
782,15578475,Santiago Maniches,2026-08-04 13:53:17,1.02,26,santmani
783,16612903,DeineBossin,2026-07-31 00:05:54,1.02,3,deinebossin
784,15590953,k.mas,2026-08-06 06:41:43,1.01,1,kgethimas
785,15730169,Veeramuthu Babu,2026-07-07 06:20:54,1.01,3,veeramuthu
786,16093130,Team Name*,2026-07-20 09:24:30,1.01,3,jiaruicao7
787,15821658,Keven Li,2026-08-30 04:45:22,1.01,7,kevin250304
788,16263662,joicygiore,2026-07-07 03:23:11,1.01,11,joicygiore
789,15650271,yellowleaf,2026-07-26 11:21:24,1.01,10,wcqyfly
790,16592865,zbbw,2026-08-15 21:15:06,1.01,6,rakizbw
791,16500185,Lovlace、,2026-07-10 01:28:50,1.01,4,"irisis,lovlace"
792,15531997,Jordan Franklyn McCann,2026-08-06 01:56:44,1.00,30,jordanfranklynmccann
793,16272917,Ni123456&,2026-07-28 15:09:29,1.00,22,bingdongni
794,16683244,Yiğit Virdil,2026-08-07 08:11:53,1.00,1,yigitvirdil
795,16764633,yutaka arase,2026-08-25 00:02:24,1.00,2,yutakaarase
796,15493761,george yazaji1234556,2026-08-15 20:55:27,1.00,8,georgeyazaji1234556
797,15487960,Stephen Kaskin,2026-08-30 19:05:52,1.00,14,stephenkaskin
798,15532510,Mohamed IDRISSI GHALMI,2026-08-10 22:39:45,1.00,4,mohamedidrissighalmi
799,16678314,Melisakman,2026-08-07 02:04:40,1.00,2,melisakman
800,16416921,Andrey Kulakov,2026-07-01 08:29:47,1.00,3,jex398
801,16703813,Ayça Güler,2026-08-24 15:20:36,0.99,13,ayagler
802,16368858,Shivam Sharma,2026-08-24 02:31:39,0.99,19,jxm222
803,16508566,Harshank Matkar,2026-07-08 15:19:17,0.99,1,harshankmatkar
804,15493851,VasanAust,2026-08-11 04:37:24,0.99,2,vasanaust
805,16611553,Fidel Escalona,2026-08-16 23:12:30,0.99,4,fbescalo
806,16439222,Zhang.ZJ,2026-07-26 17:38:39,0.99,1,evilyevihut
807,16620772,kagglejohn15,2026-08-25 16:16:51,0.99,11,kagglejohn15
808,16282858,Schroll🇧🇷,2026-07-04 17:17:59,0.99,6,andrefernand
809,16723801,Satoshi Nguyen,2026-08-26 11:00:27,0.99,8,satoshinguyenai
810,16556855,Theo Serieys,2026-07-31 23:35:41,0.98,3,theoserieys
811,16566829,Mikey Marszewski,2026-07-25 05:59:48,0.98,2,mikeymarszewski
812,16493630,AI super coder,2026-07-12 07:12:10,0.98,6,aisupercoder
813,16691651,Abhiraj Singh,2026-08-16 00:17:02,0.98,3,cyberdrago
814,16428606,ダルシャン・キラリ,2026-07-26 06:17:34,0.98,1,darshankilari
815,15488816,Quadruped,2026-08-13 13:50:46,0.98,12,jaclyndeem
816,16286208,kutenk,2026-08-16 23:48:38,0.98,3,"guxianzhan,kalilon,kalonme,kutenk,meqikat"
817,16417375,Mogja J,2026-07-21 03:34:11,0.97,6,mogjaj
818,16348686,carpe diemviva,2026-07-15 06:36:41,0.97,10,carpediemviva
819,15503225,Luo,2026-07-06 09:19:44,0.97,13,chaoqiluo7
820,16700076,JOSHUA EDWIN JACOB V 24F,2026-08-14 13:50:26,0.97,3,joshuaedwinjacobv24f
821,15581107,AGI RL,2026-08-08 02:09:16,0.97,18,fondrose
822,15515601,xsong2020,2026-07-18 21:58:23,0.96,6,xstargate
823,15486998,Will,2026-07-27 07:17:35,0.96,3,wguesdon
824,16466675,nmst,2026-08-14 23:40:22,0.96,8,nmstopen
825,16652540,Kreytorn,2026-08-06 00:32:30,0.96,4,kuzeytorlak
826,16327552,srgmsowmya,2026-07-09 04:55:14,0.96,12,srgmsowmya
827,15594996,Brothers of Creations,2026-07-21 20:34:19,0.96,2,rahulrathnavel
828,15990012,islet,2026-07-06 03:05:03,0.96,4,kojimar
829,15590844,ghatotkachh,2026-07-08 06:29:02,0.96,1,ghatotkachh
830,16543278,tim chen,2026-07-22 05:21:53,0.96,5,tim310579
831,16623594,alireza zarei,2026-08-08 21:20:30,0.96,3,arzarei
832,16742448,castermoanah,2026-08-19 10:51:30,0.96,1,castermoanah
833,16280739,Hafida Belayd,2026-08-14 10:08:11,0.95,5,hafidabelayd
834,15921900,Saúl Delgado ,2026-07-03 16:25:17,0.95,2,saul369delgado
835,16599829,venks,2026-07-26 01:05:30,0.95,1,vterli
836,15921682,Mathemortician,2026-08-08 22:32:19,0.95,8,mathemortician
837,15491011,Smart Manoj,2026-07-04 05:59:47,0.95,8,smartmanoj
838,15494842,Aman Atar,2026-08-29 06:08:03,0.94,43,amanatar
839,15885954,Zhuravlev Viktor,2026-08-11 08:33:51,0.94,1,zhuravlevviktor
840,16256464,LosOrange,2026-07-21 02:33:35,0.94,1,losorange
841,16578102,三天,2026-08-12 01:18:30,0.94,2,gggggggxy
842,15487887,Mohammad Albaddawi,2026-07-01 11:31:35,0.94,2,m7mdalbaddawi
843,16730655,MrPro1357,2026-08-19 01:29:06,0.94,3,meghdesai03
844,15553513,TaKi,2026-08-04 04:13:14,0.94,13,jinjieqiu
845,16673702,wasp01,2026-08-07 00:02:03,0.94,2,wasp01
846,15567722,BeaconTwins,2026-08-30 13:44:03,0.94,1,beacontwins
847,16668219,MIKE DAN7,2026-08-29 01:16:44,0.94,5,mikedan7
848,15506671,Pilkwang Kim,2026-08-05 11:07:41,0.93,19,pilkwang
849,16593977,SYC,2026-07-29 05:25:50,0.93,2,yichengs
850,16727198,blurrylogic,2026-08-26 18:42:36,0.93,11,"jainam213,ningshanma"
851,16424695,준환,2026-07-20 06:05:18,0.93,5,paulguilbert
852,16661138,Demir Durbakayım,2026-08-23 14:08:00,0.93,2,sixcode
853,16594767,"HE, Jiayou",2026-07-27 05:30:18,0.93,2,hejiayou
854,15494444,Ifeoluwa Adewumi,2026-07-24 08:52:50,0.93,5,ifeadewumi
855,16585942,Vlad Kochetov,2026-07-25 16:58:29,0.93,1,vladkochetov07
856,16567569,t-enstar,2026-07-26 02:52:38,0.93,5,tstustatama
857,16603057,Jason Matthew Suhari,2026-07-27 08:43:21,0.92,2,jasonmatthewsuhari
858,15488731,Johnson Chishimba,2026-08-12 23:32:08,0.91,22,johnsonchishimba
859,16679257,Lamine Yamal,2026-08-06 22:26:05,0.91,1,ermanman
860,16517287,pAIoneers,2026-07-19 18:56:31,0.91,8,"jahansinghisdagoat,noahrauch"
861,15494921,Tagir Analyzes,2026-07-26 08:05:29,0.91,1,tagirkhairutdinov
862,16544283,Alison Moura,2026-07-20 11:15:02,0.91,3,mouraalison
863,15692916,Matthew Blake Ward,2026-08-30 01:01:30,0.91,42,matthewblakeward
864,16655146,Benjamin H Pepper,2026-08-15 17:19:41,0.91,1,bhpepper
865,15919665,Nam Nguyen,2026-07-08 20:19:42,0.91,32,namthanhnguyen2001
866,15556286,joaopedrotocantins,2026-07-24 00:06:15,0.91,5,joaopedrotocantins
867,16690379,NMZP,2026-08-23 05:43:52,0.90,3,numsap
868,16740682,whm8016,2026-08-31 00:20:29,0.90,7,whm8016
869,15532157,DanielGuy,2026-08-04 03:19:58,0.90,11,danielguy111
870,15518885,Pawan Rama Mali,2026-08-07 04:06:41,0.90,8,pawanmali
871,16484458,interneuron,2026-07-18 03:23:36,0.90,3,interneuron
872,16646937,shelbe41,2026-08-10 14:56:10,0.90,7,shelbe41
873,15789987,q zh,2026-07-02 08:53:34,0.89,11,hrbzhq
874,16633862,pushkin05,2026-08-01 01:01:12,0.89,1,pushkin05
875,16445972,DummyIndex,2026-07-23 21:48:51,0.89,10,dummyindex
876,16580350,Musa Tur Farazi,2026-07-21 13:00:43,0.89,1,musaturfarazi
877,16371120,sam,2026-07-30 03:21:31,0.89,4,samgreen2046
878,16549662,Mark Grayson,2026-07-15 11:53:27,0.89,1,flyingsinclair
879,15989721,nptd,2026-07-19 12:01:37,0.89,1,hitheone
880,16697910,Nolin Nguyen,2026-08-13 23:37:06,0.89,2,nolinnguyen
881,16452307,Dalton Omondi,2026-07-08 11:58:05,0.89,4,daltongabrielomondi
882,16719295,Phan Thanh Trung,2026-08-30 09:07:18,0.89,4,primeexcalibur
883,16047765,pensukesan,2026-07-29 23:30:15,0.89,12,pensukesan
884,15497364,Cuda Musume,2026-08-28 06:34:35,0.88,4,"chakrabhuanavdeva,gerryweber"
885,16711456,HarijsPoters,2026-08-12 16:30:59,0.88,1,harijspoters
886,15492017,Nabil Alagi,2026-07-01 03:00:57,0.88,33,nabilalagi
887,16086026,not-overfitting,2026-07-06 21:15:49,0.88,6,zidan2020
888,16135652,Izukia,2026-07-08 01:48:23,0.88,6,"accelra,izukia,tendenho"
889,16732495,Weisong Kuang,2026-08-19 02:31:55,0.88,2,weisongkuang
890,16370290,Rishav Utkarsh,2026-07-27 10:16:22,0.88,4,"nehak76044,rishavutkarsh"
891,16663762,🔥🦫📿🗽,2026-08-09 13:51:26,0.88,2,datafad
892,16560062,caspian,2026-07-21 06:21:02,0.88,5,haivan11
893,16535806,James Iffen,2026-08-18 15:33:57,0.88,1,jamesiffen
894,16486164,Siva Voleti,2026-07-10 19:10:15,0.88,1,sivavoleti
895,15554031,YOUSSOUF KAMAGATE,2026-08-06 23:46:05,0.87,1,youssoufkamagate
896,16603419,hh h,2026-07-27 01:48:21,0.87,1,hhhcqy
897,15504137,Tariku Mehdi,2026-08-13 03:03:39,0.87,6,tarikumehdi
898,16590347,G!vIOne,2026-07-24 18:46:46,0.87,2,gvione
899,16491432,ll,2026-07-06 23:21:18,0.87,1,sergeevii123
900,16492717,たかゆき,2026-07-08 00:07:30,0.87,3,takayuki0127
901,15553784,skjazz,2026-07-09 19:12:30,0.87,4,skjazz
902,16669635,Prajwal Rawoorkar,2026-08-28 19:55:56,0.87,10,"kunaltilaganji,prajwalrawoorkar"
903,16664378,Dimitri ZABRE,2026-08-05 11:25:42,0.87,1,dimitrizabre
904,15526403,BhargavaAbhi,2026-07-02 12:40:01,0.87,14,bhargavaabhi
905,16679298,Ozan AKMAN,2026-08-07 02:04:44,0.87,2,ozanakman
906,16388372,Nat,2026-07-17 04:19:50,0.86,15,natgurlain
907,16471727,FasterYouChase FasterIRun,2026-07-08 12:19:30,0.86,5,icoguser
908,15772533,⸻AgentZZ ⸻,2026-07-30 21:07:45,0.86,4,agentzz
909,16698118,Suman Nandamury,2026-08-28 00:10:07,0.86,19,nandamury
910,16629364,Aishik Rakshit,2026-08-12 19:58:05,0.86,2,aishikai
911,16328387,atila vahedian,2026-08-30 21:12:20,0.86,9,atilavahedian
912,16437247,Mimic Mohsin,2026-08-02 14:01:04,0.85,3,mimicmohsin
913,16670567,Suavemango,2026-08-17 01:01:51,0.85,4,suavemango
914,16611103,myab07,2026-07-30 14:25:21,0.85,1,myab07
915,16419023,Jacky Lin,2026-07-21 12:32:41,0.85,1,jackylin047
916,15510923,Ravi Ramakrishnan,2026-08-16 08:29:59,0.85,14,ravi20076
917,16551776,WUHAOZHE618,2026-08-22 00:00:50,0.85,4,wuhaozhe618
918,15526518,Andreas Bisiadis,2026-08-12 11:17:24,0.84,16,andreasbis
919,16535086,Hyunsik Park,2026-08-14 03:59:32,0.84,3,hyunsikpark
920,16499873,Harish K,2026-08-10 13:46:27,0.84,2,harishk2209
921,16658228,Deniz Mucur,2026-08-07 04:18:40,0.84,3,denizmucur
922,16652475,i efe Yeşildağ,2026-08-03 12:13:58,0.83,1,iefeyeilda
923,15833545,lp,2026-07-07 03:03:56,0.83,10,lihu6666
924,16431554,Pirate-Emperor,2026-07-05 17:23:37,0.83,2,piratekingrahul
925,16681401,Ada Sarp KIRIK,2026-08-07 04:57:55,0.83,1,adasarpkirik
926,16500424,bihrain,2026-07-16 17:42:00,0.83,3,bihrain
927,15660503,weiyang,2026-08-09 12:04:49,0.83,4,weiyangeliu
928,15513955,Light&Thunder,2026-07-16 07:41:01,0.83,3,yerne39
929,15490682,fenger001,2026-07-04 00:04:33,0.83,2,fenger001
930,16696612,Shishkov Vladislav,2026-08-11 08:01:16,0.82,2,timetoti
931,15996264,RameshG888,2026-07-24 18:17:30,0.82,18,ramesh888
932,16726847,Mina Gayid,2026-08-16 00:04:24,0.82,1,minagayid
933,15646085,ASGModels,2026-08-05 05:20:03,0.81,2,mkjhfghfgh
934,16543687,Coen Hewes,2026-08-02 05:32:23,0.81,3,coenhewes
935,16444749,Henry CKW,2026-08-02 01:02:43,0.80,12,kinwochan
936,16673306,Sarp Öztürk,2026-08-07 06:36:38,0.80,1,sarpztrk
937,16668629,Giwrgos Savvidhs,2026-08-05 15:29:17,0.80,1,gsavvidhs
938,16428454,letanhm,2026-07-10 06:40:18,0.80,6,letanhm
939,16679281,oguzaydin.72,2026-08-07 00:06:09,0.80,2,oguzaydin72
940,15488163,Berkay,2026-07-13 18:20:17,0.80,50,stormchaser
941,15487124,Anthony Nwafor,2026-07-08 22:46:56,0.80,3,anthonynnagbo
942,16693391,Jacob Davis,2026-08-31 04:05:01,0.79,23,jacobtdavis
943,16605252,borro1980,2026-07-30 22:54:45,0.79,1,borro1980
944,16673942,Seongsoo Park,2026-08-06 09:18:49,0.79,1,pssupkaggle
945,16722143,Devraj Singh,2026-08-18 08:42:05,0.79,4,devrajsinghk
946,16303618,Isaac Menard,2026-07-18 17:52:21,0.79,3,isaacmenard
947,15487089,Rafaël Labbé,2026-07-01 01:44:08,0.79,4,hashpanda
948,15494211,Zulqar,2026-08-06 12:54:22,0.78,1,johndoe2011
949,15488435,Artem Goncharov,2026-08-10 14:02:17,0.78,4,artemgoncarov
950,15545901,CHENGQI ZHENG,2026-08-17 12:13:32,0.78,10,chengqizheng
951,16632186,Chang Sue,2026-08-10 00:13:18,0.78,4,sc2005
952,16516797,Lea Longepierre,2026-08-03 18:03:56,0.78,2,lealongepierre
953,16651393,Doruk Kaan Kaptan,2026-08-07 07:04:40,0.77,1,dorukkaankaptan
954,15587430,Akira Hirohashi,2026-07-03 13:44:04,0.77,6,akirahirohashi
955,15562926,Oluyinka Oginni,2026-07-13 03:56:19,0.77,8,"datatemple,olugbemioginni"
956,16717315,Arda Ceylan,2026-08-14 11:13:39,0.77,1,ardacey
957,16696783,maximo lorenzo y losada,2026-08-13 01:42:30,0.76,1,maximolorenzoylosada
958,16487140,Huilei Wang,2026-07-04 18:22:50,0.76,1,gracewang011026
959,16762134,evazhan,2026-08-23 12:31:38,0.76,1,batcheval
960,16725521,Ding Ding,2026-08-18 06:41:17,0.76,4,ddddir
961,16552724,Jahan Kazimi,2026-07-23 11:37:32,0.76,2,jahankazimi
962,16620509,joequant3,2026-08-01 01:41:22,0.76,2,joequant3
963,16218547,Jiachen Li,2026-08-11 03:02:04,0.75,4,llccqq624
964,16566656,62326368,2026-07-19 01:35:59,0.75,1,mooniim
965,16740456,Tianyi HE,2026-08-28 06:42:23,0.75,7,uu1002
966,16661285,Basheer Marzoog,2026-08-04 19:22:04,0.75,1,basheermarzoog
967,16497948,Vaibhav Arduino,2026-07-07 06:25:54,0.75,1,vaibhavarduino
968,16710666,Pengyi Peng1,2026-08-17 13:12:07,0.74,4,pengyipeng1
969,16554652,Paweł Jankiewicz,2026-07-19 19:22:21,0.74,1,paweljankiewicz
970,15677791,Rayan Chakib Idris,2026-08-14 20:53:28,0.73,3,rayanchakibidris
971,16584442,juricek chen,2026-07-22 07:34:41,0.72,1,juricekchen
972,15917525,Chris Paul Walker,2026-07-11 03:37:17,0.72,28,chrispaulwalker
973,16486428,Matěj Kopecký,2026-07-04 18:01:49,0.72,1,matjkopeck
974,16269683,Mathieu W,2026-07-31 12:41:03,0.72,3,mathieuw
975,16494808,MiHu,2026-07-06 12:16:33,0.71,1,chenboluo
976,16021367,the last dance,2026-08-30 21:53:17,0.71,39,"dwellement0baser,fses91,gklambauer,lukasaichberger"
977,16575052,Кирилл Алешин,2026-07-20 19:33:54,0.70,1,kirneo
978,16132261,face-of-agi,2026-07-08 21:05:14,0.70,33,"cmechevalier,richardcsaky"
979,15620054,bueno,2026-08-01 14:42:50,0.70,8,"marynaborovska,yuriygreben"
980,16679963,uzair,2026-08-07 06:04:14,0.69,1,quantumcurator
981,16481141,Dajai Stewart,2026-08-09 06:15:55,0.69,2,dajaistewart
982,15660677,Udit Jain,2026-07-07 18:09:47,0.69,1,uditjain13
983,15707928,Michael Poluektov,2026-07-31 15:40:51,0.69,1,michaelpoluektov
984,15600061,adakoda,2026-08-01 00:38:22,0.69,51,adakoda
985,16454096,1tracksystem,2026-07-13 10:24:23,0.68,14,onetracksystem
986,15513545,Redfield Rentals,2026-04-17 04:11:30,0.68,20,niyatisingla
987,16723217,Jinx JK,2026-08-15 05:03:53,0.67,1,jinxjk
988,16292356,Scrattle,2026-08-30 23:18:57,0.67,38,scrattle
989,16323563,ym_xqm121,2026-07-18 12:28:33,0.67,4,ymxqm121
990,16599650,prvsiyan,2026-07-28 17:08:23,0.67,2,prvsiyan
991,16688319,kid william,2026-08-14 09:29:11,0.66,1,kidwilliam
992,15545043,Wild Star217,2026-08-17 15:20:37,0.66,35,wildstar217
993,16756315,Oleg Smirnov,2026-08-26 00:10:54,0.66,2,smirnolegov
994,16652771,EmirKaanozdemr,2026-08-06 20:55:08,0.65,3,emirkaanozdemr
995,16668517,Toprak Gundogdu #2,2026-08-07 00:13:14,0.65,3,toprakgundogdu123
996,16663634,Grayskull,2026-08-18 10:38:44,0.65,13,maciejbrzeski
997,15494399,SVG,2026-04-16 06:23:59,0.65,21,sandeepgoyal1980
998,15519082,Akmal Azzam o'g'li,2026-08-29 16:23:55,0.65,11,akmalmir
999,16705639,JungHwan,2026-08-13 00:12:01,0.65,3,najunghwan
1000,15892305,moeuuu,2026-07-15 07:50:40,0.64,2,moeuuu
1001,15495380,AnpAn_Men,2026-07-03 17:57:26,0.64,4,anpanmen
1002,15504761,Matthew Philip Poetker,2026-06-30 12:28:06,0.64,19,mattpoetker
1003,15513542,[a-z A-Z] [1-9],2026-04-16 06:23:27,0.63,19,sumanb1985
1004,16475680,hydrogenbonds,2026-08-12 09:49:15,0.63,18,jeffreyntse
1005,16462946,YouKnoWho,2026-07-11 10:39:50,0.63,4,darksoul026
1006,16448505,Mando,2026-07-24 14:30:33,0.62,1,chesteryuan
1007,16448608,goose goose duck,2026-07-03 14:12:23,0.62,5,"deniseguo,jiexusheng20bz"
1008,16128418,woihexi,2026-07-05 17:48:44,0.62,1,"woihexi,xzw9178"
1009,15513536,Kamado Tanjiro,2026-04-17 05:42:48,0.61,20,parthg0106
1010,16612413,Mike Lee,2026-08-31 08:25:28,0.60,20,mikejlee
1011,16500512,Joseph Adamski,2026-07-21 19:04:31,0.60,13,josephadamski91
1012,16436012,yxy,2026-07-01 11:32:13,0.60,4,yingxuanyang
1013,15513547,"Winner Winner, BBQ Dinner",2026-04-17 05:43:08,0.59,20,manavsingla2005
1014,15568397,neeraj b,2026-04-17 05:17:58,0.59,11,neerajb2000
1015,15486688,Thomas Yiu,2026-08-30 05:57:59,0.59,2,thomasyiu2
1016,15942555,Abraham,2026-07-14 22:23:11,0.59,17,abram007
1017,15513538,Dhanashree Chavan,2026-04-17 04:09:23,0.58,20,dhanashreechavan2000
1018,15531976,Sanjay Dutt,2026-04-16 06:23:47,0.58,16,sanjaygoyal1982
1019,16683236,engiemin,2026-08-07 08:11:13,0.57,1,engiemin
1020,16598196,Andrei Chulkov,2026-08-27 14:44:23,0.56,5,andreichulkov
1021,15486706,AGgIes,2026-07-12 02:49:59,0.56,4,"bhavyanukapotula,flash36,shahidaamirsheikh,spark8433"
1022,16458923,Tareq,2026-07-09 07:06:04,0.55,3,talkhaldi
1023,16416577,Chandu Lakkimsetti,2026-07-22 07:25:26,0.55,2,chandulakkimsetti
1024,16459523,hahastone,2026-07-02 20:41:04,0.54,3,hahastone
1025,16276663,Qiwei,2026-07-04 08:11:41,0.53,5,qiweiyin
1026,16387842,Ruxiao Qian,2026-07-31 14:12:17,0.53,7,ruxiaoqian
1027,15907021,Huangxin14,2026-07-17 02:46:17,0.52,4,huangxin14
1028,16402997,Vedant Gupta,2026-07-12 18:44:21,0.52,1,vedantgupta070
1029,15488639,[Deleted] 31dcedba-a700-4b00-9079-1d3195779db2,2026-06-10 09:01:08,0.51,66,del=795a5bc1dd2cd32b
1030,16466739,Zhecho Mitev,2026-07-01 14:21:35,0.51,1,zhechomitev
1031,15494057,Sergei Fironov,2026-04-03 10:51:19,0.50,5,sergeifironov
1032,16658256,Emrullah Söyler,2026-08-05 13:17:51,0.50,2,emrullahsyler
1033,16537624,Student,2026-07-20 17:23:23,0.50,3,jonahm
1034,16387036,Jens Lehmann,2026-08-30 19:20:41,0.50,13,jenslehmann
1035,15494779,accforantigravity1,2026-04-06 04:59:47,0.49,9,accforantigravity1
1036,16393597,Tahsin Arafat,2026-06-30 17:37:17,0.48,1,tahsinarafat
1037,16485287,Haily_mary,2026-07-05 15:25:24,0.48,2,hailymary
1038,15552958,최강 필립,2026-05-23 19:49:01,0.48,29,hakgyuhong
1039,15486661,theredbluepill,2026-06-21 15:18:26,0.47,67,"del=fccf4a7a35741c78,poonszesen"
1040,16348978,Son Tran,2026-07-12 09:12:04,0.47,9,s27813
1041,15940553,Quinn,2026-05-21 03:56:20,0.47,7,fooboy
1042,15513541,Pg0106,2026-04-03 05:21:56,0.46,6,pg0106
1043,15517097,IC2,2026-06-05 09:20:02,0.46,10,jonathanchan
1044,15531140,HongyuChen123321,2026-07-03 03:50:13,0.46,8,hongyuchen123321
1045,15500383,Sumit Pandey,2026-04-06 04:08:05,0.46,3,itsyoursumit
1046,16679156,Seniha Dal,2026-08-07 04:23:38,0.45,2,senihadal
1047,15659990,动物朋友,2026-04-26 13:25:50,0.45,3,"breadkaggle,chenyixu2004"
1048,16444733,Lamsiu,2026-07-01 00:23:28,0.45,2,samzliu
1049,15520587,Sweety Seelam,2026-08-03 20:29:07,0.44,65,sweetyseelam
1050,16424567,Samuel Xu,2026-07-14 17:39:42,0.44,15,samuelzxu
1051,16302564,Cameron Warrennn,2026-06-22 13:07:41,0.44,8,cameronwarrennn
1052,15513551,PAG0106,2026-04-03 05:22:52,0.44,6,pag0106
1053,15500528,Sonnia AI,2026-06-30 23:52:40,0.44,6,drozza
1054,16432576,Mario Gemoll,2026-07-03 20:26:55,0.43,8,mariogemoll
1055,16421960,Gopal Krishna Gundumalla,2026-07-25 15:25:20,0.43,13,gopalkrishnag
1056,15491953,Umer Haddii,2026-06-08 10:16:55,0.43,25,umerhaddii
1057,15540497,PyJa,2026-06-26 10:31:43,0.43,10,pixiux
1058,15635434,Gabriel Mirea,2026-06-30 10:15:17,0.42,10,gabrielmirea
1059,15731261,Genki,2026-07-01 02:22:21,0.42,30,genkiwatanabe
1060,15543640,李闯,2026-05-26 01:17:24,0.42,45,deyiao
1061,15564597,Bogdan Kovenko,2026-08-27 14:05:50,0.42,19,bogdan355
1062,15510096,Beyond Logic,2026-08-08 21:27:26,0.42,15,"beyondlogic,mazharie,turag10"
1063,16574175,Ohmikawa,2026-08-16 00:31:19,0.42,1,koheiomikawa
1064,15905450,Ngoc Nguyen Tuan,2026-07-05 05:23:57,0.42,18,ngocnguyentuan
1065,15509312,zorojuro,2026-06-30 08:15:22,0.42,58,vyankteshdwivedi
1066,16246061,Jingjing,2026-08-24 03:00:43,0.41,9,imppie
1067,16694368,easonyanyan,2026-08-31 04:41:34,0.41,10,easonyanyan
1068,15501006,Jan Disselhoff,2026-07-12 00:07:51,0.41,23,insanitycheck
1069,15495944,Chenyu Wang,2026-05-06 16:21:09,0.41,8,ataraxyyeah
1070,15494694,Makarr,2026-06-26 04:26:47,0.41,51,makarrogovik
1071,16298652,yuru1yang,2026-06-30 03:09:23,0.40,10,yuru1yang
1072,16024999,JiSung,2026-06-13 15:50:31,0.40,5,jisungreal
1073,16639352,John Artzi,2026-08-01 22:26:58,0.40,1,johnartzi
1074,16645880,HΣM ΔKΔRΔPU,2026-08-06 00:11:04,0.40,4,hemakarapu
1075,16023573,PRAVIN_SJCE,2026-06-07 16:50:20,0.40,6,pravinkannan18
1076,16431170,lxh unbound,2026-06-29 11:23:44,0.40,2,lxhunbound
1077,15511978,Adam Rudd,2026-08-30 14:01:15,0.39,134,rudddy
1078,15571729,omar zoloev,2026-06-03 21:06:27,0.39,44,tsebaka
1079,15522769,Anyang Su,2026-06-29 09:16:19,0.39,6,anyangsu
1080,16310005,Ehab Ibrahim Khalil Mohamed,2026-06-29 06:32:00,0.39,4,ehabkhalil0
1081,15742001,Kaustav Banerjee,2026-06-23 09:28:22,0.39,19,gitkaustav1996
1082,16377858,Prateik Sinha,2026-07-01 02:43:38,0.39,7,prateiksinha
1083,16286664,Ayodeji Akinola,2026-08-30 04:04:34,0.39,19,ayodejiakinola
1084,15518338,Eslam Elokpy,2026-05-05 19:12:00,0.39,7,eslamelokpy
1085,15643154,chrv,2026-08-29 07:21:02,0.38,6,chrv23
1086,15639195,Facundo Olcese,2026-07-13 18:39:51,0.38,23,facundoolcese
1087,15707799,Kun Zhang,2026-08-13 19:41:58,0.38,99,beicicc
1088,15486999,Kamal Das,2026-05-09 18:23:24,0.38,6,kmldas
1089,15490521,MUHAMMAD SAMEER TARIQ,2026-06-18 03:10:54,0.38,5,muhammadsameertariq
1090,15880404,Ahmad Fakhar,2026-06-16 08:30:59,0.38,1,ahmadfakhar
1091,15487029,vialactea,2026-05-30 12:04:51,0.38,39,vialactea
1092,15563995,Artem Nazemtsev,2026-05-03 14:16:07,0.37,3,artemnazemtsev
1093,15824014,KimMun,2026-07-10 15:02:09,0.37,22,munhyeong
1094,16100940,Pranesh,2026-07-03 02:25:38,0.37,24,praneshsaha
1095,15489635,aha_Yann Zhenxuan,2026-06-16 08:49:38,0.37,2,yannzhenxuan
1096,16259498,AlexJoseph12312,2026-06-19 10:43:59,0.37,6,alexjoseph12312
1097,15491441,Vitor Hugo Barbedo,2026-07-24 00:04:39,0.37,21,vitorhugobarbedo
1098,15914947,Sid_AI_Engineer,2026-05-20 03:35:59,0.36,1,sidaiengineer
1099,15504594,Hibachi Fried Rice,2026-05-09 05:56:54,0.36,18,samvalladares
1100,15788942,JustRadr,2026-05-02 09:48:47,0.36,2,justradr
1101,15579683,Elvis Bui,2026-05-05 19:23:28,0.36,16,elvisbui
1102,16110416,Artem Gorokhov,2026-06-30 19:00:05,0.36,1,ga5534
1103,15504828,Ryan Adams,2026-07-14 12:02:53,0.36,34,ryanadamsai
1104,15705374,rahul singh nsec,2026-06-10 04:07:05,0.36,17,rahulsinghnsec
1105,16441059,Rohit Kumar Sahoo,2026-06-29 18:32:32,0.36,1,rohit4118
1106,16095073,Gaurav Kushwaha,2026-06-30 06:47:51,0.36,3,fridaycode
1107,16311340,Tim Krige,2026-07-14 20:55:38,0.36,3,timkrige
1108,16087024,primal,2026-06-24 21:59:11,0.36,3,primalhost
1109,15496181,Rui Costa,2026-04-20 01:53:33,0.36,7,ruicos
1110,16594029,Martin Balla,2026-08-04 20:20:05,0.36,5,martinballa
1111,16556956,Stefan Reinmann,2026-07-21 08:43:53,0.36,2,stefanreinmann
1112,16594426,Aaryan Pawar,2026-08-24 16:26:53,0.36,12,aaryanpawar16
1113,15502834,LongHuL,2026-07-04 13:22:58,0.36,13,longhul
1114,16780579,bjstan Xiao,2026-08-29 00:31:31,0.35,2,bjstanxiao
1115,16429321,OctoByte,2026-06-28 17:49:14,0.35,4,octobyte
1116,15526661,Gena,2026-04-02 08:06:54,0.35,3,gdonchyts
1117,15620751,AnonymousTorchCat,2026-04-15 09:14:41,0.35,1,anonymoustorchcat
1118,15496986,Marek Nurzynski,2026-05-07 13:44:05,0.35,12,marek3000
1119,15495023,Heminator,2026-04-03 00:04:08,0.35,3,heminator
1120,15494449,Ahmed Wez,2026-05-05 10:58:59,0.35,19,ahmedwez
1121,16158545,yp011235,2026-07-28 21:54:11,0.35,18,yp011235
1122,15540981,Quintilis Academy,2026-08-31 02:28:55,0.35,62,"paulgrenci,quintilisacademy,sarthakpatnaik1998"
1123,15721993,naveen11@12,2026-05-14 08:27:34,0.35,15,naveen1112
1124,16161345,VibeMesh Labs,2026-07-17 17:45:15,0.35,23,toverly
1125,16730066,Emek Can Doğru,2026-08-31 00:06:14,0.35,12,emekcandoru
1126,15493035,NamVIDIA,2026-04-21 06:10:39,0.35,18,"alexsandaer,del=37a64735fd4afda1,kevinnqt,vanngothanh"
1127,15598296,Marek Wyborski,2026-04-21 11:12:51,0.34,3,marekwyborski
1128,16306699,shunsuke240117,2026-06-17 07:39:34,0.34,3,shunsuke240117
1129,15733920,S. Jason Prohaska,2026-07-30 07:51:37,0.34,46,sjasonprohaska
1130,15499056,David Martin,2026-07-16 15:54:03,0.34,20,databasecsv555
1131,15506165,Nine1Eight,2026-08-26 22:49:00,0.34,47,wethepeople918
1132,15518410,耶✌,2026-07-13 15:03:39,0.34,23,qifeihhh666
1133,15697214,L1a0JH,2026-07-06 07:37:16,0.34,2,coolkid14122
1134,15626455,Young,2026-05-06 02:53:55,0.34,15,christie
1135,15998500,Kazi Aishikuzzaman,2026-08-29 03:18:27,0.34,12,kaziaishikuzzaman
1136,16105765,ali.bhji,2026-07-05 02:02:54,0.34,2,alicomtec
1137,15605359,Dmitry Kozlov,2026-05-06 00:01:39,0.34,16,dkozlov
1138,15489507,Arnaldo Pereira,2026-06-16 00:12:54,0.34,2,arnaldoapp
1139,16042212,HARIDOSS24,2026-05-21 13:20:36,0.34,1,haridoss31
1140,16426329,Santiago Mota,2026-06-24 08:51:55,0.33,1,santiagomota
1141,15618765,zaka26019,2026-06-25 17:21:53,0.33,9,zaka26019
1142,15490455,MuChat007,2026-05-09 00:06:29,0.33,20,muchat007
1143,16362930,Hafiz Atif Ali,2026-06-28 01:32:11,0.33,2,dingolingo
1144,15490245,tdeshpan,2026-05-22 03:14:21,0.33,21,tdeshpan
1145,15740088,subbarao pothineni,2026-05-07 20:45:40,0.33,9,subbaraopothineni
1146,16250440,Neeraj,2026-06-13 11:43:34,0.33,8,nee404
1147,15529479,JarvisMaker,2026-04-08 07:07:08,0.33,4,piuati
1148,15632995,Cnueua,2026-04-16 17:50:42,0.33,1,cnueua
1149,15504124,UEFO-PRO,2026-04-02 15:22:47,0.33,3,adejumobidaniel
1150,15785736,Konstantin Kuzmichev,2026-04-29 19:12:15,0.33,1,konstantinkuzmichev
1151,16764521,JunWenZhu_1314,2026-08-25 17:05:24,0.33,1,junwenzhu1314
1152,15643108,shivansh patel4354,2026-07-03 22:39:38,0.33,13,"ishanbojja,shivanshpatel4354,vihaandashputre"
1153,15632280,zzllusa,2026-05-11 01:02:15,0.33,18,zzllusa
1154,16098518,Leifson1337,2026-07-08 16:07:43,0.33,18,leifson1337
1155,15534003,yukanglimofficial,2026-06-30 14:29:31,0.33,11,yukanglimofficial
1156,16603382,Carlos Ponce,2026-08-19 18:39:59,0.33,5,carlosoponce
1157,15748091,Karnakbayev Artur,2026-05-08 19:44:19,0.33,9,karnakbaevarthur
1158,15966733,Brain is all you need,2026-06-21 17:34:07,0.32,20,yaroslavkholmirzayev
1159,16292160,Nandakishor Convai,2026-06-26 05:01:39,0.32,15,nandakishorconvai
1160,16162778,Igor V,2026-08-30 05:49:09,0.32,4,rostigor
1161,16654262,Liesvy Valladares,2026-08-04 01:07:43,0.32,1,liesvyvalladares
1162,16253774,Søren Ravn Andersen,2026-06-27 07:14:33,0.32,18,sorenravn
1163,15552236,Adarsh,2026-06-29 10:34:45,0.32,5,adarsh2626
1164,15542241,"NICOLAS B. QUIROZ, MD",2026-04-30 18:52:03,0.32,12,quirozmd2010
1165,15488651,没落者,2026-06-02 01:07:50,0.32,40,needless090
1166,15486911,Dhavan Shah,2026-08-05 22:52:56,0.32,4,dhavanshah99
1167,15561509,RickyCOrozco,2026-04-21 02:01:49,0.32,6,rickycorozco
1168,15570121,Priyanshu Sharma,2026-04-07 09:31:00,0.32,1,priyanshujiiii
1169,15497526,shafiullah,2026-06-03 05:03:30,0.32,21,bigdataanalysis1
1170,15902343,Peter_P77,2026-05-11 01:50:11,0.32,4,peterp77
1171,15749242,ccccccy q,2026-05-07 12:40:33,0.32,3,ccccccyq
1172,16594301,ArnavGr0ver,2026-08-17 19:45:43,0.32,10,arnavgr0ver
1173,15830194,Mariglen Allushi,2026-05-06 06:36:12,0.32,4,gucci1337
1174,16026169,Tkhanna96,2026-06-11 23:21:54,0.32,14,tkhanna96
1175,16393169,Aditya Gupta,2026-06-23 11:20:31,0.32,1,shadowmonarc95
1176,15495155,Marco Ledda,2026-04-15 10:26:44,0.32,5,marcoledda29
1177,15771264,Manav Trivedi,2026-06-13 05:08:13,0.32,12,manavtrivedi
1178,16430313,Leszcz,2026-07-19 23:16:55,0.32,6,franciszekpiechocki
1179,15586866,AEONICAL LAB,2026-08-03 06:52:15,0.32,9,kudzaiking
1180,15491937,Imaad Mahmood,2026-05-16 17:11:54,0.32,23,imaadmahmood
1181,16299461,ksjksj,2026-07-02 13:39:45,0.32,4,ksjksj
1182,15494935,Mattpelor,2026-04-17 08:49:03,0.31,22,mattpelor
1183,16560494,victor,2026-08-07 03:01:34,0.31,11,vicmcorrea
1184,15733342,warriorjod,2026-06-29 05:19:00,0.31,7,warriorjod
1185,15624195,Zerabyte_X,2026-06-04 11:56:09,0.31,4,zerabytex
1186,16532032,Takao Morita,2026-08-17 05:49:13,0.31,20,takaomori
1187,16150014,Banwait_13,2026-08-15 10:07:50,0.31,11,banwait13
1188,15486743,Yash Marathe,2026-06-28 17:08:44,0.31,2,maratheyash
1189,15702803,Yiding Wang,2026-06-19 08:50:54,0.31,11,"jalenchang,yidingwangwill"
1190,15596779,Vandit,2026-06-16 08:09:02,0.31,43,vandittyagi0909
1191,16390772,Abid Ali Awan,2026-06-18 18:54:08,0.31,1,kingabzpro
1192,15533115,P3069,2026-04-01 19:23:16,0.31,1,pietrocol
1193,16269931,Trueis,2026-08-24 12:39:07,0.31,8,"trueis,vaibhavkovela"
1194,16371167,TG_Aetheryx,2026-07-11 00:59:51,0.31,24,subzerin
1195,15557566,Petitgen,2026-08-31 00:01:16,0.31,14,negtitep
1196,15858349,Leave Blank,2026-05-14 04:52:42,0.31,6,ai4funnwp
1197,15562202,Daris Dzakwan Hoesien,2026-04-06 02:41:49,0.31,1,darisdzakwanhoesien2
1198,16790423,chugarchugarr,2026-08-31 00:17:38,0.31,3,chugarchugarr
1199,15858927,Mehul Mathodia,2026-06-05 11:41:22,0.31,16,mehulmathodia
1200,15546253,Digitally Demented,2026-06-03 17:40:16,0.31,40,digitallydemented
1201,15883736,kusui26,2026-05-27 01:27:36,0.31,8,kusui26
1202,16082260,Saptak Banerjee,2026-05-26 10:48:40,0.31,1,saptakbanerjee123
1203,15488017,AMD,2026-05-06 14:56:50,0.31,10,amadesouki
1204,16153444,Jeffan Chen,2026-06-16 03:34:00,0.31,11,jeffanc
1205,15489579,Kiki,2026-06-04 11:30:12,0.31,4,rouiou
1206,15496864,Alper Ugurcan,2026-05-31 12:52:03,0.31,16,alperugurca
1207,16260267,blackseashark@gcvt,2026-08-24 07:20:35,0.31,10,"blackseasharkgcvt,morsmanipulus,shreyjauhari,sidheshmishra,trushti"
1208,15819155,yi-yang,2026-06-05 06:08:40,0.31,14,yihsiuyang
1209,16234131,Tyler Hughes,2026-08-30 22:55:49,0.31,66,tylerbrianhughes
1210,15511390,NinjaNick,2026-04-03 00:31:54,0.31,6,ninjanick
1211,16261636,dan 0438,2026-06-26 02:02:19,0.31,10,dan0438
1212,16678752,GB1105,2026-08-07 09:23:26,0.30,2,gb1105
1213,15561790,sillyveh,2026-04-20 12:17:26,0.30,7,sillyveh
1214,15503127,TARUN8808,2026-05-07 18:32:47,0.30,15,tarun8808
1215,16261586,ahmet akyurt,2026-06-30 08:01:47,0.30,16,ahmetakyurt
1216,16380819,jdysjg,2026-07-11 01:00:00,0.30,19,tgmath
1217,15506605,Troyxxf,2026-04-29 05:07:09,0.30,25,troyxxf
1218,15490684,Mansour A. S. Ataa,2026-08-28 02:15:37,0.30,15,profmansoor
1219,16254990,Peter Kim,2026-06-07 15:51:05,0.30,1,petekiam27
1220,15504827,Yeshua,2026-06-07 14:42:30,0.30,33,mosesjoshuacoker
1221,15557388,Ttkuma,2026-06-27 03:15:33,0.30,4,ttkuma
1222,16205244,HaochenShi,2026-07-04 02:44:17,0.30,3,haochenshi
1223,16778151,Tushar Sharma,2026-08-30 14:10:05,0.30,4,tusharhsharma
1224,15770611,Ayaka Kirima,2026-06-24 13:57:25,0.30,1,ayakakirima
1225,15508564,Marius Heuser,2026-06-30 20:36:28,0.30,44,mariusheuser
1226,15541601,Shhn,2026-04-04 00:19:56,0.30,3,shahinkh
1227,16701499,ZHUO ZIJIE,2026-08-18 00:00:48,0.30,5,zhuozijie
1228,15861414,Mario Santorelli,2026-05-10 00:20:07,0.30,5,mariosantorelli
1229,15502772,Ameya Tanikella,2026-04-18 15:02:10,0.30,1,axizcc
1230,16095139,Apex,2026-06-15 22:46:01,0.30,10,brendank1ng
1231,16059142,TheLightIs,2026-06-06 22:06:31,0.30,3,thelightis
1232,15601708,Liew Keong Han,2026-07-01 00:17:32,0.30,7,farmountain
1233,16534180,ShadowJutszu,2026-07-31 07:11:15,0.30,12,gshadow
1234,15495259,geolearnerr,2026-06-11 03:49:27,0.30,1,geokocha
1235,15865894,fengren,2026-05-06 02:20:22,0.30,2,fengrenyang
1236,15569757,Jules,2026-07-15 11:25:02,0.30,8,julesvanligtenberg
1237,15628830,Pz,2026-05-14 13:47:03,0.30,9,phillipvz
1238,15491130,christopher athans crow,2026-07-20 03:29:42,0.30,13,cchrisaa
1239,15509337,Daniel Cooper,2026-04-05 14:06:03,0.30,9,habrt03
1240,16530739,陈星余csu,2026-07-14 05:12:32,0.29,3,csucxy
1241,15549790,Md Feroz Ahmed,2026-04-03 17:56:59,0.29,1,mdferozahmedafm
1242,15552744,Gwho,2026-04-24 14:18:08,0.29,14,gwhoxd
1243,16438896,pilipala,2026-06-27 06:32:13,0.29,2,nianshi
1244,15607045,ChenZiang,2026-05-13 02:20:12,0.29,3,leoziangchen
1245,15488321,khalwaniev,2026-05-07 08:05:20,0.29,5,khalwaniev
1246,16191729,Pruden,2026-06-11 05:53:36,0.29,2,mohammedm0iz
1247,16685374,Tirenioluwa_K,2026-08-27 11:25:47,0.29,4,tirenioluwak
1248,16432466,ne Artem Savchenko,2026-06-29 08:05:25,0.29,3,neartemsavchenko
1249,15526600,iheb2023 ,2026-04-02 12:56:12,0.29,2,iheb2023
1250,16012003,AdamBelniak,2026-05-19 09:29:17,0.29,1,adamos581
1251,15486978,Lennart Haupts,2026-04-08 14:52:11,0.29,1,lennarthaupts
1252,15500416,Aditya Krishnan Mohan,2026-05-01 07:16:27,0.29,4,adityakrishnanmohan
1253,15582918,colt,2026-06-30 00:39:05,0.29,6,xiaomaguo
1254,16475988,Vishnu R Mohan,2026-07-20 03:50:39,0.29,12,vishnurmohan
1255,15548641,hiromi maeo,2026-05-08 09:31:57,0.29,34,hiromimaeo
1256,16541906,Kethan Sai,2026-08-29 07:55:13,0.29,6,kethansaikoneru
1257,15588843,Nilesh kumar yadav,2026-04-11 18:12:53,0.29,1,nileshyadavme
1258,15932748,Paulo Pinto,2026-05-14 13:09:43,0.29,1,paulorzp
1259,16017546,Shiva,2026-06-09 19:42:54,0.29,3,shivasai77
1260,15545902,bailh1,2026-04-03 10:05:26,0.29,1,bailh1
1261,16095200,Derek Earnhart,2026-08-30 00:04:10,0.29,9,derekearnhart
1262,15521649,Thangtm,2026-04-06 02:48:08,0.29,1,theaiboy
1263,16774176,Anay Garodia,2026-08-30 13:34:03,0.29,5,anaygarodia
1264,16262158,Shlok Sah,2026-07-04 00:20:01,0.29,9,shloksah
1265,16754235,AI Frontier,2026-08-30 01:54:41,0.29,5,spoortim
1266,15622692,Ralf,2026-06-08 07:33:50,0.29,22,ralfffhs
1267,16305354,dan0437,2026-06-30 05:44:41,0.29,8,nishitdashputre
1268,15622290,minghao mei,2026-04-16 05:36:00,0.29,2,minghaomei
1269,15558459,Chek,2026-06-16 02:48:06,0.29,23,"lnmson,mncuchiinhuttt"
1270,15815046,Panagiotis Katsakioris,2026-06-14 09:10:52,0.29,2,panagiotiskat
1271,16089303,13-Strings,2026-06-21 06:02:13,0.28,24,thirteenstrings
1272,16701377,Rafał Wiktorowicz,2026-08-25 19:11:38,0.28,15,"budzajantoni,rafawiktorowicz"
1273,16014477,Mandel,2026-06-05 12:46:46,0.28,5,mandelxu
1274,16724287,Shyshca,2026-08-27 07:53:58,0.28,7,shyshca
1275,15504932,Soymilk,2026-04-21 16:54:39,0.28,2,gap123
1276,15789748,oQoXOdK6,2026-04-30 03:34:38,0.28,1,oqoxodk6
1277,15584520,Nadine Squires,2026-04-15 11:11:56,0.28,7,nadinesquires
1278,15993194,Jonas von Kobylinski2,2026-06-23 01:03:19,0.28,4,jonasvonkobylinski2
1279,16278339,Kyriakos Tsourekas,2026-06-20 10:47:34,0.28,6,kyriakostsourekas
1280,16767988,pranjal99999,2026-08-25 05:47:00,0.28,2,pranjal99999
1281,15780213,Justin Arndt,2026-08-27 19:08:35,0.28,9,justinarndt
1282,15486959,The Loose Goose,2026-07-27 23:46:05,0.28,41,konradbhopenottaken
1283,15501420,SIVA S,2026-08-31 07:06:11,0.28,154,codingmaster24
1284,15497723,[Deleted] 5dfc4429-6f3c-47d1-ba2d-0ac9055a8eaa,2026-04-22 05:12:50,0.28,18,josefedwards
1285,15575054,yuri-ao,2026-05-20 04:02:44,0.28,8,yuriao
1286,16371227,Anand Kumar,2026-07-06 04:48:05,0.28,5,anandkg22
1287,16001833,Yield Smarter,2026-06-10 14:24:49,0.28,5,yieldsmarter
1288,16266590,liuweiqing147,2026-06-26 01:40:56,0.28,11,liuweiq
1289,16779319,Ari Nakos,2026-08-30 10:37:52,0.28,4,aristides
1290,16248093,EddieSong08,2026-06-21 06:39:27,0.28,6,eddiesong08
1291,15703826,shwesh,2026-04-28 04:08:30,0.28,3,shwesh
1292,16721325,Limidet Pro,2026-08-21 18:37:50,0.28,3,limidetpro
1293,15507995,Manish Swami,2026-04-06 15:43:45,0.28,4,manish756
1294,15487588,Benjamin Storck,2026-04-21 07:31:12,0.28,12,benjaminstorck
1295,16298976,AnSuSu,2026-06-25 20:25:36,0.28,3,asusu
1296,15623247,Kujaomega,2026-04-15 16:25:26,0.28,1,kujaomega
1297,15821468,royvivasi,2026-05-07 20:27:51,0.28,5,royvivasi
1298,16426243,tsdocode,2026-06-29 05:37:56,0.28,6,tsdocode
1299,16733268,Prometheus,2026-08-24 00:43:17,0.28,5,luisignaciomoreno
1300,15917281,Ansel,2026-05-17 02:58:38,0.28,6,sitaochou
1301,16715087,Karl Ambrosius 2020,2026-08-21 00:18:26,0.28,8,karlambrosius2020
1302,15525116,Jack,2026-04-10 21:24:23,0.28,5,jackvd
1303,16674916,مشعل العتيبي,2026-08-22 19:16:56,0.28,9,vexsz71
1304,16600353,Tom Yim,2026-08-10 04:12:10,0.28,2,tomyim
1305,15931624,Jaksen,2026-05-29 19:51:39,0.28,12,jaksencharles
1306,15493869,Anh Khoa Đoàn Nguyễn,2026-06-30 05:19:32,0.27,40,anhkhoaonnguyn
1307,16573365,Vadim Soin,2026-08-09 04:19:25,0.27,5,vvsoin
1308,15785849,ARC 3,2026-05-13 03:50:53,0.27,7,pinkrahnanaofosuhene
1309,15553625,schanitater,2026-04-09 08:14:00,0.27,2,schanitater
1310,16549764,undergrad is all you need,2026-08-25 07:12:27,0.27,2,hidude562
1311,16053147,Zie Chan,2026-06-25 07:32:05,0.27,1,ziechan
1312,16097064,PYK0409,2026-07-06 09:49:56,0.27,10,pyk0409
1313,15573480,Carlos Henrique C. Matos,2026-04-08 12:43:56,0.27,2,carlosmatos97
1314,16030817,medkhalil hawachi,2026-07-01 13:19:55,0.27,6,medkhalilhawachi
1315,16057217,Zhou Canyu,2026-07-01 04:03:57,0.27,26,zhoucanyu
1316,15785832,Benjamin Woodson,2026-04-29 19:38:25,0.27,1,benjaminwoodson
1317,15488011,dataWr3cker,2026-04-07 12:40:29,0.27,11,gourabr0y555
1318,16317238,Nandakishor,2026-06-27 10:16:36,0.27,1,nandukuttan
1319,15559270,ommo007,2026-04-13 07:06:51,0.27,6,ommo0047
1320,16275076,Gloria_Leille,2026-06-12 04:37:24,0.27,4,mathemagicianbb
1321,15549819,kawaii,2026-04-15 07:55:46,0.27,4,vrshyamsunder
1322,16320397,Demirhan1,2026-08-10 01:06:24,0.27,10,demirhan1
1323,16209449,Ajay_Rao_43,2026-06-28 07:59:21,0.27,2,ajayrao43
1324,15657107,Inexperienced Me,2026-07-31 08:58:04,0.27,10,inexperiencedme
1325,15495088,Albert Wang,2026-06-26 22:24:47,0.27,3,mianwang1024
1326,15522913,[Deleted] 7ce58550-6ceb-4cf7-a465-8262efdf1126,2026-04-08 06:55:01,0.27,2,del=98bb24a0882b539e
1327,15629139,vishnuvardhan33,2026-04-16 09:47:01,0.27,1,vishnuvardhan33
1328,16535729,Soft,2026-08-30 20:15:53,0.27,15,fabienwaitzenegger
1329,15904528,Jihang Li,2026-05-15 00:00:58,0.27,7,jihangli1121
1330,15493240,Abdul wahab Khan,2026-04-06 07:55:22,0.27,3,abdulwahab2321
1331,15554292,Yang Lv,2026-04-06 03:52:34,0.27,2,lvyang199888
1332,15493727,Taurowl,2026-06-16 07:48:19,0.27,2,lnminh
1333,15607879,Gijs Schenk,2026-07-07 00:03:25,0.27,18,gijsschenk
1334,15616560,Raja T,2026-06-15 14:39:13,0.27,3,rajathiagaraj
1335,15582875,stunningvn,2026-04-23 03:06:15,0.27,13,dedquoc
1336,15909953,Quang Anh Đặng,2026-06-24 07:14:14,0.27,1,quanganh27th
1337,15487443,Ravi Annaswamy,2026-04-27 00:48:07,0.27,9,raviannaswamy
1338,15676875,TmDofi,2026-06-27 18:38:01,0.27,2,tmdofi
1339,15533773,Bo Peng,2026-04-09 13:01:48,0.27,4,bopengiowa
1340,15645555,Luke Stafford,2026-05-02 15:11:19,0.27,13,luketstafford
1341,15785836,Joycelyn Adjekum,2026-04-30 00:06:58,0.27,2,adjekumjoycelyn
1342,16510962,Adrien Thomas,2026-08-31 00:14:50,0.27,19,adrienthomas
1343,16018267,NotWhatYouThink,2026-06-05 07:55:13,0.27,12,notwhatyouthink
1344,15633641,Froggy McFrogson,2026-07-03 03:27:36,0.27,14,aidetective
1345,16315646,Shrike,2026-06-30 14:41:11,0.27,3,h0zier
1346,15499385,Scenery SunFireInk,2026-05-23 12:37:52,0.27,10,scenerysunfireink
1347,16750349,Bader alotaibi -,2026-08-29 02:20:43,0.27,10,baderalotaibi11
1348,15734440,Teitlax,2026-05-06 15:05:11,0.27,10,teitlax
1349,16403751,Md. Faisal Sheikh,2026-07-02 19:50:01,0.27,1,mdfaisalsheikh
1350,15584321,Nikolay Bogatikov,2026-05-07 04:34:25,0.27,16,nikbgv
1351,15650626,sidney niu,2026-06-25 13:34:55,0.27,12,sidneyniu
1352,15504646,claudius codexius 🐾,2026-06-27 05:21:55,0.27,30,lucyellu
1353,16733480,cogitAI,2026-08-26 00:03:27,0.27,4,jefersoncollutte
1354,15604365,derealt,2026-04-12 21:40:17,0.26,1,derealt
1355,15592269,sun xiaotang,2026-05-05 07:43:13,0.26,5,sunxiaotang
1356,15495734,dia,2026-04-15 05:14:30,0.26,4,adkasd
1357,16302886,Samuel Bartlett,2026-06-17 08:31:59,0.26,1,samuelbartlett1
1358,16019513,rivzzzzz,2026-05-26 08:10:23,0.26,7,rivuletnriver
1359,15538144,Dhruv Bansal,2026-04-06 22:02:46,0.26,1,dhruvb2028
1360,15846957,JISHNU CHAUHAN,2026-05-05 18:35:13,0.26,2,jishnuchauhan1
1361,15499301,SANNNNN,2026-04-11 18:48:06,0.26,5,zuhairsan
1362,16701218,huang shiyao 111,2026-08-31 00:10:04,0.26,17,huangshiyao111
1363,15487910,Ova,2026-03-29 13:33:43,0.26,1,overvalueawareness
1364,15584272,rndmprsn7,2026-05-08 12:31:20,0.26,6,rndmprsn7
1365,15487988,Jason Yoon,2026-04-05 02:22:01,0.26,8,jasongyoon
1366,15585956,Jason-Oh,2026-08-11 00:57:46,0.26,4,dossantoss
1367,15493499,Thomas Ferraz,2026-07-01 19:10:33,0.26,4,thomasferraz
1368,15527662,JinchengZhang1,2026-04-16 06:06:54,0.26,2,jinchengzhang1
1369,16762175,Дворкин Евгений Владимирович,2026-08-27 15:53:20,0.26,2,evgendvorkin
1370,15499396,everythingisnew,2026-04-05 07:54:09,0.26,2,everythingisnew
1371,15758349,Yuke_jpn,2026-06-02 04:26:38,0.26,2,yukejpn
1372,15975675,bbarclay6,2026-07-07 13:04:44,0.26,7,bbarclay6
1373,16609684,Mary Dun,2026-08-16 21:08:02,0.26,9,mukdal
1374,15526849,SkittlesGod,2026-05-07 01:38:17,0.26,5,svanikkolli
1375,15991890,sakshigoswami335,2026-06-11 06:02:37,0.26,7,sakshigoswami335
1376,16369299,Furina,2026-06-29 05:48:12,0.26,1,dfgtde
1377,15834133,Amrita_Singh1011,2026-05-09 03:20:12,0.26,7,amritasingh1011
1378,16599278,Chandram Dutta,2026-08-17 17:31:51,0.26,3,chandramdutta
1379,15989051,Ömer,2026-06-07 12:44:06,0.26,5,otaskaya
1380,16238028,_imerdell,2026-06-08 12:29:44,0.26,2,imderdell
1381,15560998,Reza Azami,2026-04-05 19:35:43,0.26,1,rezaazami
1382,16733286,Abdolvahab Shakoor,2026-08-31 05:25:45,0.26,1,h249748fkv7lyhik897
1383,16253766,@s3werst,2026-06-06 19:11:47,0.26,1,mellamoa
1384,16144889,Aleksandr Nikolich,2026-06-13 00:19:11,0.26,12,alexwortega
1385,15603524,Shamim Kabir Kazim,2026-04-23 12:10:37,0.26,5,shamimkabirkazim
1386,15567100,Yash Rathod,2026-08-12 16:37:48,0.26,5,yash02102
1387,15573272,Engram,2026-05-02 00:01:12,0.26,18,engram
1388,16444395,Saumya Jagishbhai Shah,2026-06-28 17:56:27,0.26,2,saumyajagishbhaishah
1389,16702239,Kensei Furuya,2026-08-16 13:10:17,0.26,3,furuken0527
1390,16717944,rayofc,2026-08-31 06:45:49,0.26,9,rayofc
1391,15991895,Terry,2026-06-30 08:21:10,0.26,13,terrywongvip
1392,15634401,IAI,2026-04-30 16:14:29,0.26,3,fuyu1304
1393,16754530,田口雄大,2026-08-30 03:20:33,0.26,3,"shiiin9,ydi102143"
1394,16593937,Adaption State,2026-07-06 13:59:55,0.25,12,"aurorcys,micmlmodels"
1395,16417738,cwdcca,2026-06-24 00:46:42,0.25,2,cwdcca
1396,16530489,Yaroslav Hryhorenko,2026-08-07 10:37:13,0.25,10,yaroslavhryhorenko13
1397,15489992,songling,2026-06-02 04:36:38,0.25,4,"lvbingrong,miguelhu,oralia"
1398,16151241,Ivan Tretyakov,2026-06-02 01:46:33,0.25,1,hopeofchange
1399,15488208,BROSKI,2026-04-01 13:17:34,0.25,2,nacefmbarek
1400,16758783,zjukop1,2026-08-31 01:22:44,0.25,3,zjukop1
0,15485224,Stochastic Goose,2026-03-25 00:34:10,0.25,1,
1401,16745114,Viktor Korsun,2026-08-30 00:06:06,0.25,9,viktorkorsun
1402,16301639,killf,2026-06-12 05:32:44,0.25,1,killf2019
1403,16300712,Krishna Harish,2026-06-16 09:15:14,0.25,1,krishnaharish
1404,15503925,Leandro,2026-04-30 12:21:24,0.25,22,leandro357
1405,16432610,Qubic Nxon Vivancos & Sanchez,2026-08-30 08:30:07,0.25,63,davidvivancos
1406,16755194,Shubham Tibrewal,2026-08-28 07:28:47,0.25,3,researchai2026
1407,16766293,Tim Neale,2026-08-30 15:09:18,0.25,2,timothyjneale
1408,15988957,wd13ca,2026-06-22 01:44:26,0.25,12,wd13ca
1409,16743796,ROHAN Exploit,2026-08-27 08:11:06,0.25,8,rohanexploit
1410,16200283,Gowri G,2026-06-25 05:46:52,0.25,2,sarg99
1411,15501430,kcy4,2026-04-22 07:57:17,0.25,5,cy4ego
1412,15660900,Hammad Farooq,2026-06-04 02:00:35,0.25,5,hammadfarooq470
1413,15646919,MASAAKI HAYASHI,2026-04-30 10:17:33,0.25,4,masaakihayashi
1414,16768912,Jon Pelchat,2026-08-30 18:44:47,0.25,3,jonpelchat
1415,16580779,Darkhan Nurakhmetov,2026-07-30 04:13:24,0.25,9,hoogleraar
1416,15879901,Ruby Nguyen,2026-05-07 23:00:24,0.25,2,nguyenthianhngoc
1417,16617725,Y10x17,2026-07-31 14:48:01,0.25,2,y10x17
1418,15493721,Zejun_,2026-04-13 10:28:44,0.25,7,zejunfool
1419,15615868,Parsa,2026-06-15 09:26:00,0.25,6,parsahriri
1420,15940415,ganapathi ekambaram,2026-07-13 02:01:28,0.25,11,vivekgana
1421,15576315,IGpig1226,2026-06-16 12:28:20,0.25,5,"igpig1226,quanruili"
1422,15516474,Esabelle Chen,2026-04-05 07:12:47,0.25,5,esabellechen
1423,15493522,Suneet Saini,2026-05-24 20:49:40,0.25,5,suneetsaini
1424,15750948,Suprivi,2026-04-27 15:13:05,0.25,1,suprivi
1425,15516659,john,2026-06-01 10:49:43,0.25,13,jaejohn
1426,15557086,Guus Bouwens,2026-04-05 04:17:51,0.25,1,guusbouwens
1427,16237585,humble_some1,2026-06-06 18:25:48,0.25,2,some123e23
1428,15586166,hiroto funasaki,2026-05-19 22:45:53,0.25,40,hirotofunasaki
1429,15631567,Hiryu,2026-06-17 04:12:21,0.25,2,kusurizuke
1430,16340437,Pilferer,2026-07-04 09:41:16,0.25,4,pilferer
1431,15584000,Muhammad Firdaus,2026-04-24 01:35:30,0.25,4,ldausl
1432,16540105,Fourteeny,2026-08-30 21:38:14,0.25,15,fourteeny
1433,15495756,Corentin Lespagnol,2026-04-20 14:07:38,0.25,3,lespagnolcorentin
1434,16410979,Zoooom,2026-07-15 08:08:45,0.25,12,zoooom
1435,15556399,Eric Stone,2026-04-26 21:59:37,0.25,11,ericstone92
1436,16213488,Laljith Legend,2026-06-08 03:13:23,0.25,3,laljithlegend
1437,15493283,Falling Entropy,2026-05-16 06:32:03,0.25,1,jasongsloan
1438,16012288,lee,2026-07-08 06:16:00,0.25,14,kannanlee
1439,15803277,Md Mahfuz Sumon,2026-05-01 14:09:12,0.24,2,mdmahfuzsumon
1440,15670669,Rohanrk1813,2026-04-25 09:29:14,0.24,1,rohanrk1813
1441,16444046,ChaiHuacan,2026-07-01 10:51:25,0.24,4,chaihuacan
1442,15486758,Chen,2026-06-17 23:59:54,0.24,11,chenku
1443,15499412,JRSSKumarD,2026-06-05 14:34:32,0.24,4,jrsskumard
1444,16194970,Hanif Noer Rofiq,2026-06-03 11:07:21,0.24,1,hanifnoerrofiq
1445,15875904,CODE AZE,2026-05-31 08:19:25,0.24,5,codeaze
1446,16384033,UnknownNull,2026-06-24 05:20:24,0.24,7,unknownnull
1447,15516538,GarlicToday,2026-04-02 06:25:17,0.24,4,garlictoday
1448,15610405,Victor Merckle,2026-04-22 06:59:22,0.24,6,vmerckle
1449,15585110,niub_hihi,2026-04-09 16:18:45,0.24,1,niubhaihai
1450,16039638,Nithin Nivhar,2026-05-23 07:16:32,0.24,2,nithinnivhar
1451,15487794,janeodum,2026-04-03 17:16:05,0.24,6,janeodum
1452,16406609,Prabhjot Singh,2026-06-29 14:14:42,0.24,3,issajatt
1453,15743130,senileFelines,2026-04-26 11:16:49,0.24,1,digantabhattacharya
1454,16157287,mywind,2026-06-02 11:12:40,0.24,1,mywind
1455,16760421,Jason Liu,2026-08-24 04:15:54,0.24,2,jasonliuyiming
1456,15569794,AMATEUR,2026-04-10 08:02:30,0.24,2,lxx0114
1457,15517687,bouganvillea,2026-04-05 10:09:54,0.24,1,bouganvillea
1458,15745821,II,2026-05-22 05:10:18,0.24,20,kravets
1459,15496330,Amin Haidar,2026-06-04 16:48:49,0.24,14,aminhaidar
1460,16612534,Ayaz Ahmed Kazi,2026-08-30 08:55:35,0.24,1,ayazahmedkazi
1461,15621355,Hong Dae Kim,2026-07-18 07:55:28,0.24,13,hongdaekim
1462,15529411,mt,2026-07-30 12:37:43,0.24,1,mtanakaslgfreak
1463,15800355,betterme12345,2026-05-19 14:19:25,0.24,2,betterme12345
1464,16610821,Shashwat Bajpai,2026-08-24 05:52:05,0.24,18,shashwat1729
1465,16743039,Leo Vesin,2026-08-23 15:24:09,0.24,4,leovesin
1466,15668277,Saad Sharif Ahmed,2026-04-23 00:44:53,0.24,3,zeon01
1467,15612479,capyun007,2026-04-14 03:06:00,0.24,1,capyun007
1468,15693630,lon guo,2026-05-06 01:50:10,0.24,2,longuo
1469,16418442,SK,2026-07-04 03:06:14,0.24,6,sheronkoshy
1470,16532564,Chris Eldho Varghese,2026-07-11 19:54:43,0.24,1,chriseldhovarghese
1471,15655305,Fernandosr85,2026-05-21 03:38:18,0.24,8,fernandosr85
1472,16004449,Justin Tang,2026-05-17 16:50:37,0.24,1,justin2009
1473,16277739,Harshit Shakya,2026-06-17 10:33:06,0.24,8,harsh707
1474,15493639,Ivan Zdravkov,2026-04-25 05:15:42,0.24,7,ivanzdravkov
1475,16561363,Seanwang,2026-07-27 21:21:27,0.24,4,seanwang0215
1476,15501113,DAYDREAMER,2026-06-23 04:40:44,0.24,6,annsnow
1477,15566563,Asan Ashirov,2026-06-03 05:12:40,0.24,2,asanashirov
1478,15812290,がっちむち♂,2026-08-03 07:58:07,0.24,3,tecchannn
1479,16049416,rahul ji indian,2026-07-18 05:55:44,0.24,3,rahuljiindian
1480,15773862,Mayank Bhaskar,2026-05-22 16:04:03,0.24,15,cataluna84
1481,15565341,Brad7161,2026-04-17 04:19:38,0.24,3,brad7161
1482,15651728,Stella Nova,2026-04-19 14:54:05,0.24,1,ponlawatk
1483,16306541,1J SHEN,2026-06-20 07:03:04,0.24,8,yijieshen123
1484,15859241,Randomhandsomeguy,2026-05-08 22:25:57,0.23,1,rayyen216
1485,15517983,Zack Hlongwane,2026-08-09 00:01:37,0.23,4,zackhlongwane
1486,15656668,Putra Pribowo,2026-06-03 02:42:07,0.23,28,putrapribowo
1487,15569310,titanascended,2026-06-24 15:04:50,0.23,4,itsyuvrajsharma
1488,16402409,SingularityML,2026-08-31 00:07:57,0.23,29,dnaftalovich
1489,15487431,epigene,2026-04-20 17:00:25,0.23,4,nadhu59648
1490,15511692,Riku,2026-04-02 00:07:08,0.23,4,riku443
1491,16539872,RiBenWanDuZi,2026-08-02 11:39:02,0.23,2,ribenwanduzi
1492,15489085,Rithvik Redrouthu,2026-06-18 00:12:48,0.23,6,rithvikredrouthu
1493,15860627,Yassir Acharki,2026-06-11 14:42:54,0.23,4,yacharki
1494,15519725,RJThompson,2026-06-06 00:18:25,0.23,8,rjthompson
1495,15490758,Jean-Louis Roy,2026-04-13 00:30:16,0.23,8,jeanjean111
1496,15909598,Matianyuu,2026-05-09 11:38:11,0.23,1,matianyuu
1497,15513766,Arnav Ashank,2026-04-11 22:43:56,0.23,1,ashank19
1498,16497884,KevinST,2026-07-13 00:06:13,0.23,2,keisukesaito
1499,16339698,Alexey Samosadov,2026-06-24 14:48:06,0.23,5,alexeysamosadov
1500,15550219,Kanishk Paul,2026-08-28 02:14:26,0.23,6,kanishkpaul
1501,15500702,Yuxuan-Wang,2026-04-14 12:26:23,0.23,4,linkinin
1502,16559294,Curious_Crumb,2026-08-17 20:35:45,0.23,15,nouryassir101
1503,15498454,Auravana,2026-04-25 03:09:29,0.23,22,fountainheadle
1504,15551895,Fabian Henning,2026-06-15 09:17:32,0.23,1,crustacean
1505,15510267,zacsho,2026-03-31 05:43:59,0.23,2,zacsho
1506,15738224,kokinnwakashuu,2026-06-22 10:33:55,0.23,5,kokinnwakashuu
1507,16706947,Antonio,2026-08-16 12:34:41,0.23,4,heyang993
1508,15580888,yiheagicom,2026-07-08 07:43:30,0.23,46,yiheagicom
1509,15756664,Chase Bonfiglio,2026-06-20 21:48:15,0.23,27,chasebonfiglio
1510,16230355,secret_society,2026-06-29 20:17:17,0.23,6,"abusafwanmdfarhan,iftekharmohammed,kmmehrabhossain,zihadulislamtasin"
1511,15924651,Minh Ky,2026-06-05 07:49:16,0.23,5,phamminhky
1512,15865282,[Deleted] 382a8fa2-3d67-4ed9-9dc8-6f828d5e8ded,2026-07-02 05:14:27,0.23,19,del=d11a993744c492c4
1513,16003022,Vengeful,2026-07-23 19:42:05,0.23,49,vengeful
1514,15532771,Yousef Turk,2026-07-09 13:34:07,0.23,2,yousefturk
1515,16392203,Samuel Lippert,2026-06-30 23:59:16,0.23,3,samuellippert
1516,16712466,A.P.R.I.L,2026-08-15 03:15:16,0.23,4,puneeth333
1517,15502192,Santhana,2026-08-31 09:33:13,0.23,13,santhanalekshmic
1518,15583795,imranyaishaik,2026-04-10 05:05:29,0.23,2,imranyaishaik
1519,15602587,Martin Mbalkam,2026-05-31 13:53:07,0.23,3,martinmbalkam
1520,15631257,K.THARUN KUMAR,2026-08-30 00:05:47,0.23,14,tharunkumar369
1521,15489961,Chirapathleo Saelim,2026-05-17 10:20:57,0.23,8,chirapathleosaelim
1522,15537216,[Novosibirsk] Nikita Kuznetsov,2026-04-26 12:30:06,0.23,3,nikitakuznetsof
1523,16329511,xinhao642,2026-06-22 18:29:02,0.23,5,xinhao642
1524,15775532,insuperabilehart,2026-05-08 19:48:58,0.23,2,insuperabile
1525,15756739,Ajay Caxzen,2026-04-27 22:19:13,0.23,1,caxzen
1526,16415999,Harsh Yadav,2026-07-18 10:02:52,0.23,5,swiftcoderharsh
1527,16614304,Brent,2026-08-04 03:29:41,0.23,7,brentwoodard
1528,15625936,nendo0325,2026-04-16 02:13:45,0.23,1,nendo0325
1529,16654483,Anirudh Negi,2026-08-17 15:11:54,0.23,7,anirudhnegi24
1530,15947042,skyhuang233,2026-05-16 10:19:03,0.23,4,skyhuang233
1531,15868357,Youssef Yacoup,2026-05-19 15:00:40,0.23,3,youssefyacoup
1532,16097946,harmo-miu,2026-05-29 03:18:16,0.23,2,harmomiu
1533,15512325,Vivswan,2026-05-18 00:06:00,0.23,23,vivs2904
1534,15514585,Cade Hall,2026-04-07 11:29:16,0.23,5,cadehall
1535,15486656,Isaiah Nwukor,2026-07-10 02:14:25,0.22,66,thezetaproject
1536,15520730,Saeyohn,2026-07-10 00:07:53,0.22,10,mahendransaeyohnn
1537,16298352,Martin Kolar #2,2026-07-02 21:14:43,0.22,9,pi2caefeithoh0ciephe
1538,16692578,Rohit Bhar,2026-08-21 00:06:23,0.22,6,rohitbhart
1539,15493216,Don,2026-06-29 09:32:43,0.22,12,edonisraci
1540,16146361,Vladislav Miheev,2026-06-09 21:50:48,0.22,5,vladislavmiheev
1541,16312641,Michal Z Gow,2026-06-30 07:21:34,0.22,7,michalzgow
1542,15939706,sladwet,2026-05-16 12:24:29,0.22,5,sladwet
1543,16199408,Bhargav .T,2026-07-01 02:42:30,0.22,13,kotabhargavt
1544,16537516,Sunny Kumar,2026-08-26 15:46:17,0.22,11,sunnykumar6203
1545,15985475,z84415624,2026-06-30 16:00:30,0.22,5,z84415624
1546,16468545,Yo,2026-07-04 00:07:02,0.22,4,goyeahia
1547,15987797,JowinJ3,2026-08-19 20:54:28,0.22,2,jowinj3
1548,15491887,Uday Bhatia,2026-05-12 15:36:01,0.22,2,udaybhatia
1549,16304922,MattOwen42,2026-06-30 17:42:36,0.22,4,mattowen42
1550,15487233,Андрей Ганин,2026-06-29 14:37:10,0.22,4,qwertyyyy769492
1551,15487998,TriviaTroy,2026-05-16 22:48:51,0.22,7,troyjfields
1552,15486898,THUNDER THUNDER,2026-04-05 06:05:34,0.22,1,thunderthunder
1553,15495425,Ra'uf Fauzan Rambe,2026-05-28 03:03:55,0.22,5,rauffauzanrambe
1554,16605331,Pedro Lirón de Robles,2026-07-29 11:25:51,0.22,2,pedrolirnderobles
1555,16703900,玉田リサーチ,2026-08-30 03:03:24,0.22,3,tamadaresearch
1556,15493311,Shun_PI,2026-04-16 05:58:54,0.22,3,shunrcn
1557,15523710,Ayan Bashir Sheikh,2026-04-20 13:02:17,0.22,7,ayanbashirsheikh
1558,16473675,Samuel David Egwu,2026-07-29 16:28:48,0.22,2,samuelegwu
1559,16283369,wentixiaogege,2026-06-12 01:56:54,0.22,3,wentixiaogege
1560,16452844,Vignesh A,2026-06-30 16:44:06,0.22,2,vignesha1
1561,16319847,Anubhav,2026-06-28 04:54:03,0.22,2,anubhav27
1562,16450166,Jayden Jeswin Raj,2026-06-29 08:47:41,0.22,1,richardmaddox
1563,16048012,JasonZeng,2026-06-29 09:45:17,0.22,1,jasonzeng
1564,16374717,YangAoTian,2026-07-07 07:34:43,0.22,4,yangaotian
1565,15584738,Freedomfighter1290,2026-04-09 17:27:39,0.22,1,freedomfighter1290
1566,16143282,Talyxion,2026-06-02 02:58:06,0.22,1,"hoangle2003,nhatloidinh,thnhnguyn2001"
1567,15524866,Ragesh Thangaraj,2026-08-27 16:19:50,0.22,6,rageshthangaraj
1568,15922813,BeanApologist,2026-05-29 04:12:03,0.22,5,sarahmarin
1569,15590428,AQiDA19,2026-07-27 00:05:03,0.22,2,aqida19
1570,15748929,Imed Magroune,2026-08-24 04:30:30,0.22,31,imedmagroune
1571,15555738,Taylan Soydan,2026-04-06 09:43:56,0.22,3,taylansoydan
1572,15574747,Master Teo,2026-04-08 04:38:39,0.22,1,sirteo
1573,16744519,Jun AKita,2026-08-19 19:29:36,0.22,1,junakita
1574,16348203,Asiru Akeem Adekunle,2026-06-27 00:44:56,0.22,8,asiruakeemadekunle
1575,15556994,seoewoo,2026-04-05 03:36:04,0.22,1,henrymessiiyt
1576,15813223,Jaswanth7722,2026-05-17 09:03:59,0.22,9,jaswanth7722
1577,16318615,JOKER-C2,2026-08-03 11:37:35,0.22,22,manuelcoletta
1578,15627203,Syed Saad Hasan Emad,2026-07-28 07:21:47,0.22,1,syedsaadhasanemad
1579,15488187,jerryv69,2026-06-09 02:34:51,0.22,3,jerryv69
1580,16320138,Anton Kalabukhov,2026-06-30 00:46:05,0.22,8,synlabs
1581,16481633,wmotte,2026-07-11 07:11:35,0.22,2,wmotte
1582,16570484,lingheng,2026-07-20 01:25:34,0.22,1,"lingheng,xianhaolin6077"
1583,16228820,SSV,2026-06-05 17:14:29,0.22,2,vigneshirtt
1584,15827295,Kaihong Deng,2026-05-22 02:47:40,0.22,16,kaihongdeng
1585,16713778,Abi_e,2026-08-29 10:10:22,0.22,10,abidjacquelineanadi
1586,16434290,Manan Bansal,2026-07-20 05:10:06,0.22,10,mananpbansal
1587,15616194,赵云龙,2026-04-24 06:52:31,0.22,1,zhao1122
1588,16766812,ERS,2026-08-30 16:00:33,0.22,7,shingo257
1589,16761739,IndependentPilot,2026-08-24 03:57:32,0.21,2,redshift51
1590,15488756,Muhammad Ibrahim Qasmi,2026-06-19 21:41:54,0.21,1,ibrahimqasimi
1591,15947052,Kaiser #2,2026-05-13 09:33:38,0.21,1,snnguynvnk19hl
1592,15513901,Meenal Sinha,2026-05-10 15:34:32,0.21,2,meenalsinha
1593,15490511,Smilyai-is-cool-gubby,2026-04-20 02:47:55,0.21,1,smilyaiiscoolgubby
1594,16680060,Joseph Franck,2026-08-24 17:13:12,0.21,9,josephfranck
1595,15519262,Devansh Rajput,2026-04-03 20:07:42,0.21,3,devansh66
1596,15528446,Yasin Baykal,2026-04-01 13:01:08,0.21,1,godmethium
1597,16675032,EonCrux,2026-08-20 19:55:21,0.21,7,"dhairyapratapsolanki,itsmepooja,jainp1508,mansisingh2072,sapnajain115"
1598,15534060,pzarczynski,2026-04-02 19:52:48,0.21,1,piotrzarc
1599,16779601,malcarol,2026-08-29 13:48:25,0.21,1,songzhang2
1600,15581639,cjen07,2026-04-10 07:21:05,0.21,2,cjen07
1601,16645459,Joseph W Benson,2026-08-07 04:28:12,0.21,3,josephwbenson
1602,15604360,youssef abukhalifa,2026-04-17 20:42:27,0.21,3,youssefmo942009
1603,16723014,Dev Kancheti,2026-08-24 00:01:29,0.21,11,devkancheti
1604,15520642,Jack Al-Kahwati,2026-04-03 00:38:09,0.21,3,jackalkahwati
1605,15568017,Aevion-Labs,2026-07-12 02:10:54,0.21,8,aevionlabs
1606,15526002,Shivam Mittal,2026-04-01 08:17:29,0.21,2,shivammittal274
1607,15487262,bianfu,2026-06-17 13:11:34,0.21,2,bianfu
1608,15636115,Aditya Priya,2026-08-19 14:59:07,0.21,2,"adityapriya2,judychung2028"
1609,15522048,秘偶agi,2026-06-18 04:08:30,0.21,21,miouagi
1610,15489989,DUSN,2026-03-31 03:53:28,0.21,1,laochennn
1611,15491086,ianwulalala,2026-07-12 04:09:55,0.21,5,ianwulalala
1612,15558577,MIke Stang,2026-04-18 23:46:17,0.21,9,howdybigmike
1613,15539625,Sarmentor,2026-08-10 00:41:53,0.21,6,sarmentor
1614,16450243,ltnhung,2026-06-29 09:05:40,0.21,1,ltnhung
1615,15839529,summerer3,2026-05-04 07:05:58,0.21,1,summerer3
1616,15493205,Conan2,2026-04-06 17:29:34,0.21,6,jaehyeonsim
1617,15759726,Yanpu Zheng,2026-06-06 04:10:21,0.21,3,yanpuzheng
1618,15761915,JK-Piece,2026-05-27 13:54:09,0.21,7,jeannkouagou
1619,16550408,Harsimar Singh,2026-08-26 04:12:22,0.21,10,harsimarsingh23
1620,15618703,Alan Scott Encinas,2026-06-01 01:44:48,0.21,4,encinas88
1621,15731424,Kangdaxia,2026-04-29 00:09:21,0.21,5,kangdaxia
1622,15496351,InTelliGI,2026-05-02 08:12:44,0.21,4,hichamtelli
1623,15515217,sepcnt,2026-04-22 12:05:56,0.21,2,sepcnt
1624,16058181,Divyasree@0318,2026-05-25 18:18:39,0.21,2,divyasree0318
1625,16149622,Alexander Dickbauer,2026-06-01 23:09:08,0.21,1,alexanderdickbauer
1626,16726871,Alex Martinez,2026-08-16 17:27:47,0.21,1,alexmartinez75
1627,16516539,Raed Alharbi,2026-08-11 12:08:02,0.21,2,raed04
1628,15495973,pom,2026-04-07 14:20:26,0.21,5,tatsukisato
1629,16739877,James Y,2026-08-31 02:19:52,0.21,4,redoctopusk
1630,16089141,Yuta Tadokoro,2026-06-19 00:33:41,0.21,13,yutatadokoro
1631,15516425,Steven,2026-05-06 08:27:43,0.21,1,sg1020
1632,16430850,Derek Peng,2026-06-29 01:43:59,0.20,3,littlebull
1633,15491291,Koka,2026-04-01 13:12:25,0.20,2,kokatrn
1634,16346595,ลิงจั๊กๆ,2026-06-24 00:01:08,0.20,11,phittayanan
1635,16268877,Sargis Arzumanyan,2026-06-26 10:23:39,0.20,10,sargisarzumanyan
1636,16403249,Pro400,2026-06-30 23:01:25,0.20,5,pro400
1637,16773017,XT006-kaggle,2026-08-29 01:56:32,0.20,3,jingyangtu
1638,16449178,Jon Smirl,2026-08-12 15:47:16,0.20,14,"connorsmirl,jonsmirl"
1639,16781119,ooooooooooooooooo,2026-08-29 09:23:48,0.20,2,ooooooooooooooooo
1640,16108720,Choruru,2026-06-05 00:50:43,0.20,5,choruru
1641,16301827,Fabio Cabral,2026-08-26 13:57:25,0.20,7,fabiocabral
1642,16262491,Pranesh Jayasundar,2026-06-19 03:39:30,0.20,4,praneshjayasundar
1643,15537362,Forrest,2026-04-07 13:21:58,0.20,3,yinxiaogang
1644,16551372,valentino ray isabell,2026-08-23 18:47:39,0.20,5,valentinorayisabell
1645,15501746,George Odhiambo07,2026-04-16 05:42:24,0.20,5,georgeodhiambo07
1646,15513991,Camacho,2026-04-30 00:21:55,0.20,18,"acamachodepass,acamachog,joseandrescamacho"
1647,15834690,yuanlao153,2026-05-07 08:29:26,0.20,1,yuanlao153
1648,15841851,dennis palatov,2026-08-31 00:02:15,0.20,38,dennispalatov
1649,16209749,tianxianbaobao,2026-06-13 03:34:13,0.20,4,tianxianbaobao
1650,15553695,SUPERadonai,2026-04-04 10:25:38,0.20,1,trumpadonai
1651,15511713,Niranjan Nakkala,2026-06-11 06:16:35,0.20,1,niranjanmudhiraj
1652,15562510,Roua,2026-04-18 14:18:16,0.20,8,roua91
1653,16326571,Gabteni Mouhamed,2026-06-24 23:54:22,0.20,7,gabtenimouhamed
1654,16072837,Carol Wang,2026-05-26 06:00:46,0.20,3,"ilanwang,suethe"
1655,15621389,Zhang Songxin,2026-04-15 10:17:29,0.20,1,zhangsongxin
1656,16434582,Gladstone025,2026-06-30 11:28:23,0.20,1,pierreterrier
1657,15624428,Erfan Mirhosseini,2026-04-29 19:26:52,0.20,4,erfanmirhosseini
1658,15558367,Pushkar Ambastha,2026-04-09 15:40:22,0.20,2,pushkar007
1659,16230150,Ailurophile,2026-06-04 17:01:10,0.20,1,veeralakrishna
1660,15614488,KARANAMMADHAVARAO,2026-06-19 15:39:18,0.20,3,karanam12345
1661,16425878,Hyun-woo Kim,2026-06-24 07:25:21,0.20,1,hwkims
1662,15785821,Harmony Guercio,2026-04-29 19:18:50,0.20,1,harmonyguercio
1663,16449800,JH,2026-08-26 03:24:29,0.20,4,jaehyukhyun
1664,16216379,Kawchar Husain,2026-06-06 16:16:04,0.20,2,kawchar85
1665,15550054,[Deleted] f6652baa-7a8b-4888-98a1-e6bcc1a2d4d2,2026-04-24 06:27:28,0.20,20,del=42419dd56391ecc7
1666,16368018,Sohangkumar Patel,2026-08-14 04:50:06,0.20,2,samsamurai
1667,16633894,Wale Bashir,2026-08-22 11:52:04,0.20,2,digitaldrreamer
1668,16129415,natema,2026-05-31 16:05:16,0.20,1,natema
1669,16052392,cyberia,2026-05-22 21:39:35,0.20,1,cyberia
1670,15833277,Noritake Kodama,2026-05-06 05:57:11,0.20,2,noritakekodama
1671,15570805,[Deleted] d1b4272c-c441-4c8a-ae29-693b84c040dd,2026-04-20 11:57:28,0.20,2,del=47107fb6b7d3ce01
1672,16640872,MinjeKang,2026-08-30 08:07:25,0.20,19,minjek
1673,15564282,Sankalp,2026-04-08 04:01:10,0.20,3,sankalp
1674,16275525,bullycat9,2026-06-12 17:45:35,0.19,3,bullycat9
1675,15874708,TrDung22,2026-05-28 07:39:35,0.19,9,trdung22
1676,16471124,Paul720810,2026-08-08 01:01:12,0.19,35,paul720810
1677,16410825,Myckel Uribe,2026-07-10 00:17:03,0.19,2,myckeluribe
1678,15518771,Bridgeport,2026-04-28 17:27:37,0.19,4,bridgeport
1679,16203912,Founry,2026-06-15 04:13:31,0.19,8,"algema,lundypang"
1680,16142510,gagaga tgaga,2026-06-14 00:40:38,0.19,5,gagagagagt
1681,16121579,Samuel Matsuo Harris,2026-05-30 19:11:42,0.19,1,samuelmatsuoharris
1682,15487566,Mohamed Roshdy,2026-03-29 10:14:24,0.19,2,mohamedwez
1683,16116426,abdelwaheb miled,2026-06-15 08:27:55,0.19,1,amiled19
1684,15489134,Xiaolei Lian,2026-06-24 10:46:52,0.19,6,xiaoleilian
1685,15530786,Felipe Cataneo,2026-04-30 09:07:41,0.19,5,felipecataneo
1686,16791861,Fabian Friedland - xBrain,2026-08-31 01:30:38,0.19,2,fabotelli
1687,15757849,zhaozilong,2026-08-13 15:05:39,0.19,3,zzl0112
1688,16417581,Gary Kump,2026-08-16 04:19:56,0.19,20,garykump
1689,16750589,XiangtaoWang,2026-08-29 13:08:31,0.19,4,xiangtaowong
1690,16302337,MariusMyburg,2026-06-16 00:21:12,0.19,5,mariusm
1691,15487905,ISAKA Tsuyoshi,2026-04-20 07:54:26,0.19,2,isakatsuyoshi
1692,15491330,horsepurve,2026-03-30 06:39:44,0.19,3,horsepurve
1693,15842248,Roger Terrazas,2026-05-04 03:50:24,0.19,1,rogaterr
1694,15658341,Kesav sivakumar,2026-06-15 14:43:46,0.19,1,"deepakrajd,kesavsivakumar"
1695,15495860,Andrei Trandafira,2026-06-30 23:56:29,0.19,1,andreitrandafira
1696,16652233,Amit Kumar,2026-08-06 05:14:24,0.19,3,anmitkumar
1697,15833315,Hyun,2026-05-19 03:41:03,0.19,3,kimhyeonwook3465
1698,16442450,LosiSt,2026-06-29 01:11:25,0.19,3,losist
1699,16490760,Jokrasa,2026-07-19 02:43:17,0.19,3,jonaskreutz
1700,16402421,rinov321,2026-06-24 00:01:09,0.19,4,rinov321
1701,15841747,Divij Chawla,2026-05-23 07:03:51,0.19,6,divijchawla7
1702,15884233,Chayon Kumar Das,2026-06-21 16:18:33,0.19,2,chayondas
1703,15758188,Dimas Pasha Akrilian,2026-04-30 03:32:28,0.19,2,dimaspashaakrilian
1704,15786670,Onur Fidaner,2026-05-12 00:47:29,0.19,3,ofidaner
1705,16317943,Eslam Elzamkan,2026-06-20 00:11:59,0.19,3,eslamelzamkan
1706,15940726,juandag97,2026-06-01 01:03:43,0.19,3,juandag97
1707,16673674,Samuel Sundararaman ,2026-08-06 22:28:37,0.19,1,neopok919
1708,15562229,ÆR3iS,2026-05-22 16:35:15,0.19,11,aer3is
1709,16748211,Björn Janson,2026-08-30 13:27:16,0.19,1,bjoernjanson
1710,16344652,Rimsha Kanwal,2026-07-18 18:51:26,0.19,2,rimsha234
1711,16096168,Bhavya Dhingra,2026-05-31 23:32:33,0.19,2,"bhavyadhingra00020,frostnt"
1712,15572042,C R Suthikshn Kumar,2026-04-07 15:21:07,0.19,1,crsuthikshnkumar
1713,16360163,TestingAccount67,2026-08-24 10:45:52,0.19,11,testingaccount67
1714,15493210,Valentin Kalinin,2026-07-24 16:49:27,0.19,1,tdesc88
1715,15556097,Bensalah Yassine,2026-04-14 00:12:58,0.19,5,bensalahyassine213
1716,15537133,gugugaga,2026-05-15 00:19:53,0.19,13,mori42
1717,15871316,biubiubiu~,2026-05-06 06:42:19,0.19,1,mengvision
1718,15504821,Precious Mansaray,2026-04-28 01:58:47,0.19,1,preciousmansaray
1719,16065765,Chinaza Okereke,2026-05-25 02:53:40,0.19,2,chinazaokereke
1720,16687494,HopeToDie,2026-08-13 16:50:06,0.18,3,omerozb
1721,16770846,Shivang Gaur,2026-08-30 20:00:31,0.18,1,shivangaur24
1722,16754037,Narenthira Balaji,2026-08-24 05:27:53,0.18,1,narenthirabalaji
1723,15785875,Sujan Adhikari,2026-04-29 19:12:25,0.18,1,sujanadh07
1724,15543832,Elohabci,2026-04-03 04:19:10,0.18,1,temizkan
1725,15598423,taoti_orange,2026-05-19 14:43:41,0.18,2,taotiorange
1726,15603600,RITTWIK BHOWMICK,2026-05-06 04:24:35,0.18,3,rittwikbhowmick
1727,15581162,Vedic Mukherjee,2026-04-09 03:05:30,0.18,1,vedicmukherjee
1728,16605137,Pchan,2026-07-27 16:30:51,0.18,1,"kokonokatoka,pchan1111"
1729,16285919,aotiandragon,2026-06-12 03:14:41,0.18,2,aotiandragon
1730,16035800,Yummna aljasem,2026-05-20 18:21:28,0.18,1,yummnaaljasem
1731,16187519,Kole Vamsi Krishna,2026-06-17 05:45:18,0.18,5,kolevamsikrishna
1732,16716178,Inform Lai,2026-08-14 01:34:17,0.18,1,informlai
1733,15744055,dongzishuo111,2026-05-27 04:46:00,0.18,16,dongzishuo111
1734,16440729,William Hau,2026-06-27 00:15:18,0.18,1,williamhau
1735,16485366,Rishidar D,2026-07-12 03:43:18,0.18,1,rishidard
1736,16406590,felly10,2026-07-17 18:39:29,0.18,1,felly10
1737,16202759,магистр клоунов,2026-06-05 14:38:20,0.18,2,switchfeed
1738,16394961,Maksim Silchenko,2026-06-23 00:02:02,0.18,5,maksimsilchenko
1739,16512747,Troy-EVO,2026-07-20 07:15:55,0.18,1,troyevo
1740,15975054,Vivek Pandey,2026-05-21 02:52:28,0.18,1,thevivekpandey
1741,15531211,Varstern 6037,2026-04-30 14:26:16,0.18,7,"shiyuhe25,varstern6037"
1742,16398268,jacksongsong,2026-08-08 03:32:56,0.18,5,jacksongsong
1743,16471898,Editor Jugnu AI,2026-07-14 04:51:22,0.18,2,editorjugnuai
1744,16053668,Restu Anggoro Kasih,2026-06-06 18:52:56,0.18,1,restuanggorokasih
1745,16306368,firefly2006,2026-06-27 14:46:34,0.18,1,firefly2006
1746,16358057,Alubokho Ashioya,2026-06-16 09:38:04,0.18,1,ashioya
1747,16778854,TRIO513,2026-08-31 09:33:52,0.18,21,"lukman513,rizaldicky,safrizal"
1748,15492079,nxank4,2026-03-31 13:44:12,0.18,4,anmatngu
1749,16369373,sierra1.0,2026-07-21 15:43:40,0.18,2,"na18b032,nihalshahpeediackal"
1750,16322216,Tamim,2026-06-17 05:38:19,0.18,1,tamim03
1751,15513943,Abdul Raheem,2026-05-07 08:04:39,0.18,17,abdulraheem09
1752,16090768,Zhouhy,2026-06-01 03:56:26,0.18,4,bhzhouhy
1753,15785858,Sanskar Adhikari,2026-04-29 19:11:09,0.18,1,snskr30
1754,16025623,Toot Toot Engineering,2026-06-24 00:01:35,0.18,25,"danxray,gregblacketter"
1755,15876693,Nam Phan Van Hai,2026-05-27 04:39:33,0.18,3,namphanvanhai
1756,15567988,Joseph Xiao,2026-04-15 02:04:00,0.18,2,joxiao
1757,16643470,Md. Rifat Al Hassan,2026-08-22 19:52:37,0.18,4,mdrifatalhassan
1758,16496076,Jeffrey Haines,2026-07-23 14:32:36,0.18,7,jeffreyhaines
1759,15496866,jacekwl,2026-03-27 11:45:57,0.17,1,jacekwl
1760,15504427,Adam Snodgrass,2026-03-31 04:54:45,0.17,1,overra
1761,16269220,KawaiiSelphine,2026-06-09 09:30:01,0.17,1,kawaiiselphine
1762,16244970,Praveen Ponnugupati,2026-06-05 20:31:21,0.17,1,praveenponnugupati
1763,16410850,Thiago Cunha,2026-07-27 21:23:47,0.17,7,thiagobcunha
1764,15493932,CHRISTOPHER CRILLY,2026-05-15 11:30:46,0.17,12,christophercrilly
1765,15539411,LORD DREGS,2026-06-26 14:48:32,0.17,3,lorddregs
1766,16677724,Tom Jeong,2026-08-10 04:22:48,0.17,3,tomjeongmts
1767,16593868,chutianqiu,2026-08-14 18:09:39,0.17,2,chutianqiu
1768,15713159,Francis Banda,2026-04-23 12:14:12,0.17,1,francisbanda
1769,16299477,Mao Mao,2026-06-16 13:11:49,0.17,1,maomaoai
1770,15999227,swordsman,2026-05-18 07:50:16,0.17,1,liuyanfeng
1771,16060337,Quixotik,2026-08-23 02:17:36,0.17,3,xiaokangqin
1772,15545843,Jacco Jurg,2026-06-14 11:46:07,0.17,1,jaccojurg
1773,15786171,ringusTheImp,2026-04-29 20:00:42,0.17,1,ringustheimp
1774,15985612,kara,2026-05-15 14:12:36,0.17,1,drchenb
1775,15571858,chaojiwudiwujie,2026-04-08 00:56:09,0.17,2,chaojiwudiwujie
1776,16449495,Philosophy Inclined,2026-07-02 06:22:39,0.17,1,"adrianradillo,mozhaq"
1777,16059743,soul,2026-05-24 13:45:15,0.17,1,soul80
1778,16016593,David Mensah-Gbekor,2026-06-13 20:21:36,0.17,4,ravdave
1779,16307909,Eigen 4D,2026-06-27 07:04:24,0.17,11,"patsornsangkloy,wittawatj"
1780,15839799,Abdullah Fasih,2026-05-04 17:33:00,0.17,2,abdullahfasih
1781,16076068,IamDiganta.7,2026-05-26 02:45:13,0.17,2,iamdiganta7
1782,16456352,AlbertZhaoYB,2026-06-30 04:58:38,0.17,1,albertzhaoyb
1783,15653751,fle3n,2026-06-11 00:00:03,0.17,3,fleongg
1784,15510778,Claudia Barbie,2026-04-09 20:31:25,0.17,5,clabarb
1785,16586110,emirhan_32,2026-07-25 08:14:05,0.17,3,emirhan3223
1786,16745716,AGI_Pipeline,2026-08-23 05:04:38,0.17,2,taryncampbell
1787,15552972,Knight,2026-05-09 15:19:55,0.17,1,dreamer4
1788,16227203,Vuttinun,2026-06-04 17:00:10,0.17,1,vuttinun
1789,16705503,Kevin Li,2026-08-17 05:47:35,0.17,3,kevinli82
1790,16381569,Kazumi Sakamoto,2026-06-17 12:55:54,0.17,1,maehwa
1791,16670410,TumblingDice23,2026-08-27 16:45:45,0.17,3,tumblingdice23
1792,16751673,Sidharth Hulyalkar,2026-08-26 21:47:08,0.17,2,sidharthhulyalkar21
1793,15488241,charyeezy,2026-08-22 12:20:56,0.17,11,charyeezy
1794,15498109,Helik Thacker,2026-04-14 13:43:18,0.17,3,hellhacker
1795,15628929,WAMYA,2026-04-20 08:47:01,0.17,4,wangmyang
1796,15493061,Panos,2026-04-14 08:04:29,0.17,3,panosc
1797,15544125,Vldmr338,2026-04-03 06:29:24,0.17,1,vldmr338
1798,15511689,Andy Penrose,2026-04-14 17:55:44,0.17,3,andypenrose
1799,15672847,Shreyas,2026-05-28 13:06:34,0.17,12,shreyasvathul
1800,16435464,Hans Simmons,2026-07-28 23:21:01,0.17,7,hansleestahl
1801,15970468,Vladimir Yakunin,2026-08-14 01:28:16,0.17,45,vladimiryakunin
1802,16589625,King-damon,2026-08-07 07:03:41,0.17,5,kingdamon
1803,16571708,Lliama,2026-08-07 23:54:59,0.17,6,lliama
1804,15488310,xCalibrr,2026-08-04 03:01:40,0.17,5,pranshubahadur
1805,16662291,MiguelS,2026-08-15 18:47:39,0.17,9,lordm758
1806,16634633,Akanbi Oluwajuwon Mayomi,2026-08-30 05:49:42,0.17,19,akanom
1807,16404154,Boh,2026-08-31 00:02:12,0.17,11,bijiumi
1808,16397179,ARCAINION PRIME,2026-08-13 08:57:09,0.17,6,arcainionprime
1809,16545242,Alex Oranov,2026-07-14 18:32:10,0.17,1,aoranov
1810,15500046,Tingjia InFuture,2026-04-01 05:39:33,0.17,4,tingjiainfuture
1811,15510271,Shiv Satyam,2026-06-12 13:17:31,0.17,3,shivsatyam
1812,15490618,Skye Loitz,2026-08-21 00:05:23,0.17,19,skyeloitz
1813,15543825,taojiekai,2026-04-08 11:35:33,0.17,3,taojiekai
1814,15548118,George yazaji222299 ,2026-04-05 08:41:29,0.17,3,georgeyazaji222299
1815,16777399,CodeNova × Jovian Game Studios,2026-08-28 00:43:13,0.17,2,scottmahony
1816,16546687,Gopi,2026-08-04 00:03:14,0.17,4,gopigogineni
1817,15488458,OmniOne,2026-08-18 11:26:52,0.17,4,MultiEgo
1818,16441640,UncleBumblebeer,2026-07-17 22:35:12,0.17,13,unclebumblebeer
1819,15558515,Ameya Srivastava,2026-05-19 06:03:08,0.17,1,ameyasr1308
1820,16685068,Youssef EL MSIYAH,2026-08-07 13:06:47,0.17,1,youssefelmsiyah
1821,15563039,Yidhar,2026-04-15 00:04:08,0.17,4,yidhar
1822,16616531,Chengyu Huang,2026-07-30 02:25:21,0.17,1,johnsonice
1823,16098385,HAOHAN WU,2026-06-02 03:31:16,0.17,5,zawdcxsw
1824,16540282,kangqinyao,2026-07-14 01:47:19,0.16,2,kangqinyao
1825,15671470,Baran Dindar,2026-05-13 13:45:05,0.16,10,barandindar
1826,16548253,Zhanpeng.W,2026-07-31 04:18:30,0.16,4,zhanpengw
1827,16553194,Unicorn,2026-07-28 00:13:57,0.16,5,scutxuanyu
1828,16747880,Alfonso Rianna,2026-08-29 10:49:27,0.16,3,"alfonsorianna,mattialusian"
1829,16031015,Andrea Bonomi,2026-06-15 13:43:37,0.16,5,andreabonomi
1830,16735062,Marcelo,2026-08-24 05:55:53,0.16,5,marcelomata
1831,15981400,Sai Aaron,2026-05-15 11:42:18,0.16,1,saiaaron
1832,16085020,smallrole,2026-05-27 02:56:46,0.16,1,smallrole
1833,15488812,Minal kharat123,2026-07-31 22:26:16,0.16,12,minalkharat123
1834,16255254,TTConsulting,2026-06-16 13:22:51,0.16,6,ttconsulting
1835,16709282,Saikot Das,2026-08-12 05:41:58,0.16,1,saikotse
1836,15523045,Pranav Malhotra,2026-04-19 18:08:35,0.16,7,pranav9874
1837,15664415,koppen9029,2026-04-24 04:23:07,0.16,3,koppen9029
1838,15493534,Addicted Tribes,2026-04-04 05:22:18,0.16,8,"anhlquctrn,haaminh"
1839,16560614,Eishaan Khatri,2026-07-17 18:37:02,0.16,1,eishaankhatri
1840,15595273,The Spectral Shaman,2026-04-13 06:45:55,0.16,2,ryancardwell
1841,16238336,Abdulhamid Sonaike,2026-06-07 06:45:45,0.16,3,abdulhamidsonaike
1842,16754041,darkun1c0rn,2026-08-29 20:48:35,0.16,5,darkun1c0rn
1843,16393610,Arashi133,2026-06-19 09:00:09,0.16,1,arashi133
1844,16256846,Ricky #2,2026-06-12 00:09:03,0.16,4,rickyds97
1845,16451496,Ritchel Akwali,2026-07-16 12:50:50,0.16,5,ritchelakwali
1846,16250468,Rupesh Kumar,2026-06-08 14:17:05,0.16,3,rupeshrk3
1847,16396847,SAITEJA DASARI,2026-06-21 03:09:39,0.16,3,saitejadasari129
1848,16552727,Dylon Tsai,2026-07-20 08:07:11,0.16,1,dylonwilliam
1849,15487374,Taha Kaya,2026-08-05 05:39:16,0.16,5,tahakaya1
1850,16511370,kelin hf,2026-07-28 07:26:45,0.16,1,kelinhf
1851,16632050,HyperARC,2026-08-30 10:13:39,0.16,16,shadowell888
1852,16508568,Thomas Stausberg,2026-08-24 11:49:26,0.16,12,tstausberg
1853,16623184,TheFusionCube,2026-08-27 00:03:51,0.16,4,thefusioncube
1854,16475295,JosephMontana,2026-07-14 00:17:06,0.16,6,josephmontana
1855,15577570,Umeshkumar Pal,2026-04-10 17:48:05,0.16,1,umeshkumarpal
1856,16508577,betülay Kaba,2026-07-19 06:29:45,0.16,6,betlaykaba
1857,16500409,anteater,2026-08-29 08:38:05,0.16,20,"chaehyunlim2,roha2i"
1858,16405186,Vanya SSS,2026-07-05 11:53:45,0.16,5,vvv228
1859,15518450,Kuldeep Mishra,2026-04-03 05:49:02,0.16,1,kmish980
1860,16456154,Juan Lavieri Goiri,2026-07-01 01:18:29,0.16,2,juanlavierigoiri
1861,15487138,Ravikash Gupta,2026-03-27 02:31:56,0.16,2,ravikaash
1862,15499023,Prashant Kikani,2026-03-27 03:14:56,0.16,1,prashantkikani
1863,15488002,Nick Vecchioni,2026-04-04 07:28:18,0.16,7,nickvecchioni
1864,16439746,zhengmiao95,2026-06-30 23:31:58,0.16,3,zhengmiao95
1865,16785423,Aditya #3,2026-08-28 18:51:20,0.16,1,aditya1220
1866,16630430,Aleks Lviv,2026-08-25 16:11:15,0.15,2,alekslviv
1867,16112223,cwxcai,2026-05-29 16:46:25,0.15,1,cwxcai
1868,16721902,Tom.,2026-08-14 11:38:56,0.15,1,tikutiku
1869,15487633,Ritwika Kancharla,2026-03-26 02:56:57,0.15,1,ritwikakancharla
1870,16189442,Takahashi,2026-06-05 01:20:44,0.15,2,tea0925ds
1871,16268040,galaxy2025,2026-06-09 01:07:09,0.15,2,galaxy2025
1872,16300366,Galkin Danil,2026-06-11 11:16:29,0.15,1,galkindanil
1873,15486930,Nischay Dhankhar,2026-04-02 04:20:59,0.15,2,nischaydnk
1874,15529608,Sergei Miller,2026-04-01 15:07:42,0.15,1,sergmiller
1875,15989666,fxhrer,2026-05-19 02:18:38,0.15,1,fxhrer
1876,15491980,Nguyễn Giáp,2026-03-27 01:24:02,0.15,2,nguyngip
1877,16245190,eggsyyyy,2026-06-15 06:09:11,0.15,5,eggsyyyy
1878,16160900,RenitaX,2026-06-15 08:47:08,0.15,5,renitax
1879,15740169,Chandu Chitikam,2026-08-12 05:14:48,0.15,8,chanduchitikam
1880,16702809,raikhan,2026-08-11 20:12:41,0.15,2,raikhan17
1881,16370398,Muhammad Ahsan Talal,2026-07-07 14:52:34,0.15,5,muhammadahsantalal
1882,15830034,Ziaul Hasan,2026-05-24 11:32:31,0.15,3,mzhasan00
1883,15527110,Neha Yadav,2026-04-02 12:22:56,0.15,1,yadavneha5001
1884,16479655,Raiyana Rufaida,2026-07-04 10:38:53,0.15,2,shes1r
1885,16368853,Simon Peter Makobi,2026-06-24 05:52:39,0.15,5,simonpetermakobi
1886,16211260,mdashraful16,2026-06-22 02:31:08,0.15,11,mdashraful16
1887,16590463,weizhou liu,2026-07-26 01:23:21,0.15,4,weizhouliu
1888,15643066,Sơn Nguyễn,2026-04-23 21:46:16,0.15,2,sonnguyen10
1889,16591270,Yansı Evre Yüksel,2026-07-29 10:51:41,0.15,3,yanevyuk
1890,16397318,[Deleted] 0175b662-161d-4ca5-8a06-00bdc5fe0218,2026-07-17 04:50:04,0.15,5,del=c96551b45189e94a
1891,15500752,Kiran Vitly,2026-06-27 06:48:27,0.15,2,kiranvitly
1892,16555984,Jeffery Jerome Harris,2026-07-27 18:27:25,0.15,5,jefferyjeromeharris
1893,16331029,JawaZero,2026-07-02 04:07:55,0.15,7,therealjabaadams
1894,16603574,Paul L,2026-07-27 02:46:55,0.15,1,paull274996
1895,16378658,tokawa2997,2026-06-18 03:38:48,0.15,2,tokawa2997
1896,15916571,wood_zhao,2026-05-17 00:00:31,0.15,3,catenterzhao
1897,15619262,Deenadayalan Kuravar,2026-06-23 11:33:23,0.15,1,deenadayalandms
1898,16374287,404 Not Found,2026-07-04 09:24:15,0.15,13,"gayathrirajeev77,nishanthrajandev"
1899,16473273,Motohiro Okaya,2026-07-04 04:43:42,0.15,3,moroqq82
1900,16357275,Unbrowse AI,2026-07-03 00:46:05,0.15,8,lewistham
1901,16311216,Andro Faryna,2026-06-12 14:18:49,0.15,1,androfaryna
1902,16753669,Amit Kumar Gupta,2026-08-23 12:52:48,0.15,3,eramitg
1903,16564841,Jaydon J P,2026-07-19 11:52:40,0.15,2,jaydonjp
1904,16414311,ruuu,2026-07-12 13:46:26,0.15,5,kyoichiroyanada
1905,16002691,Hiroshi Murakami,2026-05-24 11:05:44,0.15,2,pirozhiki
1906,15495033,ARC winners,2026-05-17 22:28:00,0.15,10,"samitmyaka,srihaasakaryampudi"
1907,15575636,kura19,2026-04-14 00:42:07,0.15,1,kura19
1908,16301142,Ryan Barrett,2026-06-11 12:48:06,0.15,1,agifrfr
1909,16368639,Steven #2,2026-06-16 01:58:02,0.15,1,stevenpp
1910,16278637,Pietro,2026-06-11 09:25:26,0.15,2,pietro002
1911,15908291,yanghong2025,2026-06-29 02:17:21,0.15,16,yanghong2025
1912,16303976,Daniel Cecim,2026-06-18 09:50:32,0.15,5,danielcecim
1913,16609488,灵境EtherealRealm‑Solo,2026-08-30 15:34:15,0.15,2,"jihuiquan,liaojiaxuan,meegox,seasongod,wangausx"
1914,15601261,Yurii Liashchuk,2026-04-13 15:51:30,0.15,1,yuralia88
1915,16530767,Alexsandro135jg,2026-07-12 01:59:59,0.15,2,alexsandro135jg
1916,16716223,jason87216,2026-08-14 02:43:18,0.15,2,jason87216
1917,16716126,BessHsu,2026-08-14 01:30:07,0.15,1,besshsu
1918,16785350,Maziyar Abyari,2026-08-30 20:53:39,0.15,2,maziyarabyari
1919,15526904,EastonB,2026-04-15 06:36:36,0.15,3,eastonb
1920,15881965,JEP,2026-06-02 01:10:32,0.15,9,jaeeon2020
1921,16101972,Andy Barta,2026-05-28 18:09:12,0.15,1,andybarta
1922,15494415,Sabreen Elkamash,2026-06-06 06:57:50,0.15,14,sabreenelkamash
1923,16254867,Peng Wang,2026-06-08 04:36:49,0.15,1,pengwang91
1924,16411245,huang akai,2026-08-16 12:00:48,0.15,4,huangakai
1925,16415172,jangjunmin,2026-06-22 15:51:21,0.15,1,jangjunmin
1926,16271667,snailst21 dr,2026-06-24 06:27:05,0.15,2,snailst21dr
1927,15734432,Dexter,2026-08-04 16:11:39,0.15,3,dexterawoyemi
1928,16463140,xcadet,2026-07-02 01:30:39,0.15,1,xcadet
1929,16614927,Kanwar Sekhon,2026-07-29 20:20:07,0.15,1,kanwarmehtabsekhon
1930,16614658,zaheer abbas,2026-07-31 14:20:28,0.15,1,zaheerabbasorakzai
1931,16643024,DY0123,2026-08-03 00:37:18,0.15,1,dy0123
1932,16719242,yulenchen,2026-08-14 01:33:33,0.15,1,yulenchen
1933,16725192,Masataka Suzuki,2026-08-17 04:48:51,0.15,2,masatakasuzuki
1934,16724865,Md.Mahfujul Karim,2026-08-31 01:52:26,0.15,5,mdmahfujulkarim
1935,16771576,AllenCheng329,2026-08-25 16:27:50,0.15,1,allencheng329
1936,16776964,Kristin Strecker,2026-08-28 18:23:34,0.15,3,kristinstrecker
1937,16753824,Mosamosa,2026-08-30 14:50:00,0.15,2,mosamosa
1938,15654070,Greg Kamradt,2026-06-16 15:52:31,0.15,8,gregkamradt
1939,16783293,Calpa Liu,2026-08-29 00:03:09,0.15,2,hokyiuliu
1940,16108111,Willwinma,2026-05-29 08:04:26,0.15,1,"jingmikun,jinkunhu"
1941,16553009,nijigasaki,2026-07-16 04:34:14,0.15,1,nijigasaki
1942,15539198,ModelNaut,2026-04-03 07:12:36,0.15,2,modelnaut
1943,15486876,PIXMELT,2026-03-26 10:22:27,0.15,1,pixmeltpro
1944,16368161,Nandu Ari,2026-06-20 21:35:14,0.14,2,nanduari
1945,15680357,Andre Ruiz Loera,2026-05-28 02:36:19,0.14,2,andreruizloera
1946,16661652,zhhong6662,2026-08-07 00:09:41,0.14,2,zhhong6662
1947,16560191,Wang X.Y.,2026-07-21 13:27:00,0.14,4,xiangyangwang
1948,15579854,BirdyLiu1023647,2026-06-25 12:19:42,0.14,2,birdyliu1023647
1949,15901663,Purple Slurpees,2026-05-13 14:39:39,0.14,2,purpleslurpees
1950,15859982,SoraDaCroi,2026-05-10 17:00:50,0.14,3,soradacroi
1951,15486691,Pramod Chilakalapudi,2026-04-01 15:08:40,0.14,2,pramodchilakalapudi
1952,15843647,Mauricio Maroto,2026-05-13 02:49:20,0.14,1,maulberto3
1953,15488070,ASetiawan,2026-05-06 00:27:29,0.14,8,aderiannovito
1954,15501456,reyvan14,2026-03-30 11:36:16,0.14,3,reyvan14
1955,16702755,Cristiano Sacramento,2026-08-26 02:21:01,0.14,6,cristianosacramento
1956,15552950,Adi Kusuma,2026-08-05 00:38:30,0.14,8,adikusum4
1957,16712545,Jay Salvi,2026-08-31 02:57:15,0.14,6,jaysalvi
1958,16197549,Irabala,2026-08-05 06:07:42,0.14,13,irabala1
1959,16482226,Maher el Ouahabi,2026-07-11 01:18:08,0.14,6,maherelouahabi
1960,16599867,sota1111,2026-08-03 14:34:32,0.14,6,sota1111
1961,16704495,Enzo Lherisson,2026-08-15 04:05:13,0.14,3,enzolherisson
1962,16535438,Medalist,2026-08-12 06:55:17,0.14,4,"ks0307,reiyas"
1963,15508050,rsn-opencode,2026-05-17 16:58:35,0.14,2,human01
1964,15513094,Jafar Banar,2026-05-06 17:23:20,0.14,5,jafarbanar
1965,16616763,SGY2512,2026-08-20 15:40:35,0.14,5,sgy2512
1966,16756055,Thomas,2026-08-29 01:56:22,0.14,6,tommurakami
1967,16784926,Isaac,2026-08-29 16:39:17,0.14,2,huangjunqiang
1968,16660830,4Solver,2026-08-08 00:02:02,0.14,3,"cristianoesilva,msfbiolinhares"
1969,16376849,Garrett Gecewicz,2026-07-03 05:05:34,0.14,11,garrettgecewicz
1970,15929779,xxarjun,2026-05-15 11:24:08,0.14,3,xxarjun
1971,16278450,Gururaj Shahapurmath,2026-06-16 02:10:46,0.14,2,gururajshahapurmath
1972,16448969,adam555adam7,2026-07-15 09:59:25,0.14,2,adam555adam7
1973,16098220,TomoriKaho,2026-07-18 07:55:03,0.14,2,tomorikaho
1974,15568903,Luke Li,2026-04-07 08:52:15,0.14,1,infgeoax
1975,16608791,Shuhei Kuroiwa,2026-07-28 09:19:04,0.14,1,shuheikuroiwa
1976,15496466,Hassan Abedi,2026-03-26 19:26:52,0.14,1,habedi
1977,16296605,rumbling_b,2026-07-03 10:22:41,0.14,1,rumblingb
1978,16759045,Cody Whatley,2026-08-30 00:06:28,0.14,4,codywhatleymd
1979,16307369,Workiflow,2026-07-10 21:57:43,0.14,2,johnpaultheron
1980,15524800,Hafiz Muhammad Noor,2026-04-08 07:35:29,0.14,1,cmdhmn
1981,15486883,ffurkann,2026-07-22 20:01:39,0.14,11,fuego88
1982,16663749,Antoine Matemane Mahirwe,2026-08-11 01:38:39,0.14,6,antoinemah
1983,16612386,Rms387,2026-08-19 16:18:59,0.13,4,rms387
1984,16390777,Sebastien Andersson,2026-06-20 16:01:53,0.13,1,sebastienandersson
1985,16760592,Masashi Oohira,2026-08-26 09:44:10,0.13,1,masashioohira
1986,16463085,Archie Chaudhury,2026-07-06 00:50:17,0.13,5,archiechaudhury
1987,16368157,Shakil Mosharrof,2026-06-30 05:18:51,0.13,7,shakil19
1988,16601941,nk,2026-07-28 23:31:06,0.13,2,nagatakengo
1989,15875274,mathmonkeyliu,2026-05-06 13:32:00,0.13,1,"mathmonkeyliu,opfromthestart"
1990,16718169,Joyal,2026-08-14 10:04:27,0.13,1,joyalseejo
1991,16403849,TVK,2026-06-21 17:28:04,0.13,2,sarrveshwartme25b115
1992,16292156,Amant,2026-06-15 04:21:51,0.13,6,amantk
1993,15548877,Refound,2026-04-03 15:41:44,0.13,1,refound
1994,16420036,aureioo,2026-07-02 01:17:18,0.13,4,aureioo
1995,15615887,Anatolii Kandiuk,2026-05-29 20:46:30,0.13,7,"anatoliikandiuk,danieldan0"
1996,16553124,udi wijaya,2026-07-30 11:58:13,0.13,7,udiwijaya
1997,16443032,Pawit Sahare,2026-08-13 06:25:04,0.13,4,pawitky
1998,16707087,Melokuhle Sikhondze,2026-08-12 14:35:54,0.13,2,melokuhlesikhondze
1999,15609019,cha7ura,2026-05-23 07:07:10,0.13,3,cha7ura
2000,16630701,Justin CH123,2026-07-31 11:56:51,0.13,1,justinch123
2001,16657368,first_one_3322,2026-08-04 06:21:34,0.13,1,firstone3322
2002,15914096,Chengyi Liu,2026-05-18 13:36:33,0.13,3,cliu123456
2003,15771359,srujhans,2026-08-17 20:31:09,0.13,6,srujhans
2004,16760943,BrdH7940,2026-08-31 06:03:28,0.13,1,brdh7940
2005,16684631,Mr6436,2026-08-09 20:39:17,0.13,1,mr6436
2006,16484900,YellwoJune083,2026-07-04 08:07:25,0.13,1,yellwojune083
2007,16751822,BillyBato,2026-08-28 06:50:16,0.13,3,billybato
2008,16719401,nicechun13,2026-08-14 02:55:58,0.13,1,nicechun13
2009,16375201,fyvguys,2026-06-29 00:33:47,0.13,10,nin417
2010,15520762,ArcWolf,2026-04-27 16:15:12,0.13,4,fenrirai
2011,16770584,ebisu_ya,2026-08-28 01:21:38,0.13,4,ebisuya
2012,15488866,Dhana Abhiraj,2026-03-29 03:54:46,0.13,1,dhanaabhiraj
2013,16406189,Adrián Pineda Moreno,2026-06-26 10:31:13,0.13,5,adrinpineda
2014,15523526,Muhammad Junaid,2026-04-22 16:04:39,0.13,3,junaid512
2015,15826792,Yixin Wang,2026-05-02 10:00:59,0.13,1,yixinwww
2016,15487368,alba,2026-03-29 10:55:01,0.12,3,itbert
2017,15486975,Suleiman Tawil,2026-06-30 19:04:49,0.12,2,suleimantawil
2018,16585165,zhangyues,2026-07-23 00:00:23,0.12,2,zhangyues
2019,16692708,ManasviSharma,2026-08-10 17:34:00,0.12,1,manasvi821
2020,16261270,alekh,2026-08-22 10:34:12,0.12,4,aleksanderhan
2021,16065243,bsenst,2026-05-25 08:27:49,0.12,2,bnzn261029
2022,16404236,Ansh Joshii,2026-06-20 20:48:41,0.12,1,anshjoshii
2023,16516860,Ali Mustafa Ali,2026-07-11 16:56:06,0.12,1,alimustafaali
2024,16617680,HE PEIYU,2026-08-12 10:22:26,0.12,5,hepeiyu004
2025,16366087,Rohan Thattampurath,2026-08-19 11:59:33,0.12,1,thealpha199
2026,15585056,Alek Lacoustete,2026-04-12 11:19:56,0.12,1,aleklacoustete
2027,16717434,IronLogic,2026-08-27 10:32:02,0.12,1,bernardboatey
2028,15611267,Leobertucci,2026-04-13 20:50:50,0.12,1,leobertucci
2029,15734831,Joshua Heidorn,2026-04-27 02:44:07,0.12,2,joshuaheidorn
2030,16251140,abhilash Manchala,2026-06-12 14:26:47,0.12,3,abhilashmanchala
2031,16318682,Raed Ennab,2026-07-13 04:48:16,0.12,4,raedennab
2032,15989494,Gunal Karthikeyan,2026-05-19 00:42:27,0.12,1,gunalkarthikeyan
2033,15488263,Karen,2026-06-12 02:12:32,0.12,5,karendavis
2034,15487585,Faihaj,2026-03-31 17:19:25,0.12,3,faihaj
2035,15940399,Roy_Wang925,2026-05-20 14:39:34,0.12,5,roywang925
2036,16040367,Ryosuke SHIMIZU,2026-05-23 03:28:06,0.12,3,tttgazerttt
2037,16552830,Yashpal M,2026-08-30 18:17:01,0.12,1,r17754
2038,16445777,Nesime,2026-06-28 08:51:43,0.12,1,monkeybox
2039,16419773,霓裳-Museon,2026-07-06 00:46:14,0.12,6,zealchou
2040,16410916,yasuk,2026-08-20 14:39:55,0.12,1,yasunarik
2041,16769485,Tailee Kim_7,2026-08-26 04:42:47,0.12,2,emilykim01
2042,16652499,Yiğit Karadağ,2026-08-06 04:49:03,0.12,1,yiitkarada
2043,16570733,PankajGupta73,2026-07-24 01:35:27,0.12,1,pankajgupta73
2044,15752293,Guy Nachshon,2026-04-28 09:51:04,0.12,1,guynachshon
2045,16271923,Ian Blenke,2026-08-19 14:26:29,0.12,8,iancblenke
2046,16688028,Asher Tooley,2026-08-08 00:16:44,0.12,1,ashertooley
2047,15487309,Njabulo Bright,2026-03-29 05:25:52,0.12,4,njabulobright
0,15485225,Random Agent,2026-03-25 00:33:14,0.12,1,
2048,16501274,Samson Enoch,2026-07-08 02:01:03,0.12,2,samsonenoch
2049,16673415,Stijn,2026-08-23 05:35:18,0.12,5,stijnappelmoes
2050,15513411,nadirbekovnadir,2026-04-03 01:03:35,0.12,2,nadirbekovnadir
2051,16580355,Rick Gillespie,2026-07-21 10:29:44,0.12,1,bliztafree
2052,15636473,whflux,2026-05-12 10:39:38,0.11,6,whflux
2053,15492335,bobdobbob,2026-03-26 07:08:46,0.11,1,bobdobbob
2054,15492420,da_pond,2026-03-26 07:20:03,0.11,1,dapond
2055,15595610,georginio2000,2026-07-20 16:37:59,0.11,4,kouserisgeorgios
2056,16384499,Pranshu Sharma,2026-07-02 18:15:08,0.11,6,pranshusharmaa
2057,15503562,Mattias Nordstrand,2026-04-03 14:02:10,0.11,2,mattiasnordstrand
2058,15602825,ASHWINMSAD,2026-04-16 05:10:03,0.11,4,ashwinmsad
2059,16126100,Mukesh Patil,2026-08-17 05:27:30,0.11,8,speedforceyt
2060,16277881,Saif Bagmaru,2026-06-11 06:56:44,0.11,3,imsaif
2061,16723651,Ehsan Patel,2026-08-16 01:09:35,0.11,2,ehsansp
2062,16506426,i moichchi :sob:,2026-07-09 02:42:03,0.11,2,abdullahshafi2021
2063,15939268,Lucien de Rubempre,2026-05-13 05:32:15,0.11,2,lucienderubempre
2064,15671155,Ravi Makhija,2026-04-26 17:51:17,0.11,2,ravimakhija
2065,16321982,Zhongyuan Zhang,2026-07-05 12:56:39,0.11,1,z1493916656
2066,16025438,zohir benmalek,2026-05-19 16:38:19,0.11,1,zohirmalek
2067,16676389,Y. Kim,2026-08-21 17:50:40,0.11,5,ywkim22
2068,15640764,Sai Shreekar G,2026-05-15 03:27:00,0.11,2,saishreekarg
2069,15493593,waechter,2026-03-26 10:01:16,0.11,1,waechter
2070,16117471,Quetzali Ramírez Guillén,2026-05-31 03:31:13,0.11,2,coystan
2071,15494266,Tharaka Umayanga,2026-03-26 11:33:50,0.11,1,crazyfox001
2072,16733960,Rand Go,2026-08-17 19:36:59,0.11,1,randgo
2073,16249007,BlueFlame202,2026-06-13 19:10:34,0.11,2,aathreyakadambi
2074,16066658,Chia-Han Chen,2026-05-27 02:14:47,0.11,1,chiahanchen
2075,15504373,GanadorPlusUltra,2026-04-04 01:08:02,0.11,4,ganadorplusultra
2076,16368320,Kyrenic,2026-08-26 06:54:09,0.11,10,kyrenic
2077,15495078,Revanth Kodati,2026-03-26 19:10:15,0.11,1,kodatirevanth
2078,16357889,Gopokionel,2026-08-04 05:35:58,0.11,5,gopokionel
2079,15488392,Omar,2026-03-27 00:03:23,0.11,1,omarafik
2080,15584179,Klgv Klgv,2026-04-19 20:08:57,0.11,2,klgvklgv
2081,16458373,Pallavi R,2026-07-15 13:55:50,0.11,2,pallavi1407
2082,16594962,abdallah farouk,2026-07-31 00:34:32,0.11,1,farouk09
2083,16374045,Ethan Liu,2026-06-20 14:47:35,0.11,3,ethanl22
2084,15512002,Tom,2026-03-29 11:38:54,0.11,1,tomokisano
2085,15488557,TeamRED,2026-03-27 04:14:08,0.11,2,noproo
2086,16582387,kwonj0815@gmail.com,2026-07-21 16:44:51,0.11,1,kwonj0815gmailcom
2087,15503023,hetul patel,2026-07-18 18:21:59,0.11,3,hetul803
2088,15880333,Ninym06,2026-06-23 10:29:05,0.11,2,ninym06
2089,16716151,Hsu HH,2026-08-14 04:57:25,0.11,2,beatles1823
2090,16756317,Derrick Lace,2026-08-21 19:18:10,0.11,1,derricklace
2091,16770418,qiuqiu,2026-08-31 03:40:19,0.10,6,qiuqiuh
2092,16777664,liwei_leocat,2026-08-31 06:05:52,0.10,1,liweileocat
2093,16464853,guochangZhang,2026-07-05 03:18:23,0.10,1,guochangzhang
2094,16244857,Ben Jenkins,2026-06-07 22:03:12,0.10,2,benjenkins96
2095,15573392,Chitranjan Singh,2026-04-22 18:32:50,0.10,1,chitranjansingh
2096,15492306,H. Dewmal ,2026-08-09 17:10:07,0.10,1,dewmalnilanka
2097,15497023,rldoeswork,2026-08-13 01:58:12,0.10,1,maharishiva
2098,16541755,gugugaga!,2026-07-14 04:25:00,0.10,1,ccrcrcr
2099,16655317,Emin Gürbüz,2026-08-08 19:31:09,0.10,4,emingrbz0
2100,15834772,James Wilkins,2026-05-05 06:02:58,0.10,2,jameswilkins
2101,16674972,Noureddine Mohammedi,2026-08-12 11:31:54,0.10,4,noureddinemohammedi
2102,16760619,Sho Saga,2026-08-29 10:14:41,0.10,3,shosaga
2103,15828349,yang1911,2026-05-04 14:48:34,0.10,1,yang1911
2104,15998556,Kevin Shao,2026-05-27 08:26:54,0.10,2,kevinshao04
2105,16384154,Baris Yazici,2026-06-23 11:50:24,0.10,4,barisyazici30
2106,15573094,Hitchhiker2TheFuture,2026-06-09 01:28:50,0.10,8,hitchhiker2thefuture
2107,16688449,Vicwlau,2026-08-08 05:21:02,0.10,1,vicwlau
2108,16267486,reasonofmoon,2026-06-08 11:11:51,0.10,1,reasonofmoon
2109,15505322,Emiliano Gasparovic,2026-03-28 05:31:07,0.10,1,emilianogasparovic
2110,15499036,Jiwei Liu,2026-03-30 21:37:36,0.10,2,jiweiliu
2111,15509517,somebodyOnKaggle,2026-03-29 00:42:49,0.10,1,somebodyonkaggle
2112,16085896,Paul Joseph,2026-05-31 08:07:38,0.10,1,paultechm
2113,16739889,Ayush Arora,2026-08-20 00:29:54,0.10,2,ayuslharora
2114,16324926,Buzz shocker,2026-06-29 05:54:09,0.10,1,"buzzshocker,lordyashpratap"
2115,15609207,Alexander,2026-04-13 13:30:07,0.10,1,krugex
2116,16715965,AlanHsu_AI0116,2026-08-21 05:37:49,0.10,6,alanhsuai0116
2117,16266300,zzzzzzrc,2026-06-11 04:23:37,0.10,4,zzzzzzrc
2118,15487355,S,2026-04-02 21:22:29,0.10,3,carlostoppani
2119,15487103,Guanghan Ning,2026-06-19 18:45:08,0.10,5,guanghanning
2120,16430419,loadingAC,2026-06-25 08:31:18,0.10,1,loadingac
2121,15763912,Harry Zhao HY,2026-04-30 02:26:21,0.10,3,harryzhaohy
2122,15539171,GrootX,2026-04-03 21:51:16,0.10,1,grootx
2123,16792140,haiy_qq,2026-08-31 01:51:15,0.10,2,haiyqq
2124,16536460,Cont Gi,2026-07-14 02:31:46,0.10,2,contgi
2125,16716260,Phoenix,2026-08-14 01:33:09,0.10,1,phoenix189
2126,15786837,macleonjinkan@hotmail.com,2026-04-29 22:19:16,0.10,1,macleon
2127,15585605,pkms,2026-06-30 00:04:15,0.10,5,prakamyamishra
2128,16327509,fabio rovai,2026-06-19 08:57:57,0.10,4,fabiorovai
2129,15498286,Hira-X,2026-03-30 23:23:49,0.10,2,abdullahasoliman
2130,16726265,noxdarko,2026-08-15 18:56:08,0.10,1,noxdarko
2131,16717721,Sai Teja Bandaru,2026-08-28 20:31:03,0.10,3,saitejabandaruin
2132,16627226,JohnBaby,2026-08-02 17:17:04,0.10,1,junzhewong
2133,15536113,IjlalBaig,2026-04-05 16:51:20,0.10,1,ijlalbaig92
2134,16349882,Nikhil Pradhan,2026-08-06 18:58:34,0.10,6,nikhilpradhan1
2135,16444911,JShen,2026-07-04 12:32:37,0.10,1,qjshen
2136,15995392,Hiroyasu Okuno,2026-06-06 01:47:51,0.10,1,hiroyasuokuno
2137,16273359,JinXian Chen,2026-07-16 16:06:45,0.10,6,jinxianchen
2138,16100782,StevenKaseiyo,2026-05-28 13:03:29,0.10,1,stevenkaseiyo
2139,15943261,Raphael Gusmao,2026-05-25 22:49:08,0.10,5,raphaelgusmao
2140,15817057,Erich Bochenek,2026-05-12 10:04:22,0.10,5,erichbochenek
2141,16588811,GameAGI,2026-08-10 06:32:09,0.10,1,"mama5647,voidin,zhangruichen66"
2142,16054431,Tuna Xiao,2026-06-13 09:41:13,0.10,1,tunaxiao
2143,15489968,Haradi Bots,2026-03-27 03:22:10,0.10,2,haradibots
2144,15510259,[Deleted] 148fbb43-b531-4414-91bf-40351a0788aa,2026-03-29 04:06:37,0.09,1,del=358c10d722d32731
2145,16387375,Tanh2405,2026-06-19 07:44:34,0.09,1,tanh2405
2146,16792049,Aura Farming,2026-08-30 13:37:27,0.09,1,rngrng
2147,15513341,wolf,2026-04-15 00:30:41,0.09,1,naoufelelbachir
2148,16716148,liuhungyi,2026-08-14 00:21:22,0.09,1,liuhungyi
2149,16732429,Raoul Biagioni,2026-08-25 10:24:10,0.09,3,raoulbiagioni
2150,16717152,yesterdays_rebel,2026-08-13 12:09:43,0.09,1,irfanparaniya
2151,15506954,Rafay Shahid0,2026-03-31 02:15:53,0.09,1,rafayshahid0
2152,15708278,Huy Lôi Giang,2026-04-23 09:51:38,0.09,1,huyloi
2153,16750764,Patricia Purtill,2026-08-28 10:50:50,0.09,3,patriciapurtill
2154,16561130,DA willowtree,2026-07-17 21:29:39,0.09,1,dawillowtree
2155,15637997,the_coder,2026-07-23 07:27:50,0.09,2,samyukthahr
2156,15863749,don gunning,2026-08-11 19:33:27,0.09,11,dongunning
2157,16559107,Joan Bitutu,2026-07-17 11:27:51,0.09,1,joanbitutu
2158,16791947,Yonghwan,2026-08-30 04:42:57,0.09,1,yonghwan2161
2159,16722080,AJ Calica,2026-08-27 13:55:08,0.09,2,abduljabbarcalica
2160,15785831,Kamal Biswakarma,2026-04-29 21:24:18,0.09,1,kamalbiswakarma
2161,15522177,Arpit Singh,2026-05-20 04:42:35,0.09,5,arpitsingh8809
2162,16468343,SonuYadav889,2026-07-11 16:35:09,0.09,2,sonuyadav889
2163,16417945,Rajshekar,2026-06-23 07:52:30,0.09,1,mtech24m0793
2164,16687920,nabil,2026-08-08 11:47:10,0.09,1,marchworks
2165,16480484,phongtintruongg,2026-08-25 10:07:25,0.09,1,phongtintruongg
2166,16386238,Aditya Singh,2026-06-19 10:44:39,0.09,1,adityasingh157735
2167,15498152,Rohan Dekate,2026-03-27 00:24:40,0.09,1,rohandekate13
2168,15490043,Pranav A,2026-06-27 14:39:32,0.09,1,pranav47
2169,15519101,yanjixiang,2026-04-01 14:55:49,0.09,1,yanjixiang
2170,15528321,Mawra Musawar,2026-06-09 11:47:50,0.09,1,mawramusawwar
2171,15488213,little cat,2026-04-13 06:37:32,0.09,1,tangtang1999
2172,15498108,GrassClass2026,2026-06-13 16:21:44,0.09,1,oxjunhao
2173,16564309,Nadav Lederman,2026-08-02 12:53:40,0.09,4,nadavlederman
2174,16559560,wonofone,2026-08-08 06:50:14,0.09,1,wonofone
2175,15488412,[Deleted] 03f7a0e7-4358-4906-88ed-86eadf91a51c,2026-03-28 00:17:12,0.09,3,del=158dba91f520bef9
2176,15503623,Mubin Shaikh,2026-08-30 13:55:28,0.09,1,shaikhmubin
2177,15494572,namanbnsl,2026-08-22 08:06:35,0.09,1,namanbnsl
2178,15641659,Avery Scott,2026-04-19 19:27:51,0.09,1,solarusblank
2179,15732134,Ryan Ghorbandoost,2026-04-24 18:46:29,0.09,1,ryanghorbandoost
2180,16400248,G4br13l,2026-06-20 08:34:02,0.09,1,g3br13l
2181,15574032,KARLMAC,2026-07-21 14:54:44,0.09,5,karlmac
2182,15492342,Jerome Sieber,2026-06-29 09:06:09,0.09,1,jeromesieber
2183,16379780,Jahir Chowdhury,2026-06-17 09:01:24,0.09,1,jahirchowdhur
2184,16593808,RuiFSPinto,2026-07-28 07:07:04,0.09,5,ruifspinto
2185,16749470,Hetchy,2026-08-20 16:56:24,0.09,1,yukihet
2186,16498321,Matthew Childs,2026-07-08 00:01:12,0.09,2,varellium
2187,16475859,Sega Mega,2026-08-01 23:48:15,0.09,4,segamega
2188,16448948,Aur Shalev Merin,2026-07-03 18:10:27,0.09,4,aurshalevmerin
2189,15657134,WilsonFu,2026-05-28 05:12:13,0.09,1,willsonfu
2190,16697953,Macx Vasquez,2026-08-10 02:29:41,0.09,1,macxvasquez
2191,15985403,[Deleted] 2361894e-be69-404a-b6a8-928369b492a0,2026-06-24 00:16:53,0.09,2,del=5900c7ab80aef0b9
2192,15519186,Linda MacPhee-Cobb,2026-03-31 19:47:05,0.09,1,wrinkledtime
2193,16777852,Luigi ishii,2026-08-30 22:18:20,0.09,3,luigiishii
2194,16772989,Hieu AIO 2023,2026-08-27 08:27:48,0.09,1,hieuaio2023
2195,16683904,Void_Rune,2026-08-12 13:14:20,0.09,6,voidrune
2196,15668591,Longkun Shi (Candyman),2026-04-25 04:21:39,0.09,3,longkunshicandyman
2197,15807768,shigeria,2026-05-01 05:20:53,0.09,1,shigeria
2198,15756777,Aimar Haddadi,2026-05-31 10:30:46,0.09,2,aimar00
2199,16296118,kobayasi,2026-08-14 01:00:09,0.09,2,boomvector
2200,16006820,pop smoke fan,2026-05-18 12:47:17,0.09,1,bibisorobabydjon
2201,16482397,Matt Mazur,2026-07-03 17:24:38,0.09,1,mhmazur
2202,16333016,PRANAY MANE ,2026-06-28 03:40:11,0.09,7,mpranay53
2203,15491631,Cody Terry,2026-03-27 02:21:20,0.09,2,codyterry
2204,16785702,Mathias Kosinski,2026-08-30 08:14:59,0.09,2,mathiaskosinski
2205,16337443,yuji y,2026-08-21 02:28:17,0.09,2,yujiyyy
2206,15618050,Elisha777,2026-07-11 07:17:23,0.09,7,elisha777
2207,15496358,Saurabh Dasgupta,2026-07-09 14:15:37,0.09,1,dasgupsa500
2208,16483109,kaixinw6,2026-08-20 17:52:51,0.09,3,kaixinw6
2209,16083613,shotaro sakaguchi,2026-06-13 12:36:35,0.08,2,sakaguti1211
2210,16094088,çağrı okan,2026-06-07 10:52:02,0.08,2,cagrokan
2211,16241510,KunalKakade,2026-06-09 01:27:41,0.08,2,kunal808
2212,16644285,Pedro_Afonso2,2026-08-03 00:14:29,0.08,2,pedroafonso2
2213,16714366,sergiobuilds,2026-08-15 18:54:49,0.08,1,sergiobuilds
2214,15505309,laoshucike,2026-06-14 05:44:41,0.08,2,laoshucike
2215,16274295,Mitotic,2026-06-12 14:51:52,0.08,2,"bytemuneeb,clarkcarter,muzicodes"
2216,16116181,MakiMakiAi,2026-06-21 11:01:52,0.08,1,makimakiai
2217,15657776,ignace mutuza,2026-08-27 14:45:26,0.08,13,ignacemutuza
2218,15488399,ZhiruiLuo,2026-04-03 00:32:09,0.08,1,zhirluo
2219,16715388,LiuChen1350,2026-08-13 03:14:24,0.08,1,liuchen1350
2220,15554719,Hajar Besbassi,2026-04-10 17:04:03,0.08,1,jolizare
2221,15492759,jungwon Eom,2026-03-26 14:23:37,0.08,1,jungwoneom
2222,15496387,Patryk Wolny,2026-08-15 01:31:41,0.08,3,patrykwolny
2223,16638027,Randynho,2026-08-15 19:20:53,0.08,5,randynho
2224,16759482,64 Aashish Chaudhary,2026-08-24 15:06:44,0.08,1,trh2023
2225,15932596,Matt Davis,2026-05-24 02:02:34,0.08,3,matteius
2226,16613524,yoikoarmor,2026-07-31 23:33:59,0.08,2,yoikoarmor
2227,15626214,Mounika Kalamraju,2026-04-16 02:23:11,0.08,1,mounikakalamraju
2228,16096798,mark zhang,2026-06-01 15:46:50,0.08,1,markdaddy
2229,15643224,Rahul,2026-04-18 09:08:21,0.08,1,rahulatrkm
2230,16639249,Edgardo Lovell,2026-08-24 12:50:14,0.08,2,edgardolovell
2231,15699347,Oskar Seweryn,2026-05-08 07:23:06,0.08,2,oskarseweryn
2232,16551905,Vladislav Babichev,2026-07-18 01:16:41,0.08,1,vladislavbabichev
2233,15487386,Evan Pieser,2026-06-19 00:27:57,0.08,3,evanpieser
2234,15492339,せいき,2026-03-29 13:58:56,0.08,2,gzyztc
2235,15517835,pexoML,2026-04-04 09:11:34,0.08,3,pexoml
2236,15836656,Sutee,2026-05-10 08:28:46,0.08,2,lszlst
2237,15985981,YUXIANG0853,2026-05-26 13:27:20,0.08,3,yuxiang0853
2238,16102239,Abhay Gupta,2026-05-28 18:59:18,0.08,1,abhaygupta404
2239,15487749,fnhirwa,2026-06-04 11:30:45,0.08,3,fnhirwa
2240,16157279,Ahmed Sobeih,2026-06-05 02:19:29,0.08,2,ahmedsobeih
2241,16297653,satyamsingh5512,2026-06-15 06:23:52,0.08,4,satyamsingh5512
2242,15841376,Afro AI,2026-06-16 07:22:33,0.08,10,aosanya
2243,16103492,Rubens Sosa,2026-06-28 01:54:27,0.08,4,rubenssosa
2244,16428391,GoodRelax,2026-06-30 12:59:08,0.08,3,goodrelax
2245,15940100,JINGBO SHI,2026-06-30 05:20:47,0.08,1,sherlockucb
2246,16077130,Ghbmaster,2026-07-21 13:13:33,0.08,3,ghbmaster
2247,15549210,Sardor Razikov,2026-08-27 10:26:10,0.08,11,sardorrazikov
2248,16500691,Vyomakesh Dundigalla,2026-07-24 17:41:49,0.08,3,vyomakeshdundigalla
2249,16634065,kuangfeng,2026-08-02 01:08:13,0.08,2,kuangfeng
2250,16693920,Muheng,2026-08-16 09:06:24,0.08,2,muheng
2251,16722258,Nilutpal Pathak,2026-08-14 18:21:15,0.08,1,neel21yt
2252,16753475,Huiyun Hu,2026-08-21 16:54:50,0.08,1,huiyunhu
2253,16763880,KUKURI Project,2026-08-26 20:09:15,0.08,2,shotaazuma
2254,16773384,sxxazt,2026-08-26 06:53:02,0.08,1,zhitian
2255,16777692,Ricky #3,2026-08-29 04:45:45,0.08,3,suprasm
2256,16748595,Violet Notes,2026-08-30 08:14:51,0.08,2,dominicjamil
2257,16792237,Shobhit Upadhyaya,2026-08-30 09:39:31,0.08,1,shobhitupadhyaya
2258,16516843,Aditya Singh Kshatriya,2026-08-24 12:29:02,0.08,1,adityasinghkshatriya
2259,16268658,kiritohhhhh,2026-06-19 08:58:55,0.08,1,txdyhs
2260,16555623,Kent Takamatsu,2026-07-21 01:15:21,0.08,2,kenttakamatsu
2261,16269142,YYF,2026-08-26 14:06:24,0.08,1,yzyuan142857
2262,15487928,YERMES AMINE,2026-03-26 21:26:15,0.08,2,yermes
2263,16664821,Rishi_Lokesh07,2026-08-23 15:33:26,0.08,1,rishilokesh07
2264,15716261,John Taylor (AI),2026-08-19 20:00:40,0.08,24,johntaylorai
2265,16716052,yosi,2026-08-13 07:19:28,0.08,1,yositw3824
2266,16093040,Qianhao Yao,2026-06-13 11:55:44,0.08,2,yaoqianhao
2267,16086045,Praxis tools,2026-06-10 20:24:40,0.08,1,praxistools
2268,16607916,orangger,2026-07-28 07:18:41,0.08,1,orangger
2269,16714597,Cole Godfrey1,2026-08-13 02:05:25,0.08,1,colegodfrey1
2270,16582867,Lazyman,2026-08-10 02:45:00,0.08,1,lazyman
2271,16530791,Kyles Light,2026-07-11 05:11:23,0.08,1,kyleslight
2272,16292501,Chance Pickett,2026-06-10 21:37:07,0.08,1,chancepickett
2273,15504183,Luka Popovici,2026-03-27 23:39:49,0.08,1,lukapopovici
2274,16671699,sabari nathan,2026-08-08 08:02:10,0.08,3,sabarinathan
2275,16197314,Shubham Veer,2026-06-24 05:29:12,0.07,1,shubhamveer
2276,16422666,Sapiens Livre,2026-06-27 03:17:12,0.07,4,sapienslivre
2277,15930504,addi,2026-05-13 08:16:38,0.07,1,addi11
2278,15708044,[Deleted] a886bc33-8817-4775-a243-50321ef72a07,2026-04-26 19:52:12,0.07,2,del=b331b9c946b1b426
2279,15879401,LucyHe2,2026-05-06 22:27:42,0.07,1,lucyhe2
2280,16144803,MSG_Encrypted,2026-06-07 21:36:48,0.07,3,msghais
2281,16728570,Mimo,2026-08-17 09:40:02,0.07,2,architranjan29
2282,15551669,Mark Coffey,2026-06-15 05:15:14,0.07,1,sasquilly
2283,15528577,kagglewangtang,2026-06-15 06:01:06,0.07,2,kagglewangtang
2284,15501158,Arunkumar dsci,2026-04-15 09:43:16,0.07,2,arunkumardsci
2285,16564803,dongfangdaguo,2026-08-09 08:30:14,0.07,2,dongfangdaguo
2286,15996416,Trung Nghia,2026-08-10 15:19:19,0.07,1,trungnghia
2287,15566888,Arpit Singh Gautam,2026-04-08 21:45:42,0.07,1,arpitsinghgautam
2288,15833254,Poseidon,2026-05-07 23:14:06,0.07,3,posiedon
2289,16554964,clouds111,2026-07-29 07:27:27,0.07,1,clouds111
2290,16016320,Dengyi Liu,2026-05-20 03:20:47,0.07,1,dengyiliu
2291,15494712,Hasnaa Bennis,2026-04-24 15:50:33,0.07,2,hasnaabennis
2292,15655993,LarissaWF,2026-04-22 19:09:34,0.07,1,larissawf
2293,15496361,CheeseMaster,2026-03-26 16:55:43,0.07,1,timissosmart
2294,15889979,devomage,2026-06-19 01:36:51,0.07,8,devomage
2295,16562789,Preet,2026-07-25 18:14:19,0.07,1,hpkaur34
2296,16604162,LC-Swordsmen,2026-08-04 13:42:27,0.07,5,"jackylegends,ztcstudy"
2297,15505169,Deptrais1VN,2026-04-02 09:20:43,0.07,3,shiinehata
2298,16284941,Paul Piper,2026-06-11 11:33:29,0.07,1,paulmpiper
2299,16685812,Abasu,2026-08-10 00:46:23,0.07,2,abasu644
2300,16434341,Al Kibriar Hossain,2026-06-25 17:07:49,0.07,1,iamkhs
2301,16383087,Super Humanoid,2026-06-29 02:59:15,0.07,2,superhumanoid
2302,16143078,petkovacs,2026-06-01 13:10:14,0.07,1,petkovacs
2303,16483350,koyama_ryuji,2026-07-03 21:29:17,0.07,1,koyamaryuji
2304,15660025,arodmor,2026-07-13 18:04:10,0.07,1,arodmor
2305,16578050,ashsah,2026-07-21 02:06:59,0.07,1,ashsah
2306,16294943,Ömer Berkay Sarıgül,2026-06-11 01:52:00,0.07,1,omerberkaysarigul
2307,16772167,Kolenkovskin,2026-08-31 00:07:29,0.07,2,kolenkovskin
2308,16729910,Christoffer Thimsen,2026-08-17 06:34:57,0.07,2,lowasitgoes
2309,16208382,weiyi,2026-06-05 01:03:19,0.07,2,txdywy
2310,16610154,Wodo888,2026-08-17 06:05:00,0.07,14,wodo888
2311,16278020,flyingfox,2026-06-27 14:45:47,0.07,1,harrysun2006
2312,16585180,Yuchen Liu,2026-07-25 08:28:46,0.07,2,lyc070510
2313,16593632,Neko Core,2026-07-24 12:24:41,0.06,1,holilihu
2314,16722023,Kevoh Mutwiri,2026-08-18 07:50:44,0.06,3,kevohmutwiri
2315,15542847,code4me2,2026-04-13 21:05:53,0.06,1,code4me2
2316,16724783,KANCHETi Devieswar,2026-08-20 00:00:47,0.06,2,kanchetidevieswar
2317,15984317,Zeref12344321,2026-05-20 19:04:39,0.06,6,zeref12344321
2318,16693067,Chandra Yakkali,2026-08-19 11:28:57,0.06,2,chandrayakkali
2319,16021260,Kushagra Bhushan,2026-05-19 11:27:26,0.06,1,kushagrabhushan
2320,16574597,c.e hsiao ,2026-07-21 07:44:40,0.06,1,cehsiao
2321,16779709,moyunyun ,2026-08-27 12:22:31,0.06,1,moyunyun
2322,16671409,Thiago Farya,2026-08-10 12:05:18,0.06,2,thiagofarya
2323,16157264,raywu918python,2026-06-04 01:33:14,0.06,3,raywu918python
2324,15951910,Jim Jardine,2026-07-23 00:22:58,0.06,1,jimjardine
2325,16662968,Rangga Figo Hidayat,2026-08-05 07:06:51,0.06,1,aproditzecaspersky
2326,16754460,U Can't Touch This,2026-08-31 06:45:30,0.06,8,robenten
2327,15515989,jessie riggle,2026-07-04 22:44:16,0.06,2,lashagogilidze
2328,15501055,Omar Isbaitan,2026-05-01 14:47:31,0.06,2,omarisbaitan
2329,16735574,George_S_Thomas,2026-08-21 05:14:54,0.06,2,georgesthomas
2330,16599680,Michal Swietek,2026-07-25 20:38:52,0.06,1,michalswietek
2331,16744753,yashmathur777,2026-08-24 12:48:59,0.06,3,yashmathur777
2332,15661391,Anna Barbato,2026-05-20 01:05:04,0.06,3,annabarbato
2333,15812600,HomieDaddy,2026-07-02 10:41:32,0.06,8,homiedaddy
2334,15545278,Tra Crew,2026-04-03 08:18:43,0.06,1,tracrew
2335,15546133,roc,2026-04-05 19:01:22,0.06,1,roebius
2336,15493616,STARGA,2026-06-30 12:35:44,0.06,1,cputer
2337,15883359,adhithyan u,2026-05-20 15:52:42,0.06,1,adhithyanu03
2338,16536319,Jiantao Zhao,2026-07-17 13:44:15,0.06,2,gordan123
2339,16595314, simplicity,2026-07-27 21:01:23,0.06,3,simplicity
2340,16677330,fistyee,2026-08-15 04:15:55,0.06,1,fistyee
2341,16640841,tang yangzhou,2026-08-04 01:09:46,0.06,2,tangyangzhou
2342,15702712,Opoch,2026-04-25 12:31:40,0.06,1,dvcoolster
2343,15899313,elmwood,2026-06-25 02:35:19,0.06,2,mmarsh5528
2344,15538912,jmorales,2026-06-11 03:46:41,0.06,8,javiermoralesestevez
2345,16552856,Warren Faassen,2026-07-20 14:13:37,0.06,5,warrenfaassen
2346,15513259,Nicolae Pascal,2026-07-30 07:59:20,0.06,4,nicolaepascal78
2347,16716143,Ianwah,2026-08-14 01:07:59,0.06,1,ianwah
2348,16698216,Josh Philbrick,2026-08-31 00:01:17,0.06,10,joshphilbrick
2349,15491261,Hiyato,2026-03-27 01:21:32,0.06,2,hiyato
2350,15503157,Shreas Labib,2026-03-28 23:20:01,0.06,2,shreaslabib
2351,15487036,JeffFosterUK,2026-03-28 18:50:19,0.06,1,jefffosteruk
2352,15516534,OneUpKiwi,2026-04-02 07:35:33,0.06,3,oneupkiwi
2353,15745740,gyindeu,2026-04-30 16:57:39,0.06,2,gyindeu
2354,15663369,Nobel16,2026-05-20 04:07:34,0.06,1,nobel16
2355,15629748,Felix,2026-05-28 05:51:58,0.06,1,accidentalbrain
2356,16233392,Ruirong Feng,2026-07-07 20:14:22,0.06,5,ruirongfeng
2357,15530697,sasaki,2026-07-13 11:41:44,0.06,2,rsasaki
2358,16678230,Holsoul,2026-08-07 05:27:47,0.06,1,holsoul
2359,16032816,David Hartmann,2026-08-21 23:58:45,0.06,23,"dvhrtm,sbrodehl"
2360,16748123,Cynthia Omovoiye,2026-08-22 11:25:13,0.06,2,cynthiaomovoiye
2361,16759321,Naichh,2026-08-22 18:35:01,0.06,1,naichh
2362,16765994,Jeen Palolikkal Narayanan,2026-08-27 04:34:56,0.06,3,pnjeen
2363,16532484,Alex Sehdeva,2026-08-31 01:14:23,0.06,44,alexsehdeva
2364,16742320,Garg Technical,2026-08-19 10:09:18,0.06,1,gargtechnical
2365,16400723,Vighnesh Deshpande,2026-06-20 08:55:24,0.06,1,deltaproxima
2366,16037188,Aastik Rajan15,2026-05-22 22:41:10,0.06,2,aastikrajan15
2367,16794799,Jaeha Lee,2026-08-31 04:00:42,0.06,1,jaeha0526
2368,16041599,AhmedberaT Ozer,2026-05-21 19:02:53,0.06,1,ahmedberatozer
2369,16538233,dozcat,2026-07-19 05:53:15,0.06,4,dozcat
2370,16698305,Takuma Kojima,2026-08-10 07:23:25,0.06,1,takumakojima
2371,16759142,y.y.y.1024,2026-08-23 12:55:00,0.06,1,yyy1024
2372,16781474,Alvaro Geppetto,2026-08-27 23:37:58,0.06,1,alvarogeppetto
2373,16691339,zhongtian,2026-08-08 14:15:12,0.06,1,kmtbang
0,15485223,Just Explore,2026-03-25 00:34:54,0.06,1,
2374,16690521,Aditya #2,2026-08-09 02:17:10,0.05,1,a0x1ab
2375,15652099,Mohaned Najar,2026-05-07 08:28:32,0.05,6,mohanednajar
2376,15822703,Cheesecake,2026-07-07 02:39:46,0.05,5,chelseaaurel
2377,16675756,enes1359,2026-08-06 16:19:25,0.05,1,enzeceb
2378,15494467,Blade Runner,2026-03-27 08:18:32,0.05,1,lonesomefish
2379,16301451,Sarfaraz Ahamed,2026-06-13 13:17:40,0.05,1,sarfarazahamed
2380,15493007,Imaad Fazal,2026-06-29 07:43:07,0.05,1,imaadfazal
2381,15748139,Hunter,2026-05-06 10:34:49,0.05,5,satishhanchinal
2382,16368288,Atom McCree,2026-06-22 12:41:45,0.05,2,atommccree
2383,16783542,sectoreffector,2026-08-28 08:10:44,0.05,1,sectoreffector
2384,15506544,Geby Jaff,2026-03-29 07:22:43,0.05,2,gebyjaff
2385,16693306,Hongxin Su,2026-08-09 07:54:33,0.05,1,hongxinsu
2386,16579795,tobeMob,2026-07-23 10:56:06,0.05,1,tobemob
2387,16536163,Team GI,2026-07-14 00:47:10,0.05,1,mortadhaali
2388,15738880,Sean McGee,2026-05-16 00:37:13,0.05,3,seanmcgee2025
2389,16115562,JackLX,2026-06-22 19:13:10,0.05,1,jacklx
2390,15718994,wzk1015,2026-04-23 13:26:45,0.05,1,wzk1015
2391,15495411,Jin Niu,2026-03-26 14:41:32,0.05,1,gufanmingmie
2392,15487848,sigmaborov,2026-03-25 21:33:18,0.05,1,sigmaborov
2393,15509754,Thomas Greissler,2026-03-29 00:22:16,0.05,1,thomasg22202020
2394,16691314,EricYang03,2026-08-09 00:03:00,0.05,2,ericyang03
2395,16377188,ddplay03,2026-06-27 09:15:59,0.05,1,ddplay03
2396,15525344,vividmind,2026-04-09 15:37:06,0.05,1,frozenorb
2397,16682521,Saber #2,2026-08-08 22:59:21,0.05,2,kagurakurage
2398,15625666,Mingeon Kim,2026-04-28 22:03:31,0.05,8,maeng31
2399,15743819,Abd-alrhman,2026-05-29 17:54:18,0.05,2,abdalrhman2212
2400,16713253,bsqaqovo,2026-08-13 01:54:25,0.05,1,bsqaqovo
2401,16448425,Dmytro Rakovskyi,2026-07-18 21:15:40,0.05,3,dmytrorakovskyi
2402,16719829,Mohammed Nomaan,2026-08-17 12:28:38,0.05,4,nomaanz
2403,15952276,David Li,2026-05-14 02:30:22,0.05,1,davidli2018
2404,15922138,Santiago D. J. V. G.,2026-06-15 20:31:37,0.05,1,seasthaalores
2405,15990682,pantrucas,2026-05-17 03:14:58,0.05,2,pantrucas
2406,16767590,Bug Bounty Hunter00,2026-08-25 05:19:30,0.05,1,bugbountyhunter00
2407,16482651,Roy Lampe,2026-07-05 21:06:21,0.05,1,roylampe
2408,16597608,Hecate-Hive-Swarm,2026-08-21 05:25:12,0.05,1,ezrakho
2409,16444597,bohemian3657,2026-06-27 22:23:44,0.04,1,bohemian3657
2410,15971997,Hem Viramgama,2026-05-14 13:45:11,0.04,1,hemviramgama
2411,15660252,Blazooka,2026-05-12 12:34:33,0.04,1,cucurbitaceum
2412,15524360,JunjieZhong,2026-04-02 08:58:27,0.04,1,zephyrchilly
2413,16255768,jakkkc,2026-06-07 05:15:05,0.04,1,jakkkc
2414,15614439,Yogesh Jadhav,2026-08-14 04:44:12,0.04,4,dynamo14324
2415,16729573,oNanachii,2026-08-16 20:20:55,0.04,1,madokaovo
2416,15565022,Sterna Lucas,2026-04-26 19:25:16,0.04,1,sternalucas
2417,16705241,Sima Yi,2026-08-20 10:01:49,0.04,4,aceplayer11
2418,16005913,Sheldon Henriques,2026-05-17 20:46:59,0.04,1,sheldonhenriques
2419,16408996,Wu You,2026-06-30 23:58:53,0.04,2,yoevergarden
2420,15504516,Francis Ndirangu,2026-06-30 00:21:22,0.04,2,frankkojee
2421,16212098,Dhirpal Shah,2026-06-04 18:40:44,0.04,1,dhirpalshah
2422,16213573,White Lee,2026-06-04 07:41:10,0.04,1,tokaiteio114514
2423,16716199,ShuShu0401,2026-08-14 05:03:42,0.04,1,shushu0401
2424,16481217,Giulio,2026-07-06 00:17:45,0.04,4,giudo85
2425,16597934,Nehemiah Balozi,2026-07-25 11:17:34,0.04,1,nehemiahbalozi
2426,16055721,spacekkk,2026-06-01 13:38:45,0.04,1,spacekkk
2427,16760440,Erik Tavares,2026-08-30 15:25:27,0.04,1,eriktavares
2428,16328524,kalisto theo willaey,2026-06-13 16:39:52,0.03,1,kalistotheowillaey
2429,16751502,Sam Reinehr,2026-08-27 20:21:33,0.03,2,"bowumines,samreinehr"
2430,16771105,Astra,2026-08-26 18:09:51,0.03,1,williamtheprince
2431,15946448,HKLucian,2026-05-13 08:38:43,0.03,1,hklucian
2432,16514055,Ollyhhhh,2026-07-10 00:23:49,0.03,1,ollyhhhh
2433,16451672,vinhdq17,2026-06-29 15:05:19,0.03,1,vinhdq17
2434,15912179,Dmitrii Gluzdov,2026-05-24 09:14:21,0.03,1,dmitriigluzdov
2435,15504738,AidenSong123,2026-03-29 01:14:19,0.03,1,aidensong123
2436,16710644,Arnav Mishra #2,2026-08-21 07:17:23,0.03,4,arnavmishra02
2437,16377136,stoneworld,2026-07-01 00:01:20,0.03,3,thestarsea
2438,15492601,Raffi Ardhi Naufal,2026-03-29 10:50:34,0.03,1,raffiardhi
2439,15505149,[Deleted] be3f9888-a2cf-43ea-8a87-65c9ec1342ea,2026-03-28 03:45:12,0.03,1,del=6caa06b6f93c8e87
2440,15508153,[Deleted] cfcf3a12-2595-4671-b4a5-b9cf2df743f6,2026-03-28 15:21:24,0.03,1,del=d08a8a2f3da206df
2441,16754652,Case Seller,2026-08-22 16:52:04,0.03,1,caseseller
2442,16410539,Toussaint,2026-06-29 14:41:56,0.03,1,captaindadja
2443,16459127,func-nano,2026-06-30 11:55:12,0.03,1,funcnano
2444,16745005,teslas,2026-08-20 00:11:18,0.03,1,teslas
2445,16581219,Shreeshail Bhatta,2026-07-28 06:51:45,0.03,1,"jasonl126,shreeshailbhatta"
2446,16678058,2hani2,2026-08-19 12:35:06,0.03,2,venisatellis
2447,15998137,AIOPSAI,2026-05-16 22:14:21,0.03,1,aiopsai
2448,15504774,[Deleted] dc0f7a78-0d32-4f41-9672-f10150e45e5f,2026-03-28 01:25:51,0.03,1,del=59b016eccf073c77
2449,15504870,[Deleted] 8d2f140f-89b5-4525-a951-ca5ff685ea9d,2026-03-28 02:21:26,0.03,1,del=b522e068b119bc0a
2450,16565686,TheGravityZero,2026-07-27 09:28:14,0.03,3,gaptulkhakov
2451,16639552,MD IBRAHIM,2026-08-31 01:28:02,0.03,21,plasmacoder210
2452,15988786,Ilakk manoharan,2026-08-30 17:51:46,0.03,69,ilakkmanoharan
2453,16219405,ultimatum_game,2026-06-08 06:22:02,0.03,1,ultimatumgame
2454,15831308,ACambridge,2026-05-02 18:21:13,0.03,1,abinavchandar
2455,16793108,Charlie ESV,2026-08-30 13:20:19,0.03,1,charlieesv
2456,15514828,llllyz,2026-04-21 12:14:38,0.03,1,llllyz
2457,16455238,[Deleted] 3a47646f-6ceb-4a06-95db-7abf478e0f41,2026-06-30 23:47:51,0.03,1,del=6bcd409465dcfd3b
2458,16312438,Biao,2026-06-14 07:58:55,0.03,1,wubiaowindy
2459,15620908,Zafer Liu,2026-04-16 00:11:29,0.03,1,zaferliu
2460,15631522,Ram Janam Yadav,2026-04-16 14:22:22,0.03,1,ramjanamyadav
2461,16716152,JHkaggle2026,2026-08-14 01:26:11,0.02,1,jhkaggle2026
2462,16594698,沼里太誠,2026-07-25 01:52:19,0.02,1,numaritaisei
2463,16021600,Baihua Xie,2026-07-09 01:56:22,0.02,1,baihuaxie1123
2464,16638824,Madhur Shyam Maurya,2026-08-18 03:07:32,0.02,1,madhurmaurya
2465,15900482,Mianhua07,2026-05-18 20:57:45,0.02,1,mianhua07
2466,16730229,Amr Khaled Elkhamisy,2026-08-17 01:55:06,0.02,1,amrkhaledelkhamisy
2467,15610959,Volkan,2026-04-13 19:27:03,0.02,1,volkan97
2468,15773495,163231040-A2-MOCH. SHULTAN ALI S,2026-04-29 02:16:21,0.02,1,mochshultanalis
2469,16638255,Kushvinth Madhavan,2026-08-01 16:33:09,0.02,1,kushvinthmadhavan
2470,16683943,Sana Ben Driss,2026-08-07 09:57:51,0.02,1,sanabdriss
2471,16396357,Maryam Tahir,2026-07-04 03:28:28,0.02,2,maryamtahir09
2472,16714119,LiuZiyang1016,2026-08-20 00:17:47,0.02,3,liuziyang1016
2473,16369711,Rounak Mukherjee,2026-07-08 06:13:13,0.02,2,zade799
2474,16308848,Longfei Xing,2026-06-18 02:15:36,0.02,6,longfeix
2475,15904549,abcd,2026-06-17 06:06:18,0.02,1,tbmoon
2476,16483802,Zen dovid,2026-07-05 22:58:28,0.02,1,zendovid
2477,16769410,its_mrz,2026-08-30 04:16:06,0.02,2,itsmrz
2478,16326499,ershan23,2026-06-13 12:52:34,0.02,1,ershan23
2479,16046511,Pencil_Boxtime,2026-06-03 12:20:39,0.02,1,pencilboxtime
2480,15836123,Nick Lade,2026-05-03 17:09:14,0.02,1,nicklade
2481,16285734,zzgtylors,2026-07-23 03:18:07,0.02,1,zzgtylors
2482,16761248,James Hu,2026-08-23 09:49:34,0.02,1,cnjameshu
2483,16453621,chiehchang711,2026-08-11 12:22:23,0.02,1,chiehchang711
2484,16725890,Shel Horta,2026-08-18 15:38:19,0.02,1,shelhorta
2485,16281458,Lucas Lorenzo Savino,2026-06-10 00:00:32,0.02,2,lucaslorenzosavino
2486,16021605,QuchengG,2026-06-01 13:08:09,0.01,4,quchengg
2487,16088164,Rohan Alex Bimal,2026-05-27 03:13:40,0.01,1,rohanalexbimal
2488,16545610,awxlong,2026-08-18 16:13:02,0.01,3,awxlong
2489,15486757,Datrin,2026-03-25 17:55:24,0.01,1,datrin
2490,16228625,bami44,2026-06-08 14:15:19,0.01,1,bami44
2491,16614253,gautik,2026-07-30 09:47:04,0.01,1,crossgg
2492,16034145,Jyzzzzzzzzzz1,2026-05-20 15:34:57,0.01,1,jyzzzzzzzzzz1
2493,15584837,🫎.🍷,2026-04-08 14:34:28,0.01,1,"aweiqih,evelynhxy"
2494,15700798,ziom,2026-06-18 21:59:15,0.01,1,ziombski
2495,16557388,china LZU,2026-07-17 04:26:31,0.01,1,chinalzu
2496,16792366,selam ya,2026-08-30 16:57:53,0.01,1,selamya
2497,16155138,VillanelleXY,2026-06-02 08:32:51,0.01,1,villanellexy
2498,16051675,Klenio Padilha,2026-06-23 07:09:50,0.01,2,kleniopadilha
2499,16672387,Li Dongyuan,2026-08-06 05:37:57,0.01,1,lidongyuan00
2500,16497933,ni zhengqi,2026-07-07 03:34:21,0.01,1,nizhengi
2501,16561355,Kenny McCormick,2026-07-18 01:54:42,0.01,1,swishy
2502,15520477,Liviu Olos,2026-04-27 03:00:18,0.01,3,liviuolos
2503,16095411,Tuf Kookie,2026-06-12 05:42:33,0.01,2,bernubritz
2504,16418847,FRéeàíbrlghtO0óL Ho,2026-08-31 02:44:06,0.01,4,frebrlghto0lho
2505,15759421,Nico Burger,2026-06-12 12:04:45,0.01,1,nicoburger
2506,15523389,rickzai,2026-04-25 00:15:47,0.01,1,rickzai
2507,15522865,mingiJ,2026-04-03 06:53:28,0.01,1,mingij03
2508,15994024,Sirmos34,2026-05-20 02:24:06,0.01,3,sirmos34
2509,15545397,RODNEY MAWERO,2026-04-03 08:42:19,0.01,1,rodneymawero
2510,15486980,kryptmancer,2026-04-13 08:48:27,0.00,2,aryankafle004
2511,16692755,Shoko,2026-08-17 19:37:32,0.00,1,abreyton
2512,16578998,zly2377,2026-08-19 17:04:53,0.00,10,zly2377
2513,15512139,Jakob Schellenberg,2026-05-07 14:11:10,0.00,5,jakobschellenberg
2514,15741495,Aritra Mazumder,2026-04-26 04:33:20,0.00,1,aritramazumder
2515,16716147,Sam Huang,2026-08-15 12:20:43,0.00,1,samhuang1974
2516,16774231,Laiba Asmatullah,2026-08-31 08:21:07,0.00,3,laibaasmatullah
2517,16407725,sidd,2026-07-31 06:27:25,0.00,3,siddanth5
2518,16716164,Eric Lin,2026-08-14 00:32:02,0.00,1,ericlin900111
2519,16716179,吳炳輝Jacky0916086,2026-08-14 01:40:36,0.00,1,jacky0916086
2520,15998011,Leonardo Domingues,2026-06-24 20:44:52,0.00,2,leonardodomingues
2521,15495117,Memento,2026-04-10 13:51:52,0.00,1,yihangchen1
2522,16740411,Tim H,2026-08-19 02:41:54,0.00,1,timhartill
2523,15625348,Shigeru Kuroyanagi,2026-04-16 08:57:16,0.00,1,shiger
2524,15495643,Arnav Salkade,2026-05-13 03:32:14,0.00,4,arnavsalkade
2525,15511379,Himanshu Singh,2026-08-24 03:07:48,0.00,1,hsx007
2526,16351525,SERG4NT,2026-06-16 08:42:54,0.00,1,serg4nt
2527,16780685,ikevayansky,2026-08-30 23:18:26,0.00,1,ikevayansky
2528,16701908,jealoussoil,2026-08-11 23:29:36,0.00,1,jealoussoil
2529,15493435,indhiran ,2026-03-27 02:12:47,0.00,1,indhiran
2530,15817082,Niloy Deb Barma,2026-07-06 16:44:34,0.00,1,niloydebbarma
2531,16327205,Wilson Mugabo,2026-06-13 16:56:39,0.00,1,wmugabo
2532,16722269,Astraeus,2026-08-21 21:04:15,0.00,2,astraeusdotdev
2533,15570326,Junki Kanamori,2026-04-07 11:56:49,0.00,1,junkikanamori
2534,15994610,Muhammad Saeed Pak,2026-06-30 19:10:36,0.00,1,muhammadsaeedpak
2535,15494495,Preechanon Chatthai,2026-03-27 09:32:43,0.00,2,saouza007
2536,16583927,Rainbow,2026-07-22 04:38:51,0.00,1,visterbai
2537,16737246,wamenya sengo tancia,2026-08-18 10:40:21,0.00,1,wamenyasengotancia
2538,16338364,Sonam Eyden,2026-06-18 14:22:41,0.00,3,sonhujkjk
2539,15492056,PRIYANSHU PRAJAPATI,2026-06-10 14:00:41,0.00,2,pentesterpriyanshu
2540,16407537,RhAE,2026-06-21 12:02:11,0.00,1,michaelroust
2541,16040804,Rayen BEN ABDALLAH 88,2026-06-03 01:37:02,0.00,1,rayenbenabdallah88
2542,15583830,Mohit,2026-08-12 05:03:42,0.00,4,mohit98765
2543,16585027,BastiitsaB,2026-07-23 18:36:08,0.00,2,bastiitsab
2544,16380944,SONAM EYDEN,2026-06-18 04:18:25,0.00,2,sonameyden
2545,15490131,DECEM,2026-03-28 00:18:54,0.00,2,zy1343930734
2546,15496145,aurascoper,2026-03-28 02:53:18,0.00,1,aurascoper
2547,15502949,Markus.JM,2026-04-11 07:29:18,0.00,5,maiernator
2548,15516003,KDZZZZZZ,2026-04-01 04:01:27,0.00,1,kdzzzzzz
2549,15551551,Shusuke Hayashi,2026-04-05 19:33:49,0.00,2,shusukehayashi
2550,15532162,umineko_kirie,2026-04-07 17:39:21,0.00,2,uminekokirie
2551,15539529,Bifurcation Lab,2026-04-05 18:50:16,0.00,1,bifurcationlab
2552,15561389,David Swift,2026-04-05 23:36:57,0.00,1,davidswift0920
2553,15525370,ric,2026-04-08 08:49:01,0.00,1,ricardomrodrguez
2554,15566103,Shashank K C,2026-04-09 20:54:38,0.00,1,shashankkc
2555,15587207,Raunav Mendiratta,2026-04-10 01:08:53,0.00,1,raunavmendiratta
2556,15587555,Alx Spiker,2026-04-10 03:23:43,0.00,1,alxspiker
2557,15603705,Akash Kumar Barnwal,2026-04-12 16:14:35,0.00,1,sumeakash
2558,15509929,Beckett Dillon,2026-04-12 19:48:02,0.00,1,beckettdillon
2559,15496262,haseeb ahmad,2026-04-18 04:52:31,0.00,1,hasib007
2560,15642540,MAGMA COT,2026-04-18 05:44:59,0.00,1,magmacot
2561,15670977,skeey,2026-04-29 07:22:11,0.00,3,skeeyyann
2562,15672042,Aisha AL Mahmoud,2026-04-27 19:12:22,0.00,1,aishaalmahmoud
2563,15734660,NOBITA_7,2026-04-28 00:13:14,0.00,1,nobita7
2564,15515403,Gainulla Yeraly [dsmlkz],2026-04-28 03:37:05,0.00,1,eralygainulla
2565,15633520,Nikodim Svetlichnyi,2026-06-13 15:27:06,0.00,2,nikodimsvetlichnyi
2566,15842949,Shin7jp,2026-05-06 13:20:46,0.00,2,shin7jp
2567,15732123,Virgile86,2026-05-06 12:35:04,0.00,2,virgile86
2568,15869490,Sushanth,2026-05-08 21:03:24,0.00,2,sushanthmoole
2569,15827410,Anurag Sati6476,2026-05-09 14:36:18,0.00,1,anuragsati6476
2570,15513830,Joep van Opdorp,2026-05-10 19:54:49,0.00,1,joepvanopdorp
2571,15943252,Fred Wieser,2026-05-13 01:25:53,0.00,1,fredwieser
2572,15904529,Quantumized,2026-05-14 02:11:33,0.00,1,quantumized
2573,15988814,Malps,2026-05-15 22:48:28,0.00,1,riccardomalps2000
2574,16027629,Xin Xiang_000,2026-05-20 04:33:43,0.00,1,xinxiang000
2575,15639490,Marta Reinhardt - RS,2026-05-21 10:14:36,0.00,2,martareinhardtrs
2576,15741523,Tim Haserjian,2026-05-22 00:00:59,0.00,1,timhaserjian
2577,15582869,Yu-Yang Chen,2026-05-24 15:23:44,0.00,3,chen195
2578,16029284,Nikoo Yu,2026-05-22 07:17:29,0.00,1,nikooyu
2579,16053363,BIGHUB,2026-05-29 07:59:44,0.00,1,bighub
2580,16129644,vortex,2026-05-31 08:06:18,0.00,1,rewveortex
2581,15943543,VAGNER DANIEL DE VARGAS,2026-05-31 22:32:30,0.00,1,vagnerdanieldevargas
2582,16213381,Clawdy Huang (Andy's AI),2026-06-06 00:15:36,0.00,3,clawdyhuang
2583,15504632,Eissam.0,2026-06-08 14:08:12,0.00,1,eissam0
2584,16265567,Philip Vonderlind,2026-06-12 09:20:10,0.00,3,philipvonderlind
2585,16213443,Elington Machoka,2026-06-12 00:59:09,0.00,3,elingtonmachoka
2586,16299391,Darshan BR,2026-06-11 11:51:48,0.00,1,darshandarshu081
2587,16316026,Nguyễn Châu Tấn Cường,2026-06-13 05:47:24,0.00,2,nguynchutncng
2588,16332258,Tanmoy Pramanik,2026-06-14 03:26:48,0.00,1,tanmoypramanik07
2589,15657537,Pranay,2026-06-19 12:18:55,0.00,2,pranay7867
2590,16363221,seowoohyeon,2026-06-25 01:11:41,0.00,6,seowoohyeon
2591,16384246,Deng xinhang,2026-06-17 19:32:40,0.00,1,dengxinhang
2592,16399913,Cyrill Püntener,2026-06-21 15:18:36,0.00,2,cyrillpntener
2593,16369505,AlexN,2026-06-20 19:18:49,0.00,1,alexandrnikitin
2594,16375707,Faizal,2026-06-21 07:29:32,0.00,1,jaycrys
2595,16405985,Dima Staroselskyi,2026-06-24 12:38:42,0.00,2,dimastaroselskyi
2596,16092092,rjbl15184,2026-06-22 14:52:56,0.00,1,rjbl15184
2597,15640926,Yasser,2026-06-30 08:09:52,0.00,9,ressuy
2598,16376654,LêNhậtTân,2026-06-26 02:30:23,0.00,1,lenhattan86
2599,15531100,annyhelenv,2026-06-29 02:20:58,0.00,2,annyhelenv
2600,16445060,nonozzz,2026-06-28 03:51:59,0.00,1,nonozzz
2601,15930799,snuth,2026-06-29 04:12:00,0.00,2,nuthsharsh
2602,16439679,Xueqing Gao,2026-06-29 07:09:00,0.00,1,xueqinggao
2603,16385154,The Stoa,2026-06-29 23:11:56,0.00,1,thestoa
2604,16455784,King424242,2026-07-01 13:11:14,0.00,2,king424242
2605,16438058,Siel,2026-06-30 11:42:20,0.00,1,aeshmadaeva
2606,16416544,tasfuuu,2026-06-30 18:12:13,0.00,1,tasfuu17
2607,15514789,ArunMMadhu,2026-07-02 00:43:59,0.00,3,arunmmadhu
2608,16435264,KognitiveEngine,2026-06-30 21:23:14,0.00,1,kaihuchen
2609,16481572,zhuo wamg,2026-07-03 11:45:20,0.00,1,zhuowamg
2610,16483995,Tuan Nguyen,2026-07-04 02:04:21,0.00,1,manhtuanbn12
2611,16401346,AmaTiTa,2026-07-05 12:16:56,0.00,2,amatita
2612,16436251, Sai Chandu Lakkimsetti,2026-07-14 05:12:21,0.00,4,saichandulakkimsetti
2613,16518072,Sibaram Moharana,2026-07-11 20:15:15,0.00,2,texti0
2614,16480798,nlinhdangiu,2026-07-11 11:31:58,0.00,1,nlinhdangghet
2615,16552129,another1231245,2026-07-15 22:58:15,0.00,1,another1231245
2616,16380303,Manju S.N,2026-07-17 14:20:06,0.00,1,manjusn
2617,16464954,Hyunwoo_Park,2026-07-19 22:24:30,0.00,1,uts3125014010829
2618,16577113,NGABO FREDDY,2026-07-20 21:03:35,0.00,1,ngabofreddy
2619,16466160,Sara Neri,2026-07-21 21:41:46,0.00,1,saraneri0113
2620,15497426,Alaina Scott,2026-07-21 22:34:21,0.00,1,tensorhusker
2621,16499382,Rohit Narain,2026-07-22 14:20:46,0.00,1,damnimportant
2622,15611557,Anstey Research Group,2026-07-25 10:56:41,0.00,2,georgeanstey
2623,16588761,Constantine Vassilev,2026-08-15 01:11:05,0.00,6,constantinevassilev
2624,15503810,Dr. Mikholae Hutchinson,2026-07-31 02:30:32,0.00,3,drmikholaehutchinson
2625,16509234,ShuhratMaks,2026-08-06 18:00:16,0.00,5,shuhratmaks
2626,16634813,Adam n,2026-08-02 01:47:50,0.00,1,chowagent
2627,16656814,Hilbate,2026-08-04 07:25:10,0.00,1,hilbate
2628,16634264,Yuvashree SD,2026-08-05 14:04:31,0.00,1,yuvashreesd
2629,16668013,FLYK67l,2026-08-08 13:04:20,0.00,2,flyk67l
2630,16667904,Francisco Cardia,2026-08-09 00:29:16,0.00,3,fcscardia
2631,16584722, Diosardo,2026-08-13 12:44:58,0.00,3,diosardo
2632,16629050,Pyouneetm,2026-08-11 18:13:28,0.00,1,pyouneetm
2633,16723589,sissoko cheick,2026-08-17 18:11:14,0.00,3,sissokocheick
2634,16739912,Arnaldo Canovas,2026-08-19 20:56:39,0.00,1,arnaldocanovas
2635,16727797,Yurii_Muktarov,2026-08-23 14:15:40,0.00,4,yuriimuktarov
2636,16744165,María,2026-08-26 11:36:58,0.00,4,maraheviafernndez
2637,16759987,Andrey Chankin,2026-08-22 19:25:37,0.00,1,bluepill
2638,15830995,Jiale Lin,2026-08-22 23:52:22,0.00,1,jili1731
2639,16769808,Mudasir Ali Pathan,2026-08-25 09:12:31,0.00,1,mudasiralipathan
2640,16610355,Rich Rodriguez,2026-08-25 20:54:18,0.00,1,richrodriguez
2641,16773216,Nguyễn Trọng Thái Sơn,2026-08-27 03:47:55,0.00,2,painnotgood
2642,16769541,Rahul vats,2026-08-26 10:18:48,0.00,1,rahulvats20
2643,15488267,A3RL,2026-08-31 01:43:23,0.00,5,cwperth
2644,16760493,SparseAI,2026-08-31 03:49:18,0.00,4,aaronflouro
2645,16750221,Kriztian Rubin,2026-08-29 05:35:21,0.00,1,kriztianrubin
2646,16451891,Ripan Biswas,2026-08-30 21:18:17,0.00,2,ripanbiswas
2647,16052676,Guilherme Zanini de Sá,2026-08-30 03:25:31,0.00,2,guilhermezaninides
2648,16794228,CODAD,2026-08-31 04:12:46,0.00,1,junkyjami
